14/11/2025 06:18:33==>No connection could be made because the target machine actively refused it. (wsfe-homo.arca.gob.ar:443)
   at System.Runtime.AsyncResult.End[TAsyncResult](IAsyncResult result)
   at System.ServiceModel.Channels.ServiceChannel.SendAsyncResult.End(SendAsyncResult result)
   at System.ServiceModel.Channels.ServiceChannel.EndCall(String action, Object[] outs, IAsyncResult result)
   at System.ServiceModel.Channels.ServiceChannelProxy.TaskCreator.<>c__DisplayClass1_0.<CreateGenericTask>b__0(IAsyncResult asyncResult)
--- End of stack trace from previous location ---
   at Applet.Nat.Api.Br.Models.DocumentExp.GetCotizacion(String vivstrMoneda, DateTime vivdtm) in C:\Users\Jaco2701\Documents\Visual Studio Projects\Nat\Nat.api\Models\BR\DocumentExp.cs:line 156
No connection could be made because the target machine actively refused it. (wsfe-homo.arca.gob.ar:443)
   at System.Net.Http.HttpConnectionPool.ConnectToTcpHostAsync(String host, Int32 port, HttpRequestMessage initialRequest, Boolean async, CancellationToken cancellationToken)
   at System.Net.Http.HttpConnectionPool.ConnectAsync(HttpRequestMessage request, Boolean async, CancellationToken cancellationToken)
   at System.Net.Http.HttpConnectionPool.CreateHttp11ConnectionAsync(HttpRequestMessage request, Boolean async, CancellationToken cancellationToken)
   at System.Net.Http.HttpConnectionPool.AddHttp11ConnectionAsync(QueueItem queueItem)
   at System.Threading.Tasks.TaskCompletionSourceWithCancellation`1.WaitWithCancellationAsync(CancellationToken cancellationToken)
   at System.Net.Http.HttpConnectionPool.SendWithVersionDetectionAndRetryAsync(HttpRequestMessage request, Boolean async, Boolean doRequestAuth, CancellationToken cancellationToken)
   at System.Net.Http.DiagnosticsHandler.SendAsyncCore(HttpRequestMessage request, Boolean async, CancellationToken cancellationToken)
   at System.Net.Http.RedirectHandler.SendAsync(HttpRequestMessage request, Boolean async, CancellationToken cancellationToken)
   at System.Net.Http.DecompressionHandler.SendAsync(HttpRequestMessage request, Boolean async, CancellationToken cancellationToken)
   at System.Net.Http.HttpClient.<SendAsync>g__Core|83_0(HttpRequestMessage request, HttpCompletionOption completionOption, CancellationTokenSource cts, Boolean disposeCts, CancellationTokenSource pendingRequestsCts, CancellationToken originalCancellationToken)
   at System.ServiceModel.Channels.HttpChannelFactory`1.HttpClientRequestChannel.HttpClientChannelAsyncRequest.SendRequestAsync(Message message, TimeoutHelper timeoutHelper)
No connection could be made because the target machine actively refused it.
   at System.Net.Sockets.Socket.AwaitableSocketAsyncEventArgs.ThrowException(SocketError error, CancellationToken cancellationToken)
   at System.Net.Sockets.Socket.AwaitableSocketAsyncEventArgs.System.Threading.Tasks.Sources.IValueTaskSource.GetResult(Int16 token)
   at System.Net.Sockets.Socket.<ConnectAsync>g__WaitForConnectWithCancellation|285_0(AwaitableSocketAsyncEventArgs saea, ValueTask connectTask, CancellationToken cancellationToken)
   at System.Net.Http.HttpConnectionPool.ConnectToTcpHostAsync(String host, Int32 port, HttpRequestMessage initialRequest, Boolean async, CancellationToken cancellationToken)
14/11/2025 06:18:33==>Cotizacion Invalida
   at Applet.Nat.Api.Br.Models.DocumentExp.GetCotizacion(String vivstrMoneda, DateTime vivdtm) in C:\Users\Jaco2701\Documents\Visual Studio Projects\Nat\Nat.api\Models\BR\DocumentExp.cs:line 175
   at Applet.Nat.Api.Controllers.MiscController.Statics() in C:\Users\Jaco2701\Documents\Visual Studio Projects\Nat\Nat.api\Controllers\MiscController.cs:line 45
14/11/2025 06:18:33==>Valor de Lista FORMAT:dtmwsmtxca no encontrado
   at Applet.Nat.Api.Static.ListHelper.GetValue(String vivcodType, String vivcodId, NatContext vioContext) in C:\Users\Jaco2701\Documents\Visual Studio Projects\Nat\Nat.api\Static\ListHelper.cs:line 26
   at Applet.Nat.Api.Models.Afip.AfipService.get_ivstrDateformat() in C:\Users\Jaco2701\Documents\Visual Studio Projects\Nat\Nat.api\Models\Afip\AfipService.cs:line 74
   at Applet.Nat.BR.DocumentMTXCA.GetCotizacion(String vivstrMoneda, DateTime vivdtm) in C:\Users\Jaco2701\Documents\Visual Studio Projects\Nat\Nat.api\Models\BR\DocumentMtxca.cs:line 540
14/11/2025 06:18:33==>Cotizacion Invalida
   at Applet.Nat.BR.DocumentMTXCA.GetCotizacion(String vivstrMoneda, DateTime vivdtm) in C:\Users\Jaco2701\Documents\Visual Studio Projects\Nat\Nat.api\Models\BR\DocumentMtxca.cs:line 566
   at Applet.Nat.Api.Controllers.MiscController.Statics() in C:\Users\Jaco2701\Documents\Visual Studio Projects\Nat\Nat.api\Controllers\MiscController.cs:line 65
14/11/2025 06:18:36==>No connection could be made because the target machine actively refused it. (wsfe-homo.arca.gob.ar:443)
   at System.Runtime.AsyncResult.End[TAsyncResult](IAsyncResult result)
   at System.ServiceModel.Channels.ServiceChannel.SendAsyncResult.End(SendAsyncResult result)
   at System.ServiceModel.Channels.ServiceChannel.EndCall(String action, Object[] outs, IAsyncResult result)
   at System.ServiceModel.Channels.ServiceChannelProxy.TaskCreator.<>c__DisplayClass1_0.<CreateGenericTask>b__0(IAsyncResult asyncResult)
--- End of stack trace from previous location ---
   at Applet.Nat.Api.Br.Models.DocumentExp.GetCotizacion(String vivstrMoneda, DateTime vivdtm) in C:\Users\Jaco2701\Documents\Visual Studio Projects\Nat\Nat.api\Models\BR\DocumentExp.cs:line 156
No connection could be made because the target machine actively refused it. (wsfe-homo.arca.gob.ar:443)
   at System.Net.Http.HttpConnectionPool.ConnectToTcpHostAsync(String host, Int32 port, HttpRequestMessage initialRequest, Boolean async, CancellationToken cancellationToken)
   at System.Net.Http.HttpConnectionPool.ConnectAsync(HttpRequestMessage request, Boolean async, CancellationToken cancellationToken)
   at System.Net.Http.HttpConnectionPool.CreateHttp11ConnectionAsync(HttpRequestMessage request, Boolean async, CancellationToken cancellationToken)
   at System.Net.Http.HttpConnectionPool.AddHttp11ConnectionAsync(QueueItem queueItem)
   at System.Threading.Tasks.TaskCompletionSourceWithCancellation`1.WaitWithCancellationAsync(CancellationToken cancellationToken)
   at System.Net.Http.HttpConnectionPool.SendWithVersionDetectionAndRetryAsync(HttpRequestMessage request, Boolean async, Boolean doRequestAuth, CancellationToken cancellationToken)
   at System.Net.Http.DiagnosticsHandler.SendAsyncCore(HttpRequestMessage request, Boolean async, CancellationToken cancellationToken)
   at System.Net.Http.RedirectHandler.SendAsync(HttpRequestMessage request, Boolean async, CancellationToken cancellationToken)
   at System.Net.Http.DecompressionHandler.SendAsync(HttpRequestMessage request, Boolean async, CancellationToken cancellationToken)
   at System.Net.Http.HttpClient.<SendAsync>g__Core|83_0(HttpRequestMessage request, HttpCompletionOption completionOption, CancellationTokenSource cts, Boolean disposeCts, CancellationTokenSource pendingRequestsCts, CancellationToken originalCancellationToken)
   at System.ServiceModel.Channels.HttpChannelFactory`1.HttpClientRequestChannel.HttpClientChannelAsyncRequest.SendRequestAsync(Message message, TimeoutHelper timeoutHelper)
No connection could be made because the target machine actively refused it.
   at System.Net.Sockets.Socket.AwaitableSocketAsyncEventArgs.ThrowException(SocketError error, CancellationToken cancellationToken)
   at System.Net.Sockets.Socket.AwaitableSocketAsyncEventArgs.System.Threading.Tasks.Sources.IValueTaskSource.GetResult(Int16 token)
   at System.Net.Sockets.Socket.<ConnectAsync>g__WaitForConnectWithCancellation|285_0(AwaitableSocketAsyncEventArgs saea, ValueTask connectTask, CancellationToken cancellationToken)
   at System.Net.Http.HttpConnectionPool.ConnectToTcpHostAsync(String host, Int32 port, HttpRequestMessage initialRequest, Boolean async, CancellationToken cancellationToken)
14/11/2025 06:18:36==>Cotizacion Invalida
   at Applet.Nat.Api.Br.Models.DocumentExp.GetCotizacion(String vivstrMoneda, DateTime vivdtm) in C:\Users\Jaco2701\Documents\Visual Studio Projects\Nat\Nat.api\Models\BR\DocumentExp.cs:line 175
   at Applet.Nat.Api.Controllers.MiscController.Statics() in C:\Users\Jaco2701\Documents\Visual Studio Projects\Nat\Nat.api\Controllers\MiscController.cs:line 45
14/11/2025 06:18:36==>Valor de Lista FORMAT:dtmwsmtxca no encontrado
   at Applet.Nat.Api.Static.ListHelper.GetValue(String vivcodType, String vivcodId, NatContext vioContext) in C:\Users\Jaco2701\Documents\Visual Studio Projects\Nat\Nat.api\Static\ListHelper.cs:line 26
   at Applet.Nat.Api.Models.Afip.AfipService.get_ivstrDateformat() in C:\Users\Jaco2701\Documents\Visual Studio Projects\Nat\Nat.api\Models\Afip\AfipService.cs:line 74
   at Applet.Nat.BR.DocumentMTXCA.GetCotizacion(String vivstrMoneda, DateTime vivdtm) in C:\Users\Jaco2701\Documents\Visual Studio Projects\Nat\Nat.api\Models\BR\DocumentMtxca.cs:line 540
14/11/2025 06:18:36==>Cotizacion Invalida
   at Applet.Nat.BR.DocumentMTXCA.GetCotizacion(String vivstrMoneda, DateTime vivdtm) in C:\Users\Jaco2701\Documents\Visual Studio Projects\Nat\Nat.api\Models\BR\DocumentMtxca.cs:line 566
   at Applet.Nat.Api.Controllers.MiscController.Statics() in C:\Users\Jaco2701\Documents\Visual Studio Projects\Nat\Nat.api\Controllers\MiscController.cs:line 65
14/11/2025 06:19:45==>No connection could be made because the target machine actively refused it. (wsfe-homo.arca.gob.ar:443)
   at System.Runtime.AsyncResult.End[TAsyncResult](IAsyncResult result)
   at System.ServiceModel.Channels.ServiceChannel.SendAsyncResult.End(SendAsyncResult result)
   at System.ServiceModel.Channels.ServiceChannel.EndCall(String action, Object[] outs, IAsyncResult result)
   at System.ServiceModel.Channels.ServiceChannelProxy.TaskCreator.<>c__DisplayClass1_0.<CreateGenericTask>b__0(IAsyncResult asyncResult)
--- End of stack trace from previous location ---
   at Applet.Nat.Api.Br.Models.DocumentExp.GetCotizacion(String vivstrMoneda, DateTime vivdtm) in C:\Users\Jaco2701\Documents\Visual Studio Projects\Nat\Nat.api\Models\BR\DocumentExp.cs:line 156
No connection could be made because the target machine actively refused it. (wsfe-homo.arca.gob.ar:443)
   at System.Net.Http.HttpConnectionPool.ConnectToTcpHostAsync(String host, Int32 port, HttpRequestMessage initialRequest, Boolean async, CancellationToken cancellationToken)
   at System.Net.Http.HttpConnectionPool.ConnectAsync(HttpRequestMessage request, Boolean async, CancellationToken cancellationToken)
   at System.Net.Http.HttpConnectionPool.CreateHttp11ConnectionAsync(HttpRequestMessage request, Boolean async, CancellationToken cancellationToken)
   at System.Net.Http.HttpConnectionPool.AddHttp11ConnectionAsync(QueueItem queueItem)
   at System.Threading.Tasks.TaskCompletionSourceWithCancellation`1.WaitWithCancellationAsync(CancellationToken cancellationToken)
   at System.Net.Http.HttpConnectionPool.SendWithVersionDetectionAndRetryAsync(HttpRequestMessage request, Boolean async, Boolean doRequestAuth, CancellationToken cancellationToken)
   at System.Net.Http.DiagnosticsHandler.SendAsyncCore(HttpRequestMessage request, Boolean async, CancellationToken cancellationToken)
   at System.Net.Http.RedirectHandler.SendAsync(HttpRequestMessage request, Boolean async, CancellationToken cancellationToken)
   at System.Net.Http.DecompressionHandler.SendAsync(HttpRequestMessage request, Boolean async, CancellationToken cancellationToken)
   at System.Net.Http.HttpClient.<SendAsync>g__Core|83_0(HttpRequestMessage request, HttpCompletionOption completionOption, CancellationTokenSource cts, Boolean disposeCts, CancellationTokenSource pendingRequestsCts, CancellationToken originalCancellationToken)
   at System.ServiceModel.Channels.HttpChannelFactory`1.HttpClientRequestChannel.HttpClientChannelAsyncRequest.SendRequestAsync(Message message, TimeoutHelper timeoutHelper)
No connection could be made because the target machine actively refused it.
   at System.Net.Sockets.Socket.AwaitableSocketAsyncEventArgs.ThrowException(SocketError error, CancellationToken cancellationToken)
   at System.Net.Sockets.Socket.AwaitableSocketAsyncEventArgs.System.Threading.Tasks.Sources.IValueTaskSource.GetResult(Int16 token)
   at System.Net.Sockets.Socket.<ConnectAsync>g__WaitForConnectWithCancellation|285_0(AwaitableSocketAsyncEventArgs saea, ValueTask connectTask, CancellationToken cancellationToken)
   at System.Net.Http.HttpConnectionPool.ConnectToTcpHostAsync(String host, Int32 port, HttpRequestMessage initialRequest, Boolean async, CancellationToken cancellationToken)
14/11/2025 06:19:45==>Cotizacion Invalida
   at Applet.Nat.Api.Br.Models.DocumentExp.GetCotizacion(String vivstrMoneda, DateTime vivdtm) in C:\Users\Jaco2701\Documents\Visual Studio Projects\Nat\Nat.api\Models\BR\DocumentExp.cs:line 175
   at Applet.Nat.Api.Controllers.MiscController.Statics() in C:\Users\Jaco2701\Documents\Visual Studio Projects\Nat\Nat.api\Controllers\MiscController.cs:line 45
14/11/2025 06:19:46==>Valor de Lista FORMAT:dtmwsmtxca no encontrado
   at Applet.Nat.Api.Static.ListHelper.GetValue(String vivcodType, String vivcodId, NatContext vioContext) in C:\Users\Jaco2701\Documents\Visual Studio Projects\Nat\Nat.api\Static\ListHelper.cs:line 26
   at Applet.Nat.Api.Models.Afip.AfipService.get_ivstrDateformat() in C:\Users\Jaco2701\Documents\Visual Studio Projects\Nat\Nat.api\Models\Afip\AfipService.cs:line 74
   at Applet.Nat.BR.DocumentMTXCA.GetCotizacion(String vivstrMoneda, DateTime vivdtm) in C:\Users\Jaco2701\Documents\Visual Studio Projects\Nat\Nat.api\Models\BR\DocumentMtxca.cs:line 540
14/11/2025 06:19:46==>Cotizacion Invalida
   at Applet.Nat.BR.DocumentMTXCA.GetCotizacion(String vivstrMoneda, DateTime vivdtm) in C:\Users\Jaco2701\Documents\Visual Studio Projects\Nat\Nat.api\Models\BR\DocumentMtxca.cs:line 566
   at Applet.Nat.Api.Controllers.MiscController.Statics() in C:\Users\Jaco2701\Documents\Visual Studio Projects\Nat\Nat.api\Controllers\MiscController.cs:line 65
14/11/2025 06:19:48==>No connection could be made because the target machine actively refused it. (wsfe-homo.arca.gob.ar:443)
   at System.Runtime.AsyncResult.End[TAsyncResult](IAsyncResult result)
   at System.ServiceModel.Channels.ServiceChannel.SendAsyncResult.End(SendAsyncResult result)
   at System.ServiceModel.Channels.ServiceChannel.EndCall(String action, Object[] outs, IAsyncResult result)
   at System.ServiceModel.Channels.ServiceChannelProxy.TaskCreator.<>c__DisplayClass1_0.<CreateGenericTask>b__0(IAsyncResult asyncResult)
--- End of stack trace from previous location ---
   at Applet.Nat.Api.Br.Models.DocumentExp.GetCotizacion(String vivstrMoneda, DateTime vivdtm) in C:\Users\Jaco2701\Documents\Visual Studio Projects\Nat\Nat.api\Models\BR\DocumentExp.cs:line 156
No connection could be made because the target machine actively refused it. (wsfe-homo.arca.gob.ar:443)
   at System.Net.Http.HttpConnectionPool.ConnectToTcpHostAsync(String host, Int32 port, HttpRequestMessage initialRequest, Boolean async, CancellationToken cancellationToken)
   at System.Net.Http.HttpConnectionPool.ConnectAsync(HttpRequestMessage request, Boolean async, CancellationToken cancellationToken)
   at System.Net.Http.HttpConnectionPool.CreateHttp11ConnectionAsync(HttpRequestMessage request, Boolean async, CancellationToken cancellationToken)
   at System.Net.Http.HttpConnectionPool.AddHttp11ConnectionAsync(QueueItem queueItem)
   at System.Threading.Tasks.TaskCompletionSourceWithCancellation`1.WaitWithCancellationAsync(CancellationToken cancellationToken)
   at System.Net.Http.HttpConnectionPool.SendWithVersionDetectionAndRetryAsync(HttpRequestMessage request, Boolean async, Boolean doRequestAuth, CancellationToken cancellationToken)
   at System.Net.Http.DiagnosticsHandler.SendAsyncCore(HttpRequestMessage request, Boolean async, CancellationToken cancellationToken)
   at System.Net.Http.RedirectHandler.SendAsync(HttpRequestMessage request, Boolean async, CancellationToken cancellationToken)
   at System.Net.Http.DecompressionHandler.SendAsync(HttpRequestMessage request, Boolean async, CancellationToken cancellationToken)
   at System.Net.Http.HttpClient.<SendAsync>g__Core|83_0(HttpRequestMessage request, HttpCompletionOption completionOption, CancellationTokenSource cts, Boolean disposeCts, CancellationTokenSource pendingRequestsCts, CancellationToken originalCancellationToken)
   at System.ServiceModel.Channels.HttpChannelFactory`1.HttpClientRequestChannel.HttpClientChannelAsyncRequest.SendRequestAsync(Message message, TimeoutHelper timeoutHelper)
No connection could be made because the target machine actively refused it.
   at System.Net.Sockets.Socket.AwaitableSocketAsyncEventArgs.ThrowException(SocketError error, CancellationToken cancellationToken)
   at System.Net.Sockets.Socket.AwaitableSocketAsyncEventArgs.System.Threading.Tasks.Sources.IValueTaskSource.GetResult(Int16 token)
   at System.Net.Sockets.Socket.<ConnectAsync>g__WaitForConnectWithCancellation|285_0(AwaitableSocketAsyncEventArgs saea, ValueTask connectTask, CancellationToken cancellationToken)
   at System.Net.Http.HttpConnectionPool.ConnectToTcpHostAsync(String host, Int32 port, HttpRequestMessage initialRequest, Boolean async, CancellationToken cancellationToken)
14/11/2025 06:19:48==>Cotizacion Invalida
   at Applet.Nat.Api.Br.Models.DocumentExp.GetCotizacion(String vivstrMoneda, DateTime vivdtm) in C:\Users\Jaco2701\Documents\Visual Studio Projects\Nat\Nat.api\Models\BR\DocumentExp.cs:line 175
   at Applet.Nat.Api.Controllers.MiscController.Statics() in C:\Users\Jaco2701\Documents\Visual Studio Projects\Nat\Nat.api\Controllers\MiscController.cs:line 45
14/11/2025 06:19:48==>Valor de Lista FORMAT:dtmwsmtxca no encontrado
   at Applet.Nat.Api.Static.ListHelper.GetValue(String vivcodType, String vivcodId, NatContext vioContext) in C:\Users\Jaco2701\Documents\Visual Studio Projects\Nat\Nat.api\Static\ListHelper.cs:line 26
   at Applet.Nat.Api.Models.Afip.AfipService.get_ivstrDateformat() in C:\Users\Jaco2701\Documents\Visual Studio Projects\Nat\Nat.api\Models\Afip\AfipService.cs:line 74
   at Applet.Nat.BR.DocumentMTXCA.GetCotizacion(String vivstrMoneda, DateTime vivdtm) in C:\Users\Jaco2701\Documents\Visual Studio Projects\Nat\Nat.api\Models\BR\DocumentMtxca.cs:line 540
14/11/2025 06:19:48==>Cotizacion Invalida
   at Applet.Nat.BR.DocumentMTXCA.GetCotizacion(String vivstrMoneda, DateTime vivdtm) in C:\Users\Jaco2701\Documents\Visual Studio Projects\Nat\Nat.api\Models\BR\DocumentMtxca.cs:line 566
   at Applet.Nat.Api.Controllers.MiscController.Statics() in C:\Users\Jaco2701\Documents\Visual Studio Projects\Nat\Nat.api\Controllers\MiscController.cs:line 65
14/11/2025 06:20:43==>No connection could be made because the target machine actively refused it. (wsfe-homo.arca.gob.ar:443)
   at System.Runtime.AsyncResult.End[TAsyncResult](IAsyncResult result)
   at System.ServiceModel.Channels.ServiceChannel.SendAsyncResult.End(SendAsyncResult result)
   at System.ServiceModel.Channels.ServiceChannel.EndCall(String action, Object[] outs, IAsyncResult result)
   at System.ServiceModel.Channels.ServiceChannelProxy.TaskCreator.<>c__DisplayClass1_0.<CreateGenericTask>b__0(IAsyncResult asyncResult)
--- End of stack trace from previous location ---
   at Applet.Nat.Api.Br.Models.DocumentExp.GetCotizacion(String vivstrMoneda, DateTime vivdtm) in C:\Users\Jaco2701\Documents\Visual Studio Projects\Nat\Nat.api\Models\BR\DocumentExp.cs:line 156
No connection could be made because the target machine actively refused it. (wsfe-homo.arca.gob.ar:443)
   at System.Net.Http.HttpConnectionPool.ConnectToTcpHostAsync(String host, Int32 port, HttpRequestMessage initialRequest, Boolean async, CancellationToken cancellationToken)
   at System.Net.Http.HttpConnectionPool.ConnectAsync(HttpRequestMessage request, Boolean async, CancellationToken cancellationToken)
   at System.Net.Http.HttpConnectionPool.CreateHttp11ConnectionAsync(HttpRequestMessage request, Boolean async, CancellationToken cancellationToken)
   at System.Net.Http.HttpConnectionPool.AddHttp11ConnectionAsync(QueueItem queueItem)
   at System.Threading.Tasks.TaskCompletionSourceWithCancellation`1.WaitWithCancellationAsync(CancellationToken cancellationToken)
   at System.Net.Http.HttpConnectionPool.SendWithVersionDetectionAndRetryAsync(HttpRequestMessage request, Boolean async, Boolean doRequestAuth, CancellationToken cancellationToken)
   at System.Net.Http.DiagnosticsHandler.SendAsyncCore(HttpRequestMessage request, Boolean async, CancellationToken cancellationToken)
   at System.Net.Http.RedirectHandler.SendAsync(HttpRequestMessage request, Boolean async, CancellationToken cancellationToken)
   at System.Net.Http.DecompressionHandler.SendAsync(HttpRequestMessage request, Boolean async, CancellationToken cancellationToken)
   at System.Net.Http.HttpClient.<SendAsync>g__Core|83_0(HttpRequestMessage request, HttpCompletionOption completionOption, CancellationTokenSource cts, Boolean disposeCts, CancellationTokenSource pendingRequestsCts, CancellationToken originalCancellationToken)
   at System.ServiceModel.Channels.HttpChannelFactory`1.HttpClientRequestChannel.HttpClientChannelAsyncRequest.SendRequestAsync(Message message, TimeoutHelper timeoutHelper)
No connection could be made because the target machine actively refused it.
   at System.Net.Sockets.Socket.AwaitableSocketAsyncEventArgs.ThrowException(SocketError error, CancellationToken cancellationToken)
   at System.Net.Sockets.Socket.AwaitableSocketAsyncEventArgs.System.Threading.Tasks.Sources.IValueTaskSource.GetResult(Int16 token)
   at System.Net.Sockets.Socket.<ConnectAsync>g__WaitForConnectWithCancellation|285_0(AwaitableSocketAsyncEventArgs saea, ValueTask connectTask, CancellationToken cancellationToken)
   at System.Net.Http.HttpConnectionPool.ConnectToTcpHostAsync(String host, Int32 port, HttpRequestMessage initialRequest, Boolean async, CancellationToken cancellationToken)
14/11/2025 06:20:43==>Cotizacion Invalida
   at Applet.Nat.Api.Br.Models.DocumentExp.GetCotizacion(String vivstrMoneda, DateTime vivdtm) in C:\Users\Jaco2701\Documents\Visual Studio Projects\Nat\Nat.api\Models\BR\DocumentExp.cs:line 175
   at Applet.Nat.Api.Controllers.MiscController.Statics() in C:\Users\Jaco2701\Documents\Visual Studio Projects\Nat\Nat.api\Controllers\MiscController.cs:line 45
14/11/2025 06:20:43==>Valor de Lista FORMAT:dtmwsmtxca no encontrado
   at Applet.Nat.Api.Static.ListHelper.GetValue(String vivcodType, String vivcodId, NatContext vioContext) in C:\Users\Jaco2701\Documents\Visual Studio Projects\Nat\Nat.api\Static\ListHelper.cs:line 26
   at Applet.Nat.Api.Models.Afip.AfipService.get_ivstrDateformat() in C:\Users\Jaco2701\Documents\Visual Studio Projects\Nat\Nat.api\Models\Afip\AfipService.cs:line 74
   at Applet.Nat.BR.DocumentMTXCA.GetCotizacion(String vivstrMoneda, DateTime vivdtm) in C:\Users\Jaco2701\Documents\Visual Studio Projects\Nat\Nat.api\Models\BR\DocumentMtxca.cs:line 540
14/11/2025 06:20:43==>Cotizacion Invalida
   at Applet.Nat.BR.DocumentMTXCA.GetCotizacion(String vivstrMoneda, DateTime vivdtm) in C:\Users\Jaco2701\Documents\Visual Studio Projects\Nat\Nat.api\Models\BR\DocumentMtxca.cs:line 566
   at Applet.Nat.Api.Controllers.MiscController.Statics() in C:\Users\Jaco2701\Documents\Visual Studio Projects\Nat\Nat.api\Controllers\MiscController.cs:line 65
14/11/2025 06:20:45==>No connection could be made because the target machine actively refused it. (wsfe-homo.arca.gob.ar:443)
   at System.Runtime.AsyncResult.End[TAsyncResult](IAsyncResult result)
   at System.ServiceModel.Channels.ServiceChannel.SendAsyncResult.End(SendAsyncResult result)
   at System.ServiceModel.Channels.ServiceChannel.EndCall(String action, Object[] outs, IAsyncResult result)
   at System.ServiceModel.Channels.ServiceChannelProxy.TaskCreator.<>c__DisplayClass1_0.<CreateGenericTask>b__0(IAsyncResult asyncResult)
--- End of stack trace from previous location ---
   at Applet.Nat.Api.Br.Models.DocumentExp.GetCotizacion(String vivstrMoneda, DateTime vivdtm) in C:\Users\Jaco2701\Documents\Visual Studio Projects\Nat\Nat.api\Models\BR\DocumentExp.cs:line 156
No connection could be made because the target machine actively refused it. (wsfe-homo.arca.gob.ar:443)
   at System.Net.Http.HttpConnectionPool.ConnectToTcpHostAsync(String host, Int32 port, HttpRequestMessage initialRequest, Boolean async, CancellationToken cancellationToken)
   at System.Net.Http.HttpConnectionPool.ConnectAsync(HttpRequestMessage request, Boolean async, CancellationToken cancellationToken)
   at System.Net.Http.HttpConnectionPool.CreateHttp11ConnectionAsync(HttpRequestMessage request, Boolean async, CancellationToken cancellationToken)
   at System.Net.Http.HttpConnectionPool.AddHttp11ConnectionAsync(QueueItem queueItem)
   at System.Threading.Tasks.TaskCompletionSourceWithCancellation`1.WaitWithCancellationAsync(CancellationToken cancellationToken)
   at System.Net.Http.HttpConnectionPool.SendWithVersionDetectionAndRetryAsync(HttpRequestMessage request, Boolean async, Boolean doRequestAuth, CancellationToken cancellationToken)
   at System.Net.Http.DiagnosticsHandler.SendAsyncCore(HttpRequestMessage request, Boolean async, CancellationToken cancellationToken)
   at System.Net.Http.RedirectHandler.SendAsync(HttpRequestMessage request, Boolean async, CancellationToken cancellationToken)
   at System.Net.Http.DecompressionHandler.SendAsync(HttpRequestMessage request, Boolean async, CancellationToken cancellationToken)
   at System.Net.Http.HttpClient.<SendAsync>g__Core|83_0(HttpRequestMessage request, HttpCompletionOption completionOption, CancellationTokenSource cts, Boolean disposeCts, CancellationTokenSource pendingRequestsCts, CancellationToken originalCancellationToken)
   at System.ServiceModel.Channels.HttpChannelFactory`1.HttpClientRequestChannel.HttpClientChannelAsyncRequest.SendRequestAsync(Message message, TimeoutHelper timeoutHelper)
No connection could be made because the target machine actively refused it.
   at System.Net.Sockets.Socket.AwaitableSocketAsyncEventArgs.ThrowException(SocketError error, CancellationToken cancellationToken)
   at System.Net.Sockets.Socket.AwaitableSocketAsyncEventArgs.System.Threading.Tasks.Sources.IValueTaskSource.GetResult(Int16 token)
   at System.Net.Sockets.Socket.<ConnectAsync>g__WaitForConnectWithCancellation|285_0(AwaitableSocketAsyncEventArgs saea, ValueTask connectTask, CancellationToken cancellationToken)
   at System.Net.Http.HttpConnectionPool.ConnectToTcpHostAsync(String host, Int32 port, HttpRequestMessage initialRequest, Boolean async, CancellationToken cancellationToken)
14/11/2025 06:20:45==>Cotizacion Invalida
   at Applet.Nat.Api.Br.Models.DocumentExp.GetCotizacion(String vivstrMoneda, DateTime vivdtm) in C:\Users\Jaco2701\Documents\Visual Studio Projects\Nat\Nat.api\Models\BR\DocumentExp.cs:line 175
   at Applet.Nat.Api.Controllers.MiscController.Statics() in C:\Users\Jaco2701\Documents\Visual Studio Projects\Nat\Nat.api\Controllers\MiscController.cs:line 45
14/11/2025 06:20:46==>Valor de Lista FORMAT:dtmwsmtxca no encontrado
   at Applet.Nat.Api.Static.ListHelper.GetValue(String vivcodType, String vivcodId, NatContext vioContext) in C:\Users\Jaco2701\Documents\Visual Studio Projects\Nat\Nat.api\Static\ListHelper.cs:line 26
   at Applet.Nat.Api.Models.Afip.AfipService.get_ivstrDateformat() in C:\Users\Jaco2701\Documents\Visual Studio Projects\Nat\Nat.api\Models\Afip\AfipService.cs:line 74
   at Applet.Nat.BR.DocumentMTXCA.GetCotizacion(String vivstrMoneda, DateTime vivdtm) in C:\Users\Jaco2701\Documents\Visual Studio Projects\Nat\Nat.api\Models\BR\DocumentMtxca.cs:line 540
14/11/2025 06:20:46==>Cotizacion Invalida
   at Applet.Nat.BR.DocumentMTXCA.GetCotizacion(String vivstrMoneda, DateTime vivdtm) in C:\Users\Jaco2701\Documents\Visual Studio Projects\Nat\Nat.api\Models\BR\DocumentMtxca.cs:line 566
   at Applet.Nat.Api.Controllers.MiscController.Statics() in C:\Users\Jaco2701\Documents\Visual Studio Projects\Nat\Nat.api\Controllers\MiscController.cs:line 65
14/11/2025 06:30:56==>No connection could be made because the target machine actively refused it. (wsfe-homo.arca.gob.ar:443)
   at System.Runtime.AsyncResult.End[TAsyncResult](IAsyncResult result)
   at System.ServiceModel.Channels.ServiceChannel.SendAsyncResult.End(SendAsyncResult result)
   at System.ServiceModel.Channels.ServiceChannel.EndCall(String action, Object[] outs, IAsyncResult result)
   at System.ServiceModel.Channels.ServiceChannelProxy.TaskCreator.<>c__DisplayClass1_0.<CreateGenericTask>b__0(IAsyncResult asyncResult)
--- End of stack trace from previous location ---
   at Applet.Nat.Api.Br.Models.DocumentExp.GetCotizacion(String vivstrMoneda, DateTime vivdtm) in C:\Users\Jaco2701\Documents\Visual Studio Projects\Nat\Nat.api\Models\BR\DocumentExp.cs:line 156
No connection could be made because the target machine actively refused it. (wsfe-homo.arca.gob.ar:443)
   at System.Net.Http.HttpConnectionPool.ConnectToTcpHostAsync(String host, Int32 port, HttpRequestMessage initialRequest, Boolean async, CancellationToken cancellationToken)
   at System.Net.Http.HttpConnectionPool.ConnectAsync(HttpRequestMessage request, Boolean async, CancellationToken cancellationToken)
   at System.Net.Http.HttpConnectionPool.CreateHttp11ConnectionAsync(HttpRequestMessage request, Boolean async, CancellationToken cancellationToken)
   at System.Net.Http.HttpConnectionPool.AddHttp11ConnectionAsync(QueueItem queueItem)
   at System.Threading.Tasks.TaskCompletionSourceWithCancellation`1.WaitWithCancellationAsync(CancellationToken cancellationToken)
   at System.Net.Http.HttpConnectionPool.SendWithVersionDetectionAndRetryAsync(HttpRequestMessage request, Boolean async, Boolean doRequestAuth, CancellationToken cancellationToken)
   at System.Net.Http.DiagnosticsHandler.SendAsyncCore(HttpRequestMessage request, Boolean async, CancellationToken cancellationToken)
   at System.Net.Http.RedirectHandler.SendAsync(HttpRequestMessage request, Boolean async, CancellationToken cancellationToken)
   at System.Net.Http.DecompressionHandler.SendAsync(HttpRequestMessage request, Boolean async, CancellationToken cancellationToken)
   at System.Net.Http.HttpClient.<SendAsync>g__Core|83_0(HttpRequestMessage request, HttpCompletionOption completionOption, CancellationTokenSource cts, Boolean disposeCts, CancellationTokenSource pendingRequestsCts, CancellationToken originalCancellationToken)
   at System.ServiceModel.Channels.HttpChannelFactory`1.HttpClientRequestChannel.HttpClientChannelAsyncRequest.SendRequestAsync(Message message, TimeoutHelper timeoutHelper)
No connection could be made because the target machine actively refused it.
   at System.Net.Sockets.Socket.AwaitableSocketAsyncEventArgs.ThrowException(SocketError error, CancellationToken cancellationToken)
   at System.Net.Sockets.Socket.AwaitableSocketAsyncEventArgs.System.Threading.Tasks.Sources.IValueTaskSource.GetResult(Int16 token)
   at System.Net.Sockets.Socket.<ConnectAsync>g__WaitForConnectWithCancellation|285_0(AwaitableSocketAsyncEventArgs saea, ValueTask connectTask, CancellationToken cancellationToken)
   at System.Net.Http.HttpConnectionPool.ConnectToTcpHostAsync(String host, Int32 port, HttpRequestMessage initialRequest, Boolean async, CancellationToken cancellationToken)
14/11/2025 06:30:56==>Cotizacion Invalida
   at Applet.Nat.Api.Br.Models.DocumentExp.GetCotizacion(String vivstrMoneda, DateTime vivdtm) in C:\Users\Jaco2701\Documents\Visual Studio Projects\Nat\Nat.api\Models\BR\DocumentExp.cs:line 175
   at Applet.Nat.Api.Controllers.MiscController.Statics() in C:\Users\Jaco2701\Documents\Visual Studio Projects\Nat\Nat.api\Controllers\MiscController.cs:line 45
14/11/2025 06:30:56==>Valor de Lista FORMAT:dtmwsmtxca no encontrado
   at Applet.Nat.Api.Static.ListHelper.GetValue(String vivcodType, String vivcodId, NatContext vioContext) in C:\Users\Jaco2701\Documents\Visual Studio Projects\Nat\Nat.api\Static\ListHelper.cs:line 26
   at Applet.Nat.Api.Models.Afip.AfipService.get_ivstrDateformat() in C:\Users\Jaco2701\Documents\Visual Studio Projects\Nat\Nat.api\Models\Afip\AfipService.cs:line 74
   at Applet.Nat.BR.DocumentMTXCA.GetCotizacion(String vivstrMoneda, DateTime vivdtm) in C:\Users\Jaco2701\Documents\Visual Studio Projects\Nat\Nat.api\Models\BR\DocumentMtxca.cs:line 540
14/11/2025 06:30:56==>Cotizacion Invalida
   at Applet.Nat.BR.DocumentMTXCA.GetCotizacion(String vivstrMoneda, DateTime vivdtm) in C:\Users\Jaco2701\Documents\Visual Studio Projects\Nat\Nat.api\Models\BR\DocumentMtxca.cs:line 566
   at Applet.Nat.Api.Controllers.MiscController.Statics() in C:\Users\Jaco2701\Documents\Visual Studio Projects\Nat\Nat.api\Controllers\MiscController.cs:line 65
14/11/2025 06:37:17==>No connection could be made because the target machine actively refused it. (wsfe-homo.arca.gob.ar:443)
   at System.Runtime.AsyncResult.End[TAsyncResult](IAsyncResult result)
   at System.ServiceModel.Channels.ServiceChannel.SendAsyncResult.End(SendAsyncResult result)
   at System.ServiceModel.Channels.ServiceChannel.EndCall(String action, Object[] outs, IAsyncResult result)
   at System.ServiceModel.Channels.ServiceChannelProxy.TaskCreator.<>c__DisplayClass1_0.<CreateGenericTask>b__0(IAsyncResult asyncResult)
--- End of stack trace from previous location ---
   at Applet.Nat.Api.Br.Models.DocumentExp.GetCotizacion(String vivstrMoneda, DateTime vivdtm) in C:\Users\Jaco2701\Documents\Visual Studio Projects\Nat\Nat.api\Models\BR\DocumentExp.cs:line 156
No connection could be made because the target machine actively refused it. (wsfe-homo.arca.gob.ar:443)
   at System.Net.Http.HttpConnectionPool.ConnectToTcpHostAsync(String host, Int32 port, HttpRequestMessage initialRequest, Boolean async, CancellationToken cancellationToken)
   at System.Net.Http.HttpConnectionPool.ConnectAsync(HttpRequestMessage request, Boolean async, CancellationToken cancellationToken)
   at System.Net.Http.HttpConnectionPool.CreateHttp11ConnectionAsync(HttpRequestMessage request, Boolean async, CancellationToken cancellationToken)
   at System.Net.Http.HttpConnectionPool.AddHttp11ConnectionAsync(QueueItem queueItem)
   at System.Threading.Tasks.TaskCompletionSourceWithCancellation`1.WaitWithCancellationAsync(CancellationToken cancellationToken)
   at System.Net.Http.HttpConnectionPool.SendWithVersionDetectionAndRetryAsync(HttpRequestMessage request, Boolean async, Boolean doRequestAuth, CancellationToken cancellationToken)
   at System.Net.Http.DiagnosticsHandler.SendAsyncCore(HttpRequestMessage request, Boolean async, CancellationToken cancellationToken)
   at System.Net.Http.RedirectHandler.SendAsync(HttpRequestMessage request, Boolean async, CancellationToken cancellationToken)
   at System.Net.Http.DecompressionHandler.SendAsync(HttpRequestMessage request, Boolean async, CancellationToken cancellationToken)
   at System.Net.Http.HttpClient.<SendAsync>g__Core|83_0(HttpRequestMessage request, HttpCompletionOption completionOption, CancellationTokenSource cts, Boolean disposeCts, CancellationTokenSource pendingRequestsCts, CancellationToken originalCancellationToken)
   at System.ServiceModel.Channels.HttpChannelFactory`1.HttpClientRequestChannel.HttpClientChannelAsyncRequest.SendRequestAsync(Message message, TimeoutHelper timeoutHelper)
No connection could be made because the target machine actively refused it.
   at System.Net.Sockets.Socket.AwaitableSocketAsyncEventArgs.ThrowException(SocketError error, CancellationToken cancellationToken)
   at System.Net.Sockets.Socket.AwaitableSocketAsyncEventArgs.System.Threading.Tasks.Sources.IValueTaskSource.GetResult(Int16 token)
   at System.Net.Sockets.Socket.<ConnectAsync>g__WaitForConnectWithCancellation|285_0(AwaitableSocketAsyncEventArgs saea, ValueTask connectTask, CancellationToken cancellationToken)
   at System.Net.Http.HttpConnectionPool.ConnectToTcpHostAsync(String host, Int32 port, HttpRequestMessage initialRequest, Boolean async, CancellationToken cancellationToken)
14/11/2025 06:37:17==>Cotizacion Invalida
   at Applet.Nat.Api.Br.Models.DocumentExp.GetCotizacion(String vivstrMoneda, DateTime vivdtm) in C:\Users\Jaco2701\Documents\Visual Studio Projects\Nat\Nat.api\Models\BR\DocumentExp.cs:line 175
   at Applet.Nat.Api.Controllers.MiscController.Statics() in C:\Users\Jaco2701\Documents\Visual Studio Projects\Nat\Nat.api\Controllers\MiscController.cs:line 45
14/11/2025 06:37:18==>Valor de Lista FORMAT:dtmwsmtxca no encontrado
   at Applet.Nat.Api.Static.ListHelper.GetValue(String vivcodType, String vivcodId, NatContext vioContext) in C:\Users\Jaco2701\Documents\Visual Studio Projects\Nat\Nat.api\Static\ListHelper.cs:line 26
   at Applet.Nat.Api.Models.Afip.AfipService.get_ivstrDateformat() in C:\Users\Jaco2701\Documents\Visual Studio Projects\Nat\Nat.api\Models\Afip\AfipService.cs:line 74
   at Applet.Nat.BR.DocumentMTXCA.GetCotizacion(String vivstrMoneda, DateTime vivdtm) in C:\Users\Jaco2701\Documents\Visual Studio Projects\Nat\Nat.api\Models\BR\DocumentMtxca.cs:line 540
14/11/2025 06:37:18==>Cotizacion Invalida
   at Applet.Nat.BR.DocumentMTXCA.GetCotizacion(String vivstrMoneda, DateTime vivdtm) in C:\Users\Jaco2701\Documents\Visual Studio Projects\Nat\Nat.api\Models\BR\DocumentMtxca.cs:line 566
   at Applet.Nat.Api.Controllers.MiscController.Statics() in C:\Users\Jaco2701\Documents\Visual Studio Projects\Nat\Nat.api\Controllers\MiscController.cs:line 65
14/11/2025 06:52:28==>No connection could be made because the target machine actively refused it. (wsfe-homo.arca.gob.ar:443)
   at System.Runtime.AsyncResult.End[TAsyncResult](IAsyncResult result)
   at System.ServiceModel.Channels.ServiceChannel.SendAsyncResult.End(SendAsyncResult result)
   at System.ServiceModel.Channels.ServiceChannel.EndCall(String action, Object[] outs, IAsyncResult result)
   at System.ServiceModel.Channels.ServiceChannelProxy.TaskCreator.<>c__DisplayClass1_0.<CreateGenericTask>b__0(IAsyncResult asyncResult)
--- End of stack trace from previous location ---
   at Applet.Nat.Api.Br.Models.DocumentExp.GetCotizacion(String vivstrMoneda, DateTime vivdtm) in C:\Users\Jaco2701\Documents\Visual Studio Projects\Nat\Nat.api\Models\BR\DocumentExp.cs:line 156
No connection could be made because the target machine actively refused it. (wsfe-homo.arca.gob.ar:443)
   at System.Net.Http.HttpConnectionPool.ConnectToTcpHostAsync(String host, Int32 port, HttpRequestMessage initialRequest, Boolean async, CancellationToken cancellationToken)
   at System.Net.Http.HttpConnectionPool.ConnectAsync(HttpRequestMessage request, Boolean async, CancellationToken cancellationToken)
   at System.Net.Http.HttpConnectionPool.CreateHttp11ConnectionAsync(HttpRequestMessage request, Boolean async, CancellationToken cancellationToken)
   at System.Net.Http.HttpConnectionPool.AddHttp11ConnectionAsync(QueueItem queueItem)
   at System.Threading.Tasks.TaskCompletionSourceWithCancellation`1.WaitWithCancellationAsync(CancellationToken cancellationToken)
   at System.Net.Http.HttpConnectionPool.SendWithVersionDetectionAndRetryAsync(HttpRequestMessage request, Boolean async, Boolean doRequestAuth, CancellationToken cancellationToken)
   at System.Net.Http.DiagnosticsHandler.SendAsyncCore(HttpRequestMessage request, Boolean async, CancellationToken cancellationToken)
   at System.Net.Http.RedirectHandler.SendAsync(HttpRequestMessage request, Boolean async, CancellationToken cancellationToken)
   at System.Net.Http.DecompressionHandler.SendAsync(HttpRequestMessage request, Boolean async, CancellationToken cancellationToken)
   at System.Net.Http.HttpClient.<SendAsync>g__Core|83_0(HttpRequestMessage request, HttpCompletionOption completionOption, CancellationTokenSource cts, Boolean disposeCts, CancellationTokenSource pendingRequestsCts, CancellationToken originalCancellationToken)
   at System.ServiceModel.Channels.HttpChannelFactory`1.HttpClientRequestChannel.HttpClientChannelAsyncRequest.SendRequestAsync(Message message, TimeoutHelper timeoutHelper)
No connection could be made because the target machine actively refused it.
   at System.Net.Sockets.Socket.AwaitableSocketAsyncEventArgs.ThrowException(SocketError error, CancellationToken cancellationToken)
   at System.Net.Sockets.Socket.AwaitableSocketAsyncEventArgs.System.Threading.Tasks.Sources.IValueTaskSource.GetResult(Int16 token)
   at System.Net.Sockets.Socket.<ConnectAsync>g__WaitForConnectWithCancellation|285_0(AwaitableSocketAsyncEventArgs saea, ValueTask connectTask, CancellationToken cancellationToken)
   at System.Net.Http.HttpConnectionPool.ConnectToTcpHostAsync(String host, Int32 port, HttpRequestMessage initialRequest, Boolean async, CancellationToken cancellationToken)
14/11/2025 06:52:28==>Cotizacion Invalida
   at Applet.Nat.Api.Br.Models.DocumentExp.GetCotizacion(String vivstrMoneda, DateTime vivdtm) in C:\Users\Jaco2701\Documents\Visual Studio Projects\Nat\Nat.api\Models\BR\DocumentExp.cs:line 175
   at Applet.Nat.Api.Controllers.MiscController.Statics() in C:\Users\Jaco2701\Documents\Visual Studio Projects\Nat\Nat.api\Controllers\MiscController.cs:line 45
14/11/2025 06:52:29==>Valor de Lista FORMAT:dtmwsmtxca no encontrado
   at Applet.Nat.Api.Static.ListHelper.GetValue(String vivcodType, String vivcodId, NatContext vioContext) in C:\Users\Jaco2701\Documents\Visual Studio Projects\Nat\Nat.api\Static\ListHelper.cs:line 26
   at Applet.Nat.Api.Models.Afip.AfipService.get_ivstrDateformat() in C:\Users\Jaco2701\Documents\Visual Studio Projects\Nat\Nat.api\Models\Afip\AfipService.cs:line 74
   at Applet.Nat.BR.DocumentMTXCA.GetCotizacion(String vivstrMoneda, DateTime vivdtm) in C:\Users\Jaco2701\Documents\Visual Studio Projects\Nat\Nat.api\Models\BR\DocumentMtxca.cs:line 540
14/11/2025 06:52:29==>Cotizacion Invalida
   at Applet.Nat.BR.DocumentMTXCA.GetCotizacion(String vivstrMoneda, DateTime vivdtm) in C:\Users\Jaco2701\Documents\Visual Studio Projects\Nat\Nat.api\Models\BR\DocumentMtxca.cs:line 566
   at Applet.Nat.Api.Controllers.MiscController.Statics() in C:\Users\Jaco2701\Documents\Visual Studio Projects\Nat\Nat.api\Controllers\MiscController.cs:line 65
14/11/2025 06:52:31==>No connection could be made because the target machine actively refused it. (wsfe-homo.arca.gob.ar:443)
   at System.Runtime.AsyncResult.End[TAsyncResult](IAsyncResult result)
   at System.ServiceModel.Channels.ServiceChannel.SendAsyncResult.End(SendAsyncResult result)
   at System.ServiceModel.Channels.ServiceChannel.EndCall(String action, Object[] outs, IAsyncResult result)
   at System.ServiceModel.Channels.ServiceChannelProxy.TaskCreator.<>c__DisplayClass1_0.<CreateGenericTask>b__0(IAsyncResult asyncResult)
--- End of stack trace from previous location ---
   at Applet.Nat.Api.Br.Models.DocumentExp.GetCotizacion(String vivstrMoneda, DateTime vivdtm) in C:\Users\Jaco2701\Documents\Visual Studio Projects\Nat\Nat.api\Models\BR\DocumentExp.cs:line 156
No connection could be made because the target machine actively refused it. (wsfe-homo.arca.gob.ar:443)
   at System.Net.Http.HttpConnectionPool.ConnectToTcpHostAsync(String host, Int32 port, HttpRequestMessage initialRequest, Boolean async, CancellationToken cancellationToken)
   at System.Net.Http.HttpConnectionPool.ConnectAsync(HttpRequestMessage request, Boolean async, CancellationToken cancellationToken)
   at System.Net.Http.HttpConnectionPool.CreateHttp11ConnectionAsync(HttpRequestMessage request, Boolean async, CancellationToken cancellationToken)
   at System.Net.Http.HttpConnectionPool.AddHttp11ConnectionAsync(QueueItem queueItem)
   at System.Threading.Tasks.TaskCompletionSourceWithCancellation`1.WaitWithCancellationAsync(CancellationToken cancellationToken)
   at System.Net.Http.HttpConnectionPool.SendWithVersionDetectionAndRetryAsync(HttpRequestMessage request, Boolean async, Boolean doRequestAuth, CancellationToken cancellationToken)
   at System.Net.Http.DiagnosticsHandler.SendAsyncCore(HttpRequestMessage request, Boolean async, CancellationToken cancellationToken)
   at System.Net.Http.RedirectHandler.SendAsync(HttpRequestMessage request, Boolean async, CancellationToken cancellationToken)
   at System.Net.Http.DecompressionHandler.SendAsync(HttpRequestMessage request, Boolean async, CancellationToken cancellationToken)
   at System.Net.Http.HttpClient.<SendAsync>g__Core|83_0(HttpRequestMessage request, HttpCompletionOption completionOption, CancellationTokenSource cts, Boolean disposeCts, CancellationTokenSource pendingRequestsCts, CancellationToken originalCancellationToken)
   at System.ServiceModel.Channels.HttpChannelFactory`1.HttpClientRequestChannel.HttpClientChannelAsyncRequest.SendRequestAsync(Message message, TimeoutHelper timeoutHelper)
No connection could be made because the target machine actively refused it.
   at System.Net.Sockets.Socket.AwaitableSocketAsyncEventArgs.ThrowException(SocketError error, CancellationToken cancellationToken)
   at System.Net.Sockets.Socket.AwaitableSocketAsyncEventArgs.System.Threading.Tasks.Sources.IValueTaskSource.GetResult(Int16 token)
   at System.Net.Sockets.Socket.<ConnectAsync>g__WaitForConnectWithCancellation|285_0(AwaitableSocketAsyncEventArgs saea, ValueTask connectTask, CancellationToken cancellationToken)
   at System.Net.Http.HttpConnectionPool.ConnectToTcpHostAsync(String host, Int32 port, HttpRequestMessage initialRequest, Boolean async, CancellationToken cancellationToken)
14/11/2025 06:52:31==>Cotizacion Invalida
   at Applet.Nat.Api.Br.Models.DocumentExp.GetCotizacion(String vivstrMoneda, DateTime vivdtm) in C:\Users\Jaco2701\Documents\Visual Studio Projects\Nat\Nat.api\Models\BR\DocumentExp.cs:line 175
   at Applet.Nat.Api.Controllers.MiscController.Statics() in C:\Users\Jaco2701\Documents\Visual Studio Projects\Nat\Nat.api\Controllers\MiscController.cs:line 45
14/11/2025 06:52:31==>Valor de Lista FORMAT:dtmwsmtxca no encontrado
   at Applet.Nat.Api.Static.ListHelper.GetValue(String vivcodType, String vivcodId, NatContext vioContext) in C:\Users\Jaco2701\Documents\Visual Studio Projects\Nat\Nat.api\Static\ListHelper.cs:line 26
   at Applet.Nat.Api.Models.Afip.AfipService.get_ivstrDateformat() in C:\Users\Jaco2701\Documents\Visual Studio Projects\Nat\Nat.api\Models\Afip\AfipService.cs:line 74
   at Applet.Nat.BR.DocumentMTXCA.GetCotizacion(String vivstrMoneda, DateTime vivdtm) in C:\Users\Jaco2701\Documents\Visual Studio Projects\Nat\Nat.api\Models\BR\DocumentMtxca.cs:line 540
14/11/2025 06:52:31==>Cotizacion Invalida
   at Applet.Nat.BR.DocumentMTXCA.GetCotizacion(String vivstrMoneda, DateTime vivdtm) in C:\Users\Jaco2701\Documents\Visual Studio Projects\Nat\Nat.api\Models\BR\DocumentMtxca.cs:line 566
   at Applet.Nat.Api.Controllers.MiscController.Statics() in C:\Users\Jaco2701\Documents\Visual Studio Projects\Nat\Nat.api\Controllers\MiscController.cs:line 65
14/11/2025 06:52:33==>No connection could be made because the target machine actively refused it. (wsfe-homo.arca.gob.ar:443)
   at System.Runtime.AsyncResult.End[TAsyncResult](IAsyncResult result)
   at System.ServiceModel.Channels.ServiceChannel.SendAsyncResult.End(SendAsyncResult result)
   at System.ServiceModel.Channels.ServiceChannel.EndCall(String action, Object[] outs, IAsyncResult result)
   at System.ServiceModel.Channels.ServiceChannelProxy.TaskCreator.<>c__DisplayClass1_0.<CreateGenericTask>b__0(IAsyncResult asyncResult)
--- End of stack trace from previous location ---
   at Applet.Nat.Api.Br.Models.DocumentExp.GetCotizacion(String vivstrMoneda, DateTime vivdtm) in C:\Users\Jaco2701\Documents\Visual Studio Projects\Nat\Nat.api\Models\BR\DocumentExp.cs:line 156
No connection could be made because the target machine actively refused it. (wsfe-homo.arca.gob.ar:443)
   at System.Net.Http.HttpConnectionPool.ConnectToTcpHostAsync(String host, Int32 port, HttpRequestMessage initialRequest, Boolean async, CancellationToken cancellationToken)
   at System.Net.Http.HttpConnectionPool.ConnectAsync(HttpRequestMessage request, Boolean async, CancellationToken cancellationToken)
   at System.Net.Http.HttpConnectionPool.CreateHttp11ConnectionAsync(HttpRequestMessage request, Boolean async, CancellationToken cancellationToken)
   at System.Net.Http.HttpConnectionPool.AddHttp11ConnectionAsync(QueueItem queueItem)
   at System.Threading.Tasks.TaskCompletionSourceWithCancellation`1.WaitWithCancellationAsync(CancellationToken cancellationToken)
   at System.Net.Http.HttpConnectionPool.SendWithVersionDetectionAndRetryAsync(HttpRequestMessage request, Boolean async, Boolean doRequestAuth, CancellationToken cancellationToken)
   at System.Net.Http.DiagnosticsHandler.SendAsyncCore(HttpRequestMessage request, Boolean async, CancellationToken cancellationToken)
   at System.Net.Http.RedirectHandler.SendAsync(HttpRequestMessage request, Boolean async, CancellationToken cancellationToken)
   at System.Net.Http.DecompressionHandler.SendAsync(HttpRequestMessage request, Boolean async, CancellationToken cancellationToken)
   at System.Net.Http.HttpClient.<SendAsync>g__Core|83_0(HttpRequestMessage request, HttpCompletionOption completionOption, CancellationTokenSource cts, Boolean disposeCts, CancellationTokenSource pendingRequestsCts, CancellationToken originalCancellationToken)
   at System.ServiceModel.Channels.HttpChannelFactory`1.HttpClientRequestChannel.HttpClientChannelAsyncRequest.SendRequestAsync(Message message, TimeoutHelper timeoutHelper)
No connection could be made because the target machine actively refused it.
   at System.Net.Sockets.Socket.AwaitableSocketAsyncEventArgs.ThrowException(SocketError error, CancellationToken cancellationToken)
   at System.Net.Sockets.Socket.AwaitableSocketAsyncEventArgs.System.Threading.Tasks.Sources.IValueTaskSource.GetResult(Int16 token)
   at System.Net.Sockets.Socket.<ConnectAsync>g__WaitForConnectWithCancellation|285_0(AwaitableSocketAsyncEventArgs saea, ValueTask connectTask, CancellationToken cancellationToken)
   at System.Net.Http.HttpConnectionPool.ConnectToTcpHostAsync(String host, Int32 port, HttpRequestMessage initialRequest, Boolean async, CancellationToken cancellationToken)
14/11/2025 06:52:33==>Cotizacion Invalida
   at Applet.Nat.Api.Br.Models.DocumentExp.GetCotizacion(String vivstrMoneda, DateTime vivdtm) in C:\Users\Jaco2701\Documents\Visual Studio Projects\Nat\Nat.api\Models\BR\DocumentExp.cs:line 175
   at Applet.Nat.Api.Controllers.MiscController.Statics() in C:\Users\Jaco2701\Documents\Visual Studio Projects\Nat\Nat.api\Controllers\MiscController.cs:line 45
14/11/2025 06:52:33==>Valor de Lista FORMAT:dtmwsmtxca no encontrado
   at Applet.Nat.Api.Static.ListHelper.GetValue(String vivcodType, String vivcodId, NatContext vioContext) in C:\Users\Jaco2701\Documents\Visual Studio Projects\Nat\Nat.api\Static\ListHelper.cs:line 26
   at Applet.Nat.Api.Models.Afip.AfipService.get_ivstrDateformat() in C:\Users\Jaco2701\Documents\Visual Studio Projects\Nat\Nat.api\Models\Afip\AfipService.cs:line 74
   at Applet.Nat.BR.DocumentMTXCA.GetCotizacion(String vivstrMoneda, DateTime vivdtm) in C:\Users\Jaco2701\Documents\Visual Studio Projects\Nat\Nat.api\Models\BR\DocumentMtxca.cs:line 540
14/11/2025 06:52:33==>Cotizacion Invalida
   at Applet.Nat.BR.DocumentMTXCA.GetCotizacion(String vivstrMoneda, DateTime vivdtm) in C:\Users\Jaco2701\Documents\Visual Studio Projects\Nat\Nat.api\Models\BR\DocumentMtxca.cs:line 566
   at Applet.Nat.Api.Controllers.MiscController.Statics() in C:\Users\Jaco2701\Documents\Visual Studio Projects\Nat\Nat.api\Controllers\MiscController.cs:line 65
14/11/2025 06:52:47==>No connection could be made because the target machine actively refused it. (wsfe-homo.arca.gob.ar:443)
   at System.Runtime.AsyncResult.End[TAsyncResult](IAsyncResult result)
   at System.ServiceModel.Channels.ServiceChannel.SendAsyncResult.End(SendAsyncResult result)
   at System.ServiceModel.Channels.ServiceChannel.EndCall(String action, Object[] outs, IAsyncResult result)
   at System.ServiceModel.Channels.ServiceChannelProxy.TaskCreator.<>c__DisplayClass1_0.<CreateGenericTask>b__0(IAsyncResult asyncResult)
--- End of stack trace from previous location ---
   at Applet.Nat.Api.Br.Models.DocumentExp.GetCotizacion(String vivstrMoneda, DateTime vivdtm) in C:\Users\Jaco2701\Documents\Visual Studio Projects\Nat\Nat.api\Models\BR\DocumentExp.cs:line 156
No connection could be made because the target machine actively refused it. (wsfe-homo.arca.gob.ar:443)
   at System.Net.Http.HttpConnectionPool.ConnectToTcpHostAsync(String host, Int32 port, HttpRequestMessage initialRequest, Boolean async, CancellationToken cancellationToken)
   at System.Net.Http.HttpConnectionPool.ConnectAsync(HttpRequestMessage request, Boolean async, CancellationToken cancellationToken)
   at System.Net.Http.HttpConnectionPool.CreateHttp11ConnectionAsync(HttpRequestMessage request, Boolean async, CancellationToken cancellationToken)
   at System.Net.Http.HttpConnectionPool.AddHttp11ConnectionAsync(QueueItem queueItem)
   at System.Threading.Tasks.TaskCompletionSourceWithCancellation`1.WaitWithCancellationAsync(CancellationToken cancellationToken)
   at System.Net.Http.HttpConnectionPool.SendWithVersionDetectionAndRetryAsync(HttpRequestMessage request, Boolean async, Boolean doRequestAuth, CancellationToken cancellationToken)
   at System.Net.Http.DiagnosticsHandler.SendAsyncCore(HttpRequestMessage request, Boolean async, CancellationToken cancellationToken)
   at System.Net.Http.RedirectHandler.SendAsync(HttpRequestMessage request, Boolean async, CancellationToken cancellationToken)
   at System.Net.Http.DecompressionHandler.SendAsync(HttpRequestMessage request, Boolean async, CancellationToken cancellationToken)
   at System.Net.Http.HttpClient.<SendAsync>g__Core|83_0(HttpRequestMessage request, HttpCompletionOption completionOption, CancellationTokenSource cts, Boolean disposeCts, CancellationTokenSource pendingRequestsCts, CancellationToken originalCancellationToken)
   at System.ServiceModel.Channels.HttpChannelFactory`1.HttpClientRequestChannel.HttpClientChannelAsyncRequest.SendRequestAsync(Message message, TimeoutHelper timeoutHelper)
No connection could be made because the target machine actively refused it.
   at System.Net.Sockets.Socket.AwaitableSocketAsyncEventArgs.ThrowException(SocketError error, CancellationToken cancellationToken)
   at System.Net.Sockets.Socket.AwaitableSocketAsyncEventArgs.System.Threading.Tasks.Sources.IValueTaskSource.GetResult(Int16 token)
   at System.Net.Sockets.Socket.<ConnectAsync>g__WaitForConnectWithCancellation|285_0(AwaitableSocketAsyncEventArgs saea, ValueTask connectTask, CancellationToken cancellationToken)
   at System.Net.Http.HttpConnectionPool.ConnectToTcpHostAsync(String host, Int32 port, HttpRequestMessage initialRequest, Boolean async, CancellationToken cancellationToken)
14/11/2025 06:52:47==>Cotizacion Invalida
   at Applet.Nat.Api.Br.Models.DocumentExp.GetCotizacion(String vivstrMoneda, DateTime vivdtm) in C:\Users\Jaco2701\Documents\Visual Studio Projects\Nat\Nat.api\Models\BR\DocumentExp.cs:line 175
   at Applet.Nat.Api.Controllers.MiscController.Statics() in C:\Users\Jaco2701\Documents\Visual Studio Projects\Nat\Nat.api\Controllers\MiscController.cs:line 45
14/11/2025 06:52:47==>Valor de Lista FORMAT:dtmwsmtxca no encontrado
   at Applet.Nat.Api.Static.ListHelper.GetValue(String vivcodType, String vivcodId, NatContext vioContext) in C:\Users\Jaco2701\Documents\Visual Studio Projects\Nat\Nat.api\Static\ListHelper.cs:line 26
   at Applet.Nat.Api.Models.Afip.AfipService.get_ivstrDateformat() in C:\Users\Jaco2701\Documents\Visual Studio Projects\Nat\Nat.api\Models\Afip\AfipService.cs:line 74
   at Applet.Nat.BR.DocumentMTXCA.GetCotizacion(String vivstrMoneda, DateTime vivdtm) in C:\Users\Jaco2701\Documents\Visual Studio Projects\Nat\Nat.api\Models\BR\DocumentMtxca.cs:line 540
14/11/2025 06:52:47==>Cotizacion Invalida
   at Applet.Nat.BR.DocumentMTXCA.GetCotizacion(String vivstrMoneda, DateTime vivdtm) in C:\Users\Jaco2701\Documents\Visual Studio Projects\Nat\Nat.api\Models\BR\DocumentMtxca.cs:line 566
   at Applet.Nat.Api.Controllers.MiscController.Statics() in C:\Users\Jaco2701\Documents\Visual Studio Projects\Nat\Nat.api\Controllers\MiscController.cs:line 65
14/11/2025 06:53:04==>No connection could be made because the target machine actively refused it. (wsfe-homo.arca.gob.ar:443)
   at System.Runtime.AsyncResult.End[TAsyncResult](IAsyncResult result)
   at System.ServiceModel.Channels.ServiceChannel.SendAsyncResult.End(SendAsyncResult result)
   at System.ServiceModel.Channels.ServiceChannel.EndCall(String action, Object[] outs, IAsyncResult result)
   at System.ServiceModel.Channels.ServiceChannelProxy.TaskCreator.<>c__DisplayClass1_0.<CreateGenericTask>b__0(IAsyncResult asyncResult)
--- End of stack trace from previous location ---
   at Applet.Nat.Api.Br.Models.DocumentExp.GetCotizacion(String vivstrMoneda, DateTime vivdtm) in C:\Users\Jaco2701\Documents\Visual Studio Projects\Nat\Nat.api\Models\BR\DocumentExp.cs:line 156
No connection could be made because the target machine actively refused it. (wsfe-homo.arca.gob.ar:443)
   at System.Net.Http.HttpConnectionPool.ConnectToTcpHostAsync(String host, Int32 port, HttpRequestMessage initialRequest, Boolean async, CancellationToken cancellationToken)
   at System.Net.Http.HttpConnectionPool.ConnectAsync(HttpRequestMessage request, Boolean async, CancellationToken cancellationToken)
   at System.Net.Http.HttpConnectionPool.CreateHttp11ConnectionAsync(HttpRequestMessage request, Boolean async, CancellationToken cancellationToken)
   at System.Net.Http.HttpConnectionPool.AddHttp11ConnectionAsync(QueueItem queueItem)
   at System.Threading.Tasks.TaskCompletionSourceWithCancellation`1.WaitWithCancellationAsync(CancellationToken cancellationToken)
   at System.Net.Http.HttpConnectionPool.SendWithVersionDetectionAndRetryAsync(HttpRequestMessage request, Boolean async, Boolean doRequestAuth, CancellationToken cancellationToken)
   at System.Net.Http.DiagnosticsHandler.SendAsyncCore(HttpRequestMessage request, Boolean async, CancellationToken cancellationToken)
   at System.Net.Http.RedirectHandler.SendAsync(HttpRequestMessage request, Boolean async, CancellationToken cancellationToken)
   at System.Net.Http.DecompressionHandler.SendAsync(HttpRequestMessage request, Boolean async, CancellationToken cancellationToken)
   at System.Net.Http.HttpClient.<SendAsync>g__Core|83_0(HttpRequestMessage request, HttpCompletionOption completionOption, CancellationTokenSource cts, Boolean disposeCts, CancellationTokenSource pendingRequestsCts, CancellationToken originalCancellationToken)
   at System.ServiceModel.Channels.HttpChannelFactory`1.HttpClientRequestChannel.HttpClientChannelAsyncRequest.SendRequestAsync(Message message, TimeoutHelper timeoutHelper)
No connection could be made because the target machine actively refused it.
   at System.Net.Sockets.Socket.AwaitableSocketAsyncEventArgs.ThrowException(SocketError error, CancellationToken cancellationToken)
   at System.Net.Sockets.Socket.AwaitableSocketAsyncEventArgs.System.Threading.Tasks.Sources.IValueTaskSource.GetResult(Int16 token)
   at System.Net.Sockets.Socket.<ConnectAsync>g__WaitForConnectWithCancellation|285_0(AwaitableSocketAsyncEventArgs saea, ValueTask connectTask, CancellationToken cancellationToken)
   at System.Net.Http.HttpConnectionPool.ConnectToTcpHostAsync(String host, Int32 port, HttpRequestMessage initialRequest, Boolean async, CancellationToken cancellationToken)
14/11/2025 06:53:04==>Cotizacion Invalida
   at Applet.Nat.Api.Br.Models.DocumentExp.GetCotizacion(String vivstrMoneda, DateTime vivdtm) in C:\Users\Jaco2701\Documents\Visual Studio Projects\Nat\Nat.api\Models\BR\DocumentExp.cs:line 175
   at Applet.Nat.Api.Controllers.MiscController.Statics() in C:\Users\Jaco2701\Documents\Visual Studio Projects\Nat\Nat.api\Controllers\MiscController.cs:line 45
14/11/2025 06:53:05==>Valor de Lista FORMAT:dtmwsmtxca no encontrado
   at Applet.Nat.Api.Static.ListHelper.GetValue(String vivcodType, String vivcodId, NatContext vioContext) in C:\Users\Jaco2701\Documents\Visual Studio Projects\Nat\Nat.api\Static\ListHelper.cs:line 26
   at Applet.Nat.Api.Models.Afip.AfipService.get_ivstrDateformat() in C:\Users\Jaco2701\Documents\Visual Studio Projects\Nat\Nat.api\Models\Afip\AfipService.cs:line 74
   at Applet.Nat.BR.DocumentMTXCA.GetCotizacion(String vivstrMoneda, DateTime vivdtm) in C:\Users\Jaco2701\Documents\Visual Studio Projects\Nat\Nat.api\Models\BR\DocumentMtxca.cs:line 540
14/11/2025 06:53:05==>Cotizacion Invalida
   at Applet.Nat.BR.DocumentMTXCA.GetCotizacion(String vivstrMoneda, DateTime vivdtm) in C:\Users\Jaco2701\Documents\Visual Studio Projects\Nat\Nat.api\Models\BR\DocumentMtxca.cs:line 566
   at Applet.Nat.Api.Controllers.MiscController.Statics() in C:\Users\Jaco2701\Documents\Visual Studio Projects\Nat\Nat.api\Controllers\MiscController.cs:line 65
14/11/2025 06:53:25==>No connection could be made because the target machine actively refused it. (wsfe-homo.arca.gob.ar:443)
   at System.Runtime.AsyncResult.End[TAsyncResult](IAsyncResult result)
   at System.ServiceModel.Channels.ServiceChannel.SendAsyncResult.End(SendAsyncResult result)
   at System.ServiceModel.Channels.ServiceChannel.EndCall(String action, Object[] outs, IAsyncResult result)
   at System.ServiceModel.Channels.ServiceChannelProxy.TaskCreator.<>c__DisplayClass1_0.<CreateGenericTask>b__0(IAsyncResult asyncResult)
--- End of stack trace from previous location ---
   at Applet.Nat.Api.Br.Models.DocumentExp.GetCotizacion(String vivstrMoneda, DateTime vivdtm) in C:\Users\Jaco2701\Documents\Visual Studio Projects\Nat\Nat.api\Models\BR\DocumentExp.cs:line 156
No connection could be made because the target machine actively refused it. (wsfe-homo.arca.gob.ar:443)
   at System.Net.Http.HttpConnectionPool.ConnectToTcpHostAsync(String host, Int32 port, HttpRequestMessage initialRequest, Boolean async, CancellationToken cancellationToken)
   at System.Net.Http.HttpConnectionPool.ConnectAsync(HttpRequestMessage request, Boolean async, CancellationToken cancellationToken)
   at System.Net.Http.HttpConnectionPool.CreateHttp11ConnectionAsync(HttpRequestMessage request, Boolean async, CancellationToken cancellationToken)
   at System.Net.Http.HttpConnectionPool.AddHttp11ConnectionAsync(QueueItem queueItem)
   at System.Threading.Tasks.TaskCompletionSourceWithCancellation`1.WaitWithCancellationAsync(CancellationToken cancellationToken)
   at System.Net.Http.HttpConnectionPool.SendWithVersionDetectionAndRetryAsync(HttpRequestMessage request, Boolean async, Boolean doRequestAuth, CancellationToken cancellationToken)
   at System.Net.Http.DiagnosticsHandler.SendAsyncCore(HttpRequestMessage request, Boolean async, CancellationToken cancellationToken)
   at System.Net.Http.RedirectHandler.SendAsync(HttpRequestMessage request, Boolean async, CancellationToken cancellationToken)
   at System.Net.Http.DecompressionHandler.SendAsync(HttpRequestMessage request, Boolean async, CancellationToken cancellationToken)
   at System.Net.Http.HttpClient.<SendAsync>g__Core|83_0(HttpRequestMessage request, HttpCompletionOption completionOption, CancellationTokenSource cts, Boolean disposeCts, CancellationTokenSource pendingRequestsCts, CancellationToken originalCancellationToken)
   at System.ServiceModel.Channels.HttpChannelFactory`1.HttpClientRequestChannel.HttpClientChannelAsyncRequest.SendRequestAsync(Message message, TimeoutHelper timeoutHelper)
No connection could be made because the target machine actively refused it.
   at System.Net.Sockets.Socket.AwaitableSocketAsyncEventArgs.ThrowException(SocketError error, CancellationToken cancellationToken)
   at System.Net.Sockets.Socket.AwaitableSocketAsyncEventArgs.System.Threading.Tasks.Sources.IValueTaskSource.GetResult(Int16 token)
   at System.Net.Sockets.Socket.<ConnectAsync>g__WaitForConnectWithCancellation|285_0(AwaitableSocketAsyncEventArgs saea, ValueTask connectTask, CancellationToken cancellationToken)
   at System.Net.Http.HttpConnectionPool.ConnectToTcpHostAsync(String host, Int32 port, HttpRequestMessage initialRequest, Boolean async, CancellationToken cancellationToken)
14/11/2025 06:53:25==>Cotizacion Invalida
   at Applet.Nat.Api.Br.Models.DocumentExp.GetCotizacion(String vivstrMoneda, DateTime vivdtm) in C:\Users\Jaco2701\Documents\Visual Studio Projects\Nat\Nat.api\Models\BR\DocumentExp.cs:line 175
   at Applet.Nat.Api.Controllers.MiscController.Statics() in C:\Users\Jaco2701\Documents\Visual Studio Projects\Nat\Nat.api\Controllers\MiscController.cs:line 45
14/11/2025 06:53:25==>Valor de Lista FORMAT:dtmwsmtxca no encontrado
   at Applet.Nat.Api.Static.ListHelper.GetValue(String vivcodType, String vivcodId, NatContext vioContext) in C:\Users\Jaco2701\Documents\Visual Studio Projects\Nat\Nat.api\Static\ListHelper.cs:line 26
   at Applet.Nat.Api.Models.Afip.AfipService.get_ivstrDateformat() in C:\Users\Jaco2701\Documents\Visual Studio Projects\Nat\Nat.api\Models\Afip\AfipService.cs:line 74
   at Applet.Nat.BR.DocumentMTXCA.GetCotizacion(String vivstrMoneda, DateTime vivdtm) in C:\Users\Jaco2701\Documents\Visual Studio Projects\Nat\Nat.api\Models\BR\DocumentMtxca.cs:line 540
14/11/2025 06:53:25==>Cotizacion Invalida
   at Applet.Nat.BR.DocumentMTXCA.GetCotizacion(String vivstrMoneda, DateTime vivdtm) in C:\Users\Jaco2701\Documents\Visual Studio Projects\Nat\Nat.api\Models\BR\DocumentMtxca.cs:line 566
   at Applet.Nat.Api.Controllers.MiscController.Statics() in C:\Users\Jaco2701\Documents\Visual Studio Projects\Nat\Nat.api\Controllers\MiscController.cs:line 65
14/11/2025 06:53:27==>No connection could be made because the target machine actively refused it. (wsfe-homo.arca.gob.ar:443)
   at System.Runtime.AsyncResult.End[TAsyncResult](IAsyncResult result)
   at System.ServiceModel.Channels.ServiceChannel.SendAsyncResult.End(SendAsyncResult result)
   at System.ServiceModel.Channels.ServiceChannel.EndCall(String action, Object[] outs, IAsyncResult result)
   at System.ServiceModel.Channels.ServiceChannelProxy.TaskCreator.<>c__DisplayClass1_0.<CreateGenericTask>b__0(IAsyncResult asyncResult)
--- End of stack trace from previous location ---
   at Applet.Nat.Api.Br.Models.DocumentExp.GetCotizacion(String vivstrMoneda, DateTime vivdtm) in C:\Users\Jaco2701\Documents\Visual Studio Projects\Nat\Nat.api\Models\BR\DocumentExp.cs:line 156
No connection could be made because the target machine actively refused it. (wsfe-homo.arca.gob.ar:443)
   at System.Net.Http.HttpConnectionPool.ConnectToTcpHostAsync(String host, Int32 port, HttpRequestMessage initialRequest, Boolean async, CancellationToken cancellationToken)
   at System.Net.Http.HttpConnectionPool.ConnectAsync(HttpRequestMessage request, Boolean async, CancellationToken cancellationToken)
   at System.Net.Http.HttpConnectionPool.CreateHttp11ConnectionAsync(HttpRequestMessage request, Boolean async, CancellationToken cancellationToken)
   at System.Net.Http.HttpConnectionPool.AddHttp11ConnectionAsync(QueueItem queueItem)
   at System.Threading.Tasks.TaskCompletionSourceWithCancellation`1.WaitWithCancellationAsync(CancellationToken cancellationToken)
   at System.Net.Http.HttpConnectionPool.SendWithVersionDetectionAndRetryAsync(HttpRequestMessage request, Boolean async, Boolean doRequestAuth, CancellationToken cancellationToken)
   at System.Net.Http.DiagnosticsHandler.SendAsyncCore(HttpRequestMessage request, Boolean async, CancellationToken cancellationToken)
   at System.Net.Http.RedirectHandler.SendAsync(HttpRequestMessage request, Boolean async, CancellationToken cancellationToken)
   at System.Net.Http.DecompressionHandler.SendAsync(HttpRequestMessage request, Boolean async, CancellationToken cancellationToken)
   at System.Net.Http.HttpClient.<SendAsync>g__Core|83_0(HttpRequestMessage request, HttpCompletionOption completionOption, CancellationTokenSource cts, Boolean disposeCts, CancellationTokenSource pendingRequestsCts, CancellationToken originalCancellationToken)
   at System.ServiceModel.Channels.HttpChannelFactory`1.HttpClientRequestChannel.HttpClientChannelAsyncRequest.SendRequestAsync(Message message, TimeoutHelper timeoutHelper)
No connection could be made because the target machine actively refused it.
   at System.Net.Sockets.Socket.AwaitableSocketAsyncEventArgs.ThrowException(SocketError error, CancellationToken cancellationToken)
   at System.Net.Sockets.Socket.AwaitableSocketAsyncEventArgs.System.Threading.Tasks.Sources.IValueTaskSource.GetResult(Int16 token)
   at System.Net.Sockets.Socket.<ConnectAsync>g__WaitForConnectWithCancellation|285_0(AwaitableSocketAsyncEventArgs saea, ValueTask connectTask, CancellationToken cancellationToken)
   at System.Net.Http.HttpConnectionPool.ConnectToTcpHostAsync(String host, Int32 port, HttpRequestMessage initialRequest, Boolean async, CancellationToken cancellationToken)
14/11/2025 06:53:27==>Cotizacion Invalida
   at Applet.Nat.Api.Br.Models.DocumentExp.GetCotizacion(String vivstrMoneda, DateTime vivdtm) in C:\Users\Jaco2701\Documents\Visual Studio Projects\Nat\Nat.api\Models\BR\DocumentExp.cs:line 175
   at Applet.Nat.Api.Controllers.MiscController.Statics() in C:\Users\Jaco2701\Documents\Visual Studio Projects\Nat\Nat.api\Controllers\MiscController.cs:line 45
14/11/2025 06:53:27==>Valor de Lista FORMAT:dtmwsmtxca no encontrado
   at Applet.Nat.Api.Static.ListHelper.GetValue(String vivcodType, String vivcodId, NatContext vioContext) in C:\Users\Jaco2701\Documents\Visual Studio Projects\Nat\Nat.api\Static\ListHelper.cs:line 26
   at Applet.Nat.Api.Models.Afip.AfipService.get_ivstrDateformat() in C:\Users\Jaco2701\Documents\Visual Studio Projects\Nat\Nat.api\Models\Afip\AfipService.cs:line 74
   at Applet.Nat.BR.DocumentMTXCA.GetCotizacion(String vivstrMoneda, DateTime vivdtm) in C:\Users\Jaco2701\Documents\Visual Studio Projects\Nat\Nat.api\Models\BR\DocumentMtxca.cs:line 540
14/11/2025 06:53:27==>Cotizacion Invalida
   at Applet.Nat.BR.DocumentMTXCA.GetCotizacion(String vivstrMoneda, DateTime vivdtm) in C:\Users\Jaco2701\Documents\Visual Studio Projects\Nat\Nat.api\Models\BR\DocumentMtxca.cs:line 566
   at Applet.Nat.Api.Controllers.MiscController.Statics() in C:\Users\Jaco2701\Documents\Visual Studio Projects\Nat\Nat.api\Controllers\MiscController.cs:line 65
14/11/2025 06:53:32==>No connection could be made because the target machine actively refused it. (wsfe-homo.arca.gob.ar:443)
   at System.Runtime.AsyncResult.End[TAsyncResult](IAsyncResult result)
   at System.ServiceModel.Channels.ServiceChannel.SendAsyncResult.End(SendAsyncResult result)
   at System.ServiceModel.Channels.ServiceChannel.EndCall(String action, Object[] outs, IAsyncResult result)
   at System.ServiceModel.Channels.ServiceChannelProxy.TaskCreator.<>c__DisplayClass1_0.<CreateGenericTask>b__0(IAsyncResult asyncResult)
--- End of stack trace from previous location ---
   at Applet.Nat.Api.Br.Models.DocumentExp.GetCotizacion(String vivstrMoneda, DateTime vivdtm) in C:\Users\Jaco2701\Documents\Visual Studio Projects\Nat\Nat.api\Models\BR\DocumentExp.cs:line 156
No connection could be made because the target machine actively refused it. (wsfe-homo.arca.gob.ar:443)
   at System.Net.Http.HttpConnectionPool.ConnectToTcpHostAsync(String host, Int32 port, HttpRequestMessage initialRequest, Boolean async, CancellationToken cancellationToken)
   at System.Net.Http.HttpConnectionPool.ConnectAsync(HttpRequestMessage request, Boolean async, CancellationToken cancellationToken)
   at System.Net.Http.HttpConnectionPool.CreateHttp11ConnectionAsync(HttpRequestMessage request, Boolean async, CancellationToken cancellationToken)
   at System.Net.Http.HttpConnectionPool.AddHttp11ConnectionAsync(QueueItem queueItem)
   at System.Threading.Tasks.TaskCompletionSourceWithCancellation`1.WaitWithCancellationAsync(CancellationToken cancellationToken)
   at System.Net.Http.HttpConnectionPool.SendWithVersionDetectionAndRetryAsync(HttpRequestMessage request, Boolean async, Boolean doRequestAuth, CancellationToken cancellationToken)
   at System.Net.Http.DiagnosticsHandler.SendAsyncCore(HttpRequestMessage request, Boolean async, CancellationToken cancellationToken)
   at System.Net.Http.RedirectHandler.SendAsync(HttpRequestMessage request, Boolean async, CancellationToken cancellationToken)
   at System.Net.Http.DecompressionHandler.SendAsync(HttpRequestMessage request, Boolean async, CancellationToken cancellationToken)
   at System.Net.Http.HttpClient.<SendAsync>g__Core|83_0(HttpRequestMessage request, HttpCompletionOption completionOption, CancellationTokenSource cts, Boolean disposeCts, CancellationTokenSource pendingRequestsCts, CancellationToken originalCancellationToken)
   at System.ServiceModel.Channels.HttpChannelFactory`1.HttpClientRequestChannel.HttpClientChannelAsyncRequest.SendRequestAsync(Message message, TimeoutHelper timeoutHelper)
No connection could be made because the target machine actively refused it.
   at System.Net.Sockets.Socket.AwaitableSocketAsyncEventArgs.ThrowException(SocketError error, CancellationToken cancellationToken)
   at System.Net.Sockets.Socket.AwaitableSocketAsyncEventArgs.System.Threading.Tasks.Sources.IValueTaskSource.GetResult(Int16 token)
   at System.Net.Sockets.Socket.<ConnectAsync>g__WaitForConnectWithCancellation|285_0(AwaitableSocketAsyncEventArgs saea, ValueTask connectTask, CancellationToken cancellationToken)
   at System.Net.Http.HttpConnectionPool.ConnectToTcpHostAsync(String host, Int32 port, HttpRequestMessage initialRequest, Boolean async, CancellationToken cancellationToken)
14/11/2025 06:53:32==>Cotizacion Invalida
   at Applet.Nat.Api.Br.Models.DocumentExp.GetCotizacion(String vivstrMoneda, DateTime vivdtm) in C:\Users\Jaco2701\Documents\Visual Studio Projects\Nat\Nat.api\Models\BR\DocumentExp.cs:line 175
   at Applet.Nat.Api.Controllers.MiscController.Statics() in C:\Users\Jaco2701\Documents\Visual Studio Projects\Nat\Nat.api\Controllers\MiscController.cs:line 45
14/11/2025 06:53:32==>Valor de Lista FORMAT:dtmwsmtxca no encontrado
   at Applet.Nat.Api.Static.ListHelper.GetValue(String vivcodType, String vivcodId, NatContext vioContext) in C:\Users\Jaco2701\Documents\Visual Studio Projects\Nat\Nat.api\Static\ListHelper.cs:line 26
   at Applet.Nat.Api.Models.Afip.AfipService.get_ivstrDateformat() in C:\Users\Jaco2701\Documents\Visual Studio Projects\Nat\Nat.api\Models\Afip\AfipService.cs:line 74
   at Applet.Nat.BR.DocumentMTXCA.GetCotizacion(String vivstrMoneda, DateTime vivdtm) in C:\Users\Jaco2701\Documents\Visual Studio Projects\Nat\Nat.api\Models\BR\DocumentMtxca.cs:line 540
14/11/2025 06:53:32==>Cotizacion Invalida
   at Applet.Nat.BR.DocumentMTXCA.GetCotizacion(String vivstrMoneda, DateTime vivdtm) in C:\Users\Jaco2701\Documents\Visual Studio Projects\Nat\Nat.api\Models\BR\DocumentMtxca.cs:line 566
   at Applet.Nat.Api.Controllers.MiscController.Statics() in C:\Users\Jaco2701\Documents\Visual Studio Projects\Nat\Nat.api\Controllers\MiscController.cs:line 65
14/11/2025 06:54:11==>No connection could be made because the target machine actively refused it. (wsfe-homo.arca.gob.ar:443)
   at System.Runtime.AsyncResult.End[TAsyncResult](IAsyncResult result)
   at System.ServiceModel.Channels.ServiceChannel.SendAsyncResult.End(SendAsyncResult result)
   at System.ServiceModel.Channels.ServiceChannel.EndCall(String action, Object[] outs, IAsyncResult result)
   at System.ServiceModel.Channels.ServiceChannelProxy.TaskCreator.<>c__DisplayClass1_0.<CreateGenericTask>b__0(IAsyncResult asyncResult)
--- End of stack trace from previous location ---
   at Applet.Nat.Api.Br.Models.DocumentExp.GetCotizacion(String vivstrMoneda, DateTime vivdtm) in C:\Users\Jaco2701\Documents\Visual Studio Projects\Nat\Nat.api\Models\BR\DocumentExp.cs:line 156
No connection could be made because the target machine actively refused it. (wsfe-homo.arca.gob.ar:443)
   at System.Net.Http.HttpConnectionPool.ConnectToTcpHostAsync(String host, Int32 port, HttpRequestMessage initialRequest, Boolean async, CancellationToken cancellationToken)
   at System.Net.Http.HttpConnectionPool.ConnectAsync(HttpRequestMessage request, Boolean async, CancellationToken cancellationToken)
   at System.Net.Http.HttpConnectionPool.CreateHttp11ConnectionAsync(HttpRequestMessage request, Boolean async, CancellationToken cancellationToken)
   at System.Net.Http.HttpConnectionPool.AddHttp11ConnectionAsync(QueueItem queueItem)
   at System.Threading.Tasks.TaskCompletionSourceWithCancellation`1.WaitWithCancellationAsync(CancellationToken cancellationToken)
   at System.Net.Http.HttpConnectionPool.SendWithVersionDetectionAndRetryAsync(HttpRequestMessage request, Boolean async, Boolean doRequestAuth, CancellationToken cancellationToken)
   at System.Net.Http.DiagnosticsHandler.SendAsyncCore(HttpRequestMessage request, Boolean async, CancellationToken cancellationToken)
   at System.Net.Http.RedirectHandler.SendAsync(HttpRequestMessage request, Boolean async, CancellationToken cancellationToken)
   at System.Net.Http.DecompressionHandler.SendAsync(HttpRequestMessage request, Boolean async, CancellationToken cancellationToken)
   at System.Net.Http.HttpClient.<SendAsync>g__Core|83_0(HttpRequestMessage request, HttpCompletionOption completionOption, CancellationTokenSource cts, Boolean disposeCts, CancellationTokenSource pendingRequestsCts, CancellationToken originalCancellationToken)
   at System.ServiceModel.Channels.HttpChannelFactory`1.HttpClientRequestChannel.HttpClientChannelAsyncRequest.SendRequestAsync(Message message, TimeoutHelper timeoutHelper)
No connection could be made because the target machine actively refused it.
   at System.Net.Sockets.Socket.AwaitableSocketAsyncEventArgs.ThrowException(SocketError error, CancellationToken cancellationToken)
   at System.Net.Sockets.Socket.AwaitableSocketAsyncEventArgs.System.Threading.Tasks.Sources.IValueTaskSource.GetResult(Int16 token)
   at System.Net.Sockets.Socket.<ConnectAsync>g__WaitForConnectWithCancellation|285_0(AwaitableSocketAsyncEventArgs saea, ValueTask connectTask, CancellationToken cancellationToken)
   at System.Net.Http.HttpConnectionPool.ConnectToTcpHostAsync(String host, Int32 port, HttpRequestMessage initialRequest, Boolean async, CancellationToken cancellationToken)
14/11/2025 06:54:11==>Cotizacion Invalida
   at Applet.Nat.Api.Br.Models.DocumentExp.GetCotizacion(String vivstrMoneda, DateTime vivdtm) in C:\Users\Jaco2701\Documents\Visual Studio Projects\Nat\Nat.api\Models\BR\DocumentExp.cs:line 175
   at Applet.Nat.Api.Controllers.MiscController.Statics() in C:\Users\Jaco2701\Documents\Visual Studio Projects\Nat\Nat.api\Controllers\MiscController.cs:line 45
14/11/2025 06:54:11==>Valor de Lista FORMAT:dtmwsmtxca no encontrado
   at Applet.Nat.Api.Static.ListHelper.GetValue(String vivcodType, String vivcodId, NatContext vioContext) in C:\Users\Jaco2701\Documents\Visual Studio Projects\Nat\Nat.api\Static\ListHelper.cs:line 26
   at Applet.Nat.Api.Models.Afip.AfipService.get_ivstrDateformat() in C:\Users\Jaco2701\Documents\Visual Studio Projects\Nat\Nat.api\Models\Afip\AfipService.cs:line 74
   at Applet.Nat.BR.DocumentMTXCA.GetCotizacion(String vivstrMoneda, DateTime vivdtm) in C:\Users\Jaco2701\Documents\Visual Studio Projects\Nat\Nat.api\Models\BR\DocumentMtxca.cs:line 540
14/11/2025 06:54:11==>Cotizacion Invalida
   at Applet.Nat.BR.DocumentMTXCA.GetCotizacion(String vivstrMoneda, DateTime vivdtm) in C:\Users\Jaco2701\Documents\Visual Studio Projects\Nat\Nat.api\Models\BR\DocumentMtxca.cs:line 566
   at Applet.Nat.Api.Controllers.MiscController.Statics() in C:\Users\Jaco2701\Documents\Visual Studio Projects\Nat\Nat.api\Controllers\MiscController.cs:line 65
14/11/2025 06:54:24==>No connection could be made because the target machine actively refused it. (wsfe-homo.arca.gob.ar:443)
   at System.Runtime.AsyncResult.End[TAsyncResult](IAsyncResult result)
   at System.ServiceModel.Channels.ServiceChannel.SendAsyncResult.End(SendAsyncResult result)
   at System.ServiceModel.Channels.ServiceChannel.EndCall(String action, Object[] outs, IAsyncResult result)
   at System.ServiceModel.Channels.ServiceChannelProxy.TaskCreator.<>c__DisplayClass1_0.<CreateGenericTask>b__0(IAsyncResult asyncResult)
--- End of stack trace from previous location ---
   at Applet.Nat.Api.Br.Models.DocumentExp.GetCotizacion(String vivstrMoneda, DateTime vivdtm) in C:\Users\Jaco2701\Documents\Visual Studio Projects\Nat\Nat.api\Models\BR\DocumentExp.cs:line 156
No connection could be made because the target machine actively refused it. (wsfe-homo.arca.gob.ar:443)
   at System.Net.Http.HttpConnectionPool.ConnectToTcpHostAsync(String host, Int32 port, HttpRequestMessage initialRequest, Boolean async, CancellationToken cancellationToken)
   at System.Net.Http.HttpConnectionPool.ConnectAsync(HttpRequestMessage request, Boolean async, CancellationToken cancellationToken)
   at System.Net.Http.HttpConnectionPool.CreateHttp11ConnectionAsync(HttpRequestMessage request, Boolean async, CancellationToken cancellationToken)
   at System.Net.Http.HttpConnectionPool.AddHttp11ConnectionAsync(QueueItem queueItem)
   at System.Threading.Tasks.TaskCompletionSourceWithCancellation`1.WaitWithCancellationAsync(CancellationToken cancellationToken)
   at System.Net.Http.HttpConnectionPool.SendWithVersionDetectionAndRetryAsync(HttpRequestMessage request, Boolean async, Boolean doRequestAuth, CancellationToken cancellationToken)
   at System.Net.Http.DiagnosticsHandler.SendAsyncCore(HttpRequestMessage request, Boolean async, CancellationToken cancellationToken)
   at System.Net.Http.RedirectHandler.SendAsync(HttpRequestMessage request, Boolean async, CancellationToken cancellationToken)
   at System.Net.Http.DecompressionHandler.SendAsync(HttpRequestMessage request, Boolean async, CancellationToken cancellationToken)
   at System.Net.Http.HttpClient.<SendAsync>g__Core|83_0(HttpRequestMessage request, HttpCompletionOption completionOption, CancellationTokenSource cts, Boolean disposeCts, CancellationTokenSource pendingRequestsCts, CancellationToken originalCancellationToken)
   at System.ServiceModel.Channels.HttpChannelFactory`1.HttpClientRequestChannel.HttpClientChannelAsyncRequest.SendRequestAsync(Message message, TimeoutHelper timeoutHelper)
No connection could be made because the target machine actively refused it.
   at System.Net.Sockets.Socket.AwaitableSocketAsyncEventArgs.ThrowException(SocketError error, CancellationToken cancellationToken)
   at System.Net.Sockets.Socket.AwaitableSocketAsyncEventArgs.System.Threading.Tasks.Sources.IValueTaskSource.GetResult(Int16 token)
   at System.Net.Sockets.Socket.<ConnectAsync>g__WaitForConnectWithCancellation|285_0(AwaitableSocketAsyncEventArgs saea, ValueTask connectTask, CancellationToken cancellationToken)
   at System.Net.Http.HttpConnectionPool.ConnectToTcpHostAsync(String host, Int32 port, HttpRequestMessage initialRequest, Boolean async, CancellationToken cancellationToken)
14/11/2025 06:54:24==>Cotizacion Invalida
   at Applet.Nat.Api.Br.Models.DocumentExp.GetCotizacion(String vivstrMoneda, DateTime vivdtm) in C:\Users\Jaco2701\Documents\Visual Studio Projects\Nat\Nat.api\Models\BR\DocumentExp.cs:line 175
   at Applet.Nat.Api.Controllers.MiscController.Statics() in C:\Users\Jaco2701\Documents\Visual Studio Projects\Nat\Nat.api\Controllers\MiscController.cs:line 45
14/11/2025 06:54:24==>Valor de Lista FORMAT:dtmwsmtxca no encontrado
   at Applet.Nat.Api.Static.ListHelper.GetValue(String vivcodType, String vivcodId, NatContext vioContext) in C:\Users\Jaco2701\Documents\Visual Studio Projects\Nat\Nat.api\Static\ListHelper.cs:line 26
   at Applet.Nat.Api.Models.Afip.AfipService.get_ivstrDateformat() in C:\Users\Jaco2701\Documents\Visual Studio Projects\Nat\Nat.api\Models\Afip\AfipService.cs:line 74
   at Applet.Nat.BR.DocumentMTXCA.GetCotizacion(String vivstrMoneda, DateTime vivdtm) in C:\Users\Jaco2701\Documents\Visual Studio Projects\Nat\Nat.api\Models\BR\DocumentMtxca.cs:line 540
14/11/2025 06:54:24==>Cotizacion Invalida
   at Applet.Nat.BR.DocumentMTXCA.GetCotizacion(String vivstrMoneda, DateTime vivdtm) in C:\Users\Jaco2701\Documents\Visual Studio Projects\Nat\Nat.api\Models\BR\DocumentMtxca.cs:line 566
   at Applet.Nat.Api.Controllers.MiscController.Statics() in C:\Users\Jaco2701\Documents\Visual Studio Projects\Nat\Nat.api\Controllers\MiscController.cs:line 65
14/11/2025 06:54:53==>No connection could be made because the target machine actively refused it. (wsfe-homo.arca.gob.ar:443)
   at System.Runtime.AsyncResult.End[TAsyncResult](IAsyncResult result)
   at System.ServiceModel.Channels.ServiceChannel.SendAsyncResult.End(SendAsyncResult result)
   at System.ServiceModel.Channels.ServiceChannel.EndCall(String action, Object[] outs, IAsyncResult result)
   at System.ServiceModel.Channels.ServiceChannelProxy.TaskCreator.<>c__DisplayClass1_0.<CreateGenericTask>b__0(IAsyncResult asyncResult)
--- End of stack trace from previous location ---
   at Applet.Nat.Api.Br.Models.DocumentExp.GetCotizacion(String vivstrMoneda, DateTime vivdtm) in C:\Users\Jaco2701\Documents\Visual Studio Projects\Nat\Nat.api\Models\BR\DocumentExp.cs:line 156
No connection could be made because the target machine actively refused it. (wsfe-homo.arca.gob.ar:443)
   at System.Net.Http.HttpConnectionPool.ConnectToTcpHostAsync(String host, Int32 port, HttpRequestMessage initialRequest, Boolean async, CancellationToken cancellationToken)
   at System.Net.Http.HttpConnectionPool.ConnectAsync(HttpRequestMessage request, Boolean async, CancellationToken cancellationToken)
   at System.Net.Http.HttpConnectionPool.CreateHttp11ConnectionAsync(HttpRequestMessage request, Boolean async, CancellationToken cancellationToken)
   at System.Net.Http.HttpConnectionPool.AddHttp11ConnectionAsync(QueueItem queueItem)
   at System.Threading.Tasks.TaskCompletionSourceWithCancellation`1.WaitWithCancellationAsync(CancellationToken cancellationToken)
   at System.Net.Http.HttpConnectionPool.SendWithVersionDetectionAndRetryAsync(HttpRequestMessage request, Boolean async, Boolean doRequestAuth, CancellationToken cancellationToken)
   at System.Net.Http.DiagnosticsHandler.SendAsyncCore(HttpRequestMessage request, Boolean async, CancellationToken cancellationToken)
   at System.Net.Http.RedirectHandler.SendAsync(HttpRequestMessage request, Boolean async, CancellationToken cancellationToken)
   at System.Net.Http.DecompressionHandler.SendAsync(HttpRequestMessage request, Boolean async, CancellationToken cancellationToken)
   at System.Net.Http.HttpClient.<SendAsync>g__Core|83_0(HttpRequestMessage request, HttpCompletionOption completionOption, CancellationTokenSource cts, Boolean disposeCts, CancellationTokenSource pendingRequestsCts, CancellationToken originalCancellationToken)
   at System.ServiceModel.Channels.HttpChannelFactory`1.HttpClientRequestChannel.HttpClientChannelAsyncRequest.SendRequestAsync(Message message, TimeoutHelper timeoutHelper)
No connection could be made because the target machine actively refused it.
   at System.Net.Sockets.Socket.AwaitableSocketAsyncEventArgs.ThrowException(SocketError error, CancellationToken cancellationToken)
   at System.Net.Sockets.Socket.AwaitableSocketAsyncEventArgs.System.Threading.Tasks.Sources.IValueTaskSource.GetResult(Int16 token)
   at System.Net.Sockets.Socket.<ConnectAsync>g__WaitForConnectWithCancellation|285_0(AwaitableSocketAsyncEventArgs saea, ValueTask connectTask, CancellationToken cancellationToken)
   at System.Net.Http.HttpConnectionPool.ConnectToTcpHostAsync(String host, Int32 port, HttpRequestMessage initialRequest, Boolean async, CancellationToken cancellationToken)
14/11/2025 06:54:53==>Cotizacion Invalida
   at Applet.Nat.Api.Br.Models.DocumentExp.GetCotizacion(String vivstrMoneda, DateTime vivdtm) in C:\Users\Jaco2701\Documents\Visual Studio Projects\Nat\Nat.api\Models\BR\DocumentExp.cs:line 175
   at Applet.Nat.Api.Controllers.MiscController.Statics() in C:\Users\Jaco2701\Documents\Visual Studio Projects\Nat\Nat.api\Controllers\MiscController.cs:line 45
14/11/2025 06:54:53==>Valor de Lista FORMAT:dtmwsmtxca no encontrado
   at Applet.Nat.Api.Static.ListHelper.GetValue(String vivcodType, String vivcodId, NatContext vioContext) in C:\Users\Jaco2701\Documents\Visual Studio Projects\Nat\Nat.api\Static\ListHelper.cs:line 26
   at Applet.Nat.Api.Models.Afip.AfipService.get_ivstrDateformat() in C:\Users\Jaco2701\Documents\Visual Studio Projects\Nat\Nat.api\Models\Afip\AfipService.cs:line 74
   at Applet.Nat.BR.DocumentMTXCA.GetCotizacion(String vivstrMoneda, DateTime vivdtm) in C:\Users\Jaco2701\Documents\Visual Studio Projects\Nat\Nat.api\Models\BR\DocumentMtxca.cs:line 540
14/11/2025 06:54:53==>Cotizacion Invalida
   at Applet.Nat.BR.DocumentMTXCA.GetCotizacion(String vivstrMoneda, DateTime vivdtm) in C:\Users\Jaco2701\Documents\Visual Studio Projects\Nat\Nat.api\Models\BR\DocumentMtxca.cs:line 566
   at Applet.Nat.Api.Controllers.MiscController.Statics() in C:\Users\Jaco2701\Documents\Visual Studio Projects\Nat\Nat.api\Controllers\MiscController.cs:line 65
14/11/2025 06:54:55==>No connection could be made because the target machine actively refused it. (wsfe-homo.arca.gob.ar:443)
   at System.Runtime.AsyncResult.End[TAsyncResult](IAsyncResult result)
   at System.ServiceModel.Channels.ServiceChannel.SendAsyncResult.End(SendAsyncResult result)
   at System.ServiceModel.Channels.ServiceChannel.EndCall(String action, Object[] outs, IAsyncResult result)
   at System.ServiceModel.Channels.ServiceChannelProxy.TaskCreator.<>c__DisplayClass1_0.<CreateGenericTask>b__0(IAsyncResult asyncResult)
--- End of stack trace from previous location ---
   at Applet.Nat.Api.Br.Models.DocumentExp.GetCotizacion(String vivstrMoneda, DateTime vivdtm) in C:\Users\Jaco2701\Documents\Visual Studio Projects\Nat\Nat.api\Models\BR\DocumentExp.cs:line 156
No connection could be made because the target machine actively refused it. (wsfe-homo.arca.gob.ar:443)
   at System.Net.Http.HttpConnectionPool.ConnectToTcpHostAsync(String host, Int32 port, HttpRequestMessage initialRequest, Boolean async, CancellationToken cancellationToken)
   at System.Net.Http.HttpConnectionPool.ConnectAsync(HttpRequestMessage request, Boolean async, CancellationToken cancellationToken)
   at System.Net.Http.HttpConnectionPool.CreateHttp11ConnectionAsync(HttpRequestMessage request, Boolean async, CancellationToken cancellationToken)
   at System.Net.Http.HttpConnectionPool.AddHttp11ConnectionAsync(QueueItem queueItem)
   at System.Threading.Tasks.TaskCompletionSourceWithCancellation`1.WaitWithCancellationAsync(CancellationToken cancellationToken)
   at System.Net.Http.HttpConnectionPool.SendWithVersionDetectionAndRetryAsync(HttpRequestMessage request, Boolean async, Boolean doRequestAuth, CancellationToken cancellationToken)
   at System.Net.Http.DiagnosticsHandler.SendAsyncCore(HttpRequestMessage request, Boolean async, CancellationToken cancellationToken)
   at System.Net.Http.RedirectHandler.SendAsync(HttpRequestMessage request, Boolean async, CancellationToken cancellationToken)
   at System.Net.Http.DecompressionHandler.SendAsync(HttpRequestMessage request, Boolean async, CancellationToken cancellationToken)
   at System.Net.Http.HttpClient.<SendAsync>g__Core|83_0(HttpRequestMessage request, HttpCompletionOption completionOption, CancellationTokenSource cts, Boolean disposeCts, CancellationTokenSource pendingRequestsCts, CancellationToken originalCancellationToken)
   at System.ServiceModel.Channels.HttpChannelFactory`1.HttpClientRequestChannel.HttpClientChannelAsyncRequest.SendRequestAsync(Message message, TimeoutHelper timeoutHelper)
No connection could be made because the target machine actively refused it.
   at System.Net.Sockets.Socket.AwaitableSocketAsyncEventArgs.ThrowException(SocketError error, CancellationToken cancellationToken)
   at System.Net.Sockets.Socket.AwaitableSocketAsyncEventArgs.System.Threading.Tasks.Sources.IValueTaskSource.GetResult(Int16 token)
   at System.Net.Sockets.Socket.<ConnectAsync>g__WaitForConnectWithCancellation|285_0(AwaitableSocketAsyncEventArgs saea, ValueTask connectTask, CancellationToken cancellationToken)
   at System.Net.Http.HttpConnectionPool.ConnectToTcpHostAsync(String host, Int32 port, HttpRequestMessage initialRequest, Boolean async, CancellationToken cancellationToken)
14/11/2025 06:54:55==>Cotizacion Invalida
   at Applet.Nat.Api.Br.Models.DocumentExp.GetCotizacion(String vivstrMoneda, DateTime vivdtm) in C:\Users\Jaco2701\Documents\Visual Studio Projects\Nat\Nat.api\Models\BR\DocumentExp.cs:line 175
   at Applet.Nat.Api.Controllers.MiscController.Statics() in C:\Users\Jaco2701\Documents\Visual Studio Projects\Nat\Nat.api\Controllers\MiscController.cs:line 45
14/11/2025 06:54:56==>Valor de Lista FORMAT:dtmwsmtxca no encontrado
   at Applet.Nat.Api.Static.ListHelper.GetValue(String vivcodType, String vivcodId, NatContext vioContext) in C:\Users\Jaco2701\Documents\Visual Studio Projects\Nat\Nat.api\Static\ListHelper.cs:line 26
   at Applet.Nat.Api.Models.Afip.AfipService.get_ivstrDateformat() in C:\Users\Jaco2701\Documents\Visual Studio Projects\Nat\Nat.api\Models\Afip\AfipService.cs:line 74
   at Applet.Nat.BR.DocumentMTXCA.GetCotizacion(String vivstrMoneda, DateTime vivdtm) in C:\Users\Jaco2701\Documents\Visual Studio Projects\Nat\Nat.api\Models\BR\DocumentMtxca.cs:line 540
14/11/2025 06:54:56==>Cotizacion Invalida
   at Applet.Nat.BR.DocumentMTXCA.GetCotizacion(String vivstrMoneda, DateTime vivdtm) in C:\Users\Jaco2701\Documents\Visual Studio Projects\Nat\Nat.api\Models\BR\DocumentMtxca.cs:line 566
   at Applet.Nat.Api.Controllers.MiscController.Statics() in C:\Users\Jaco2701\Documents\Visual Studio Projects\Nat\Nat.api\Controllers\MiscController.cs:line 65
14/11/2025 06:55:03==>No connection could be made because the target machine actively refused it. (wsfe-homo.arca.gob.ar:443)
   at System.Runtime.AsyncResult.End[TAsyncResult](IAsyncResult result)
   at System.ServiceModel.Channels.ServiceChannel.SendAsyncResult.End(SendAsyncResult result)
   at System.ServiceModel.Channels.ServiceChannel.EndCall(String action, Object[] outs, IAsyncResult result)
   at System.ServiceModel.Channels.ServiceChannelProxy.TaskCreator.<>c__DisplayClass1_0.<CreateGenericTask>b__0(IAsyncResult asyncResult)
--- End of stack trace from previous location ---
   at Applet.Nat.Api.Br.Models.DocumentExp.GetCotizacion(String vivstrMoneda, DateTime vivdtm) in C:\Users\Jaco2701\Documents\Visual Studio Projects\Nat\Nat.api\Models\BR\DocumentExp.cs:line 156
No connection could be made because the target machine actively refused it. (wsfe-homo.arca.gob.ar:443)
   at System.Net.Http.HttpConnectionPool.ConnectToTcpHostAsync(String host, Int32 port, HttpRequestMessage initialRequest, Boolean async, CancellationToken cancellationToken)
   at System.Net.Http.HttpConnectionPool.ConnectAsync(HttpRequestMessage request, Boolean async, CancellationToken cancellationToken)
   at System.Net.Http.HttpConnectionPool.CreateHttp11ConnectionAsync(HttpRequestMessage request, Boolean async, CancellationToken cancellationToken)
   at System.Net.Http.HttpConnectionPool.AddHttp11ConnectionAsync(QueueItem queueItem)
   at System.Threading.Tasks.TaskCompletionSourceWithCancellation`1.WaitWithCancellationAsync(CancellationToken cancellationToken)
   at System.Net.Http.HttpConnectionPool.SendWithVersionDetectionAndRetryAsync(HttpRequestMessage request, Boolean async, Boolean doRequestAuth, CancellationToken cancellationToken)
   at System.Net.Http.DiagnosticsHandler.SendAsyncCore(HttpRequestMessage request, Boolean async, CancellationToken cancellationToken)
   at System.Net.Http.RedirectHandler.SendAsync(HttpRequestMessage request, Boolean async, CancellationToken cancellationToken)
   at System.Net.Http.DecompressionHandler.SendAsync(HttpRequestMessage request, Boolean async, CancellationToken cancellationToken)
   at System.Net.Http.HttpClient.<SendAsync>g__Core|83_0(HttpRequestMessage request, HttpCompletionOption completionOption, CancellationTokenSource cts, Boolean disposeCts, CancellationTokenSource pendingRequestsCts, CancellationToken originalCancellationToken)
   at System.ServiceModel.Channels.HttpChannelFactory`1.HttpClientRequestChannel.HttpClientChannelAsyncRequest.SendRequestAsync(Message message, TimeoutHelper timeoutHelper)
No connection could be made because the target machine actively refused it.
   at System.Net.Sockets.Socket.AwaitableSocketAsyncEventArgs.ThrowException(SocketError error, CancellationToken cancellationToken)
   at System.Net.Sockets.Socket.AwaitableSocketAsyncEventArgs.System.Threading.Tasks.Sources.IValueTaskSource.GetResult(Int16 token)
   at System.Net.Sockets.Socket.<ConnectAsync>g__WaitForConnectWithCancellation|285_0(AwaitableSocketAsyncEventArgs saea, ValueTask connectTask, CancellationToken cancellationToken)
   at System.Net.Http.HttpConnectionPool.ConnectToTcpHostAsync(String host, Int32 port, HttpRequestMessage initialRequest, Boolean async, CancellationToken cancellationToken)
14/11/2025 06:55:03==>Cotizacion Invalida
   at Applet.Nat.Api.Br.Models.DocumentExp.GetCotizacion(String vivstrMoneda, DateTime vivdtm) in C:\Users\Jaco2701\Documents\Visual Studio Projects\Nat\Nat.api\Models\BR\DocumentExp.cs:line 175
   at Applet.Nat.Api.Controllers.MiscController.Statics() in C:\Users\Jaco2701\Documents\Visual Studio Projects\Nat\Nat.api\Controllers\MiscController.cs:line 45
14/11/2025 06:55:04==>Valor de Lista FORMAT:dtmwsmtxca no encontrado
   at Applet.Nat.Api.Static.ListHelper.GetValue(String vivcodType, String vivcodId, NatContext vioContext) in C:\Users\Jaco2701\Documents\Visual Studio Projects\Nat\Nat.api\Static\ListHelper.cs:line 26
   at Applet.Nat.Api.Models.Afip.AfipService.get_ivstrDateformat() in C:\Users\Jaco2701\Documents\Visual Studio Projects\Nat\Nat.api\Models\Afip\AfipService.cs:line 74
   at Applet.Nat.BR.DocumentMTXCA.GetCotizacion(String vivstrMoneda, DateTime vivdtm) in C:\Users\Jaco2701\Documents\Visual Studio Projects\Nat\Nat.api\Models\BR\DocumentMtxca.cs:line 540
14/11/2025 06:55:04==>Cotizacion Invalida
   at Applet.Nat.BR.DocumentMTXCA.GetCotizacion(String vivstrMoneda, DateTime vivdtm) in C:\Users\Jaco2701\Documents\Visual Studio Projects\Nat\Nat.api\Models\BR\DocumentMtxca.cs:line 566
   at Applet.Nat.Api.Controllers.MiscController.Statics() in C:\Users\Jaco2701\Documents\Visual Studio Projects\Nat\Nat.api\Controllers\MiscController.cs:line 65
14/11/2025 06:55:28==>No connection could be made because the target machine actively refused it. (wsfe-homo.arca.gob.ar:443)
   at System.Runtime.AsyncResult.End[TAsyncResult](IAsyncResult result)
   at System.ServiceModel.Channels.ServiceChannel.SendAsyncResult.End(SendAsyncResult result)
   at System.ServiceModel.Channels.ServiceChannel.EndCall(String action, Object[] outs, IAsyncResult result)
   at System.ServiceModel.Channels.ServiceChannelProxy.TaskCreator.<>c__DisplayClass1_0.<CreateGenericTask>b__0(IAsyncResult asyncResult)
--- End of stack trace from previous location ---
   at Applet.Nat.Api.Br.Models.DocumentExp.GetCotizacion(String vivstrMoneda, DateTime vivdtm) in C:\Users\Jaco2701\Documents\Visual Studio Projects\Nat\Nat.api\Models\BR\DocumentExp.cs:line 156
No connection could be made because the target machine actively refused it. (wsfe-homo.arca.gob.ar:443)
   at System.Net.Http.HttpConnectionPool.ConnectToTcpHostAsync(String host, Int32 port, HttpRequestMessage initialRequest, Boolean async, CancellationToken cancellationToken)
   at System.Net.Http.HttpConnectionPool.ConnectAsync(HttpRequestMessage request, Boolean async, CancellationToken cancellationToken)
   at System.Net.Http.HttpConnectionPool.CreateHttp11ConnectionAsync(HttpRequestMessage request, Boolean async, CancellationToken cancellationToken)
   at System.Net.Http.HttpConnectionPool.AddHttp11ConnectionAsync(QueueItem queueItem)
   at System.Threading.Tasks.TaskCompletionSourceWithCancellation`1.WaitWithCancellationAsync(CancellationToken cancellationToken)
   at System.Net.Http.HttpConnectionPool.SendWithVersionDetectionAndRetryAsync(HttpRequestMessage request, Boolean async, Boolean doRequestAuth, CancellationToken cancellationToken)
   at System.Net.Http.DiagnosticsHandler.SendAsyncCore(HttpRequestMessage request, Boolean async, CancellationToken cancellationToken)
   at System.Net.Http.RedirectHandler.SendAsync(HttpRequestMessage request, Boolean async, CancellationToken cancellationToken)
   at System.Net.Http.DecompressionHandler.SendAsync(HttpRequestMessage request, Boolean async, CancellationToken cancellationToken)
   at System.Net.Http.HttpClient.<SendAsync>g__Core|83_0(HttpRequestMessage request, HttpCompletionOption completionOption, CancellationTokenSource cts, Boolean disposeCts, CancellationTokenSource pendingRequestsCts, CancellationToken originalCancellationToken)
   at System.ServiceModel.Channels.HttpChannelFactory`1.HttpClientRequestChannel.HttpClientChannelAsyncRequest.SendRequestAsync(Message message, TimeoutHelper timeoutHelper)
No connection could be made because the target machine actively refused it.
   at System.Net.Sockets.Socket.AwaitableSocketAsyncEventArgs.ThrowException(SocketError error, CancellationToken cancellationToken)
   at System.Net.Sockets.Socket.AwaitableSocketAsyncEventArgs.System.Threading.Tasks.Sources.IValueTaskSource.GetResult(Int16 token)
   at System.Net.Sockets.Socket.<ConnectAsync>g__WaitForConnectWithCancellation|285_0(AwaitableSocketAsyncEventArgs saea, ValueTask connectTask, CancellationToken cancellationToken)
   at System.Net.Http.HttpConnectionPool.ConnectToTcpHostAsync(String host, Int32 port, HttpRequestMessage initialRequest, Boolean async, CancellationToken cancellationToken)
14/11/2025 06:55:28==>Cotizacion Invalida
   at Applet.Nat.Api.Br.Models.DocumentExp.GetCotizacion(String vivstrMoneda, DateTime vivdtm) in C:\Users\Jaco2701\Documents\Visual Studio Projects\Nat\Nat.api\Models\BR\DocumentExp.cs:line 175
   at Applet.Nat.Api.Controllers.MiscController.Statics() in C:\Users\Jaco2701\Documents\Visual Studio Projects\Nat\Nat.api\Controllers\MiscController.cs:line 45
14/11/2025 06:55:28==>Valor de Lista FORMAT:dtmwsmtxca no encontrado
   at Applet.Nat.Api.Static.ListHelper.GetValue(String vivcodType, String vivcodId, NatContext vioContext) in C:\Users\Jaco2701\Documents\Visual Studio Projects\Nat\Nat.api\Static\ListHelper.cs:line 26
   at Applet.Nat.Api.Models.Afip.AfipService.get_ivstrDateformat() in C:\Users\Jaco2701\Documents\Visual Studio Projects\Nat\Nat.api\Models\Afip\AfipService.cs:line 74
   at Applet.Nat.BR.DocumentMTXCA.GetCotizacion(String vivstrMoneda, DateTime vivdtm) in C:\Users\Jaco2701\Documents\Visual Studio Projects\Nat\Nat.api\Models\BR\DocumentMtxca.cs:line 540
14/11/2025 06:55:28==>Cotizacion Invalida
   at Applet.Nat.BR.DocumentMTXCA.GetCotizacion(String vivstrMoneda, DateTime vivdtm) in C:\Users\Jaco2701\Documents\Visual Studio Projects\Nat\Nat.api\Models\BR\DocumentMtxca.cs:line 566
   at Applet.Nat.Api.Controllers.MiscController.Statics() in C:\Users\Jaco2701\Documents\Visual Studio Projects\Nat\Nat.api\Controllers\MiscController.cs:line 65
14/11/2025 06:55:30==>No connection could be made because the target machine actively refused it. (wsfe-homo.arca.gob.ar:443)
   at System.Runtime.AsyncResult.End[TAsyncResult](IAsyncResult result)
   at System.ServiceModel.Channels.ServiceChannel.SendAsyncResult.End(SendAsyncResult result)
   at System.ServiceModel.Channels.ServiceChannel.EndCall(String action, Object[] outs, IAsyncResult result)
   at System.ServiceModel.Channels.ServiceChannelProxy.TaskCreator.<>c__DisplayClass1_0.<CreateGenericTask>b__0(IAsyncResult asyncResult)
--- End of stack trace from previous location ---
   at Applet.Nat.Api.Br.Models.DocumentExp.GetCotizacion(String vivstrMoneda, DateTime vivdtm) in C:\Users\Jaco2701\Documents\Visual Studio Projects\Nat\Nat.api\Models\BR\DocumentExp.cs:line 156
No connection could be made because the target machine actively refused it. (wsfe-homo.arca.gob.ar:443)
   at System.Net.Http.HttpConnectionPool.ConnectToTcpHostAsync(String host, Int32 port, HttpRequestMessage initialRequest, Boolean async, CancellationToken cancellationToken)
   at System.Net.Http.HttpConnectionPool.ConnectAsync(HttpRequestMessage request, Boolean async, CancellationToken cancellationToken)
   at System.Net.Http.HttpConnectionPool.CreateHttp11ConnectionAsync(HttpRequestMessage request, Boolean async, CancellationToken cancellationToken)
   at System.Net.Http.HttpConnectionPool.AddHttp11ConnectionAsync(QueueItem queueItem)
   at System.Threading.Tasks.TaskCompletionSourceWithCancellation`1.WaitWithCancellationAsync(CancellationToken cancellationToken)
   at System.Net.Http.HttpConnectionPool.SendWithVersionDetectionAndRetryAsync(HttpRequestMessage request, Boolean async, Boolean doRequestAuth, CancellationToken cancellationToken)
   at System.Net.Http.DiagnosticsHandler.SendAsyncCore(HttpRequestMessage request, Boolean async, CancellationToken cancellationToken)
   at System.Net.Http.RedirectHandler.SendAsync(HttpRequestMessage request, Boolean async, CancellationToken cancellationToken)
   at System.Net.Http.DecompressionHandler.SendAsync(HttpRequestMessage request, Boolean async, CancellationToken cancellationToken)
   at System.Net.Http.HttpClient.<SendAsync>g__Core|83_0(HttpRequestMessage request, HttpCompletionOption completionOption, CancellationTokenSource cts, Boolean disposeCts, CancellationTokenSource pendingRequestsCts, CancellationToken originalCancellationToken)
   at System.ServiceModel.Channels.HttpChannelFactory`1.HttpClientRequestChannel.HttpClientChannelAsyncRequest.SendRequestAsync(Message message, TimeoutHelper timeoutHelper)
No connection could be made because the target machine actively refused it.
   at System.Net.Sockets.Socket.AwaitableSocketAsyncEventArgs.ThrowException(SocketError error, CancellationToken cancellationToken)
   at System.Net.Sockets.Socket.AwaitableSocketAsyncEventArgs.System.Threading.Tasks.Sources.IValueTaskSource.GetResult(Int16 token)
   at System.Net.Sockets.Socket.<ConnectAsync>g__WaitForConnectWithCancellation|285_0(AwaitableSocketAsyncEventArgs saea, ValueTask connectTask, CancellationToken cancellationToken)
   at System.Net.Http.HttpConnectionPool.ConnectToTcpHostAsync(String host, Int32 port, HttpRequestMessage initialRequest, Boolean async, CancellationToken cancellationToken)
14/11/2025 06:55:30==>Cotizacion Invalida
   at Applet.Nat.Api.Br.Models.DocumentExp.GetCotizacion(String vivstrMoneda, DateTime vivdtm) in C:\Users\Jaco2701\Documents\Visual Studio Projects\Nat\Nat.api\Models\BR\DocumentExp.cs:line 175
   at Applet.Nat.Api.Controllers.MiscController.Statics() in C:\Users\Jaco2701\Documents\Visual Studio Projects\Nat\Nat.api\Controllers\MiscController.cs:line 45
14/11/2025 06:55:30==>Valor de Lista FORMAT:dtmwsmtxca no encontrado
   at Applet.Nat.Api.Static.ListHelper.GetValue(String vivcodType, String vivcodId, NatContext vioContext) in C:\Users\Jaco2701\Documents\Visual Studio Projects\Nat\Nat.api\Static\ListHelper.cs:line 26
   at Applet.Nat.Api.Models.Afip.AfipService.get_ivstrDateformat() in C:\Users\Jaco2701\Documents\Visual Studio Projects\Nat\Nat.api\Models\Afip\AfipService.cs:line 74
   at Applet.Nat.BR.DocumentMTXCA.GetCotizacion(String vivstrMoneda, DateTime vivdtm) in C:\Users\Jaco2701\Documents\Visual Studio Projects\Nat\Nat.api\Models\BR\DocumentMtxca.cs:line 540
14/11/2025 06:55:30==>Cotizacion Invalida
   at Applet.Nat.BR.DocumentMTXCA.GetCotizacion(String vivstrMoneda, DateTime vivdtm) in C:\Users\Jaco2701\Documents\Visual Studio Projects\Nat\Nat.api\Models\BR\DocumentMtxca.cs:line 566
   at Applet.Nat.Api.Controllers.MiscController.Statics() in C:\Users\Jaco2701\Documents\Visual Studio Projects\Nat\Nat.api\Controllers\MiscController.cs:line 65
14/11/2025 06:56:01==>No connection could be made because the target machine actively refused it. (wsfe-homo.arca.gob.ar:443)
   at System.Runtime.AsyncResult.End[TAsyncResult](IAsyncResult result)
   at System.ServiceModel.Channels.ServiceChannel.SendAsyncResult.End(SendAsyncResult result)
   at System.ServiceModel.Channels.ServiceChannel.EndCall(String action, Object[] outs, IAsyncResult result)
   at System.ServiceModel.Channels.ServiceChannelProxy.TaskCreator.<>c__DisplayClass1_0.<CreateGenericTask>b__0(IAsyncResult asyncResult)
--- End of stack trace from previous location ---
   at Applet.Nat.Api.Br.Models.DocumentExp.GetCotizacion(String vivstrMoneda, DateTime vivdtm) in C:\Users\Jaco2701\Documents\Visual Studio Projects\Nat\Nat.api\Models\BR\DocumentExp.cs:line 156
No connection could be made because the target machine actively refused it. (wsfe-homo.arca.gob.ar:443)
   at System.Net.Http.HttpConnectionPool.ConnectToTcpHostAsync(String host, Int32 port, HttpRequestMessage initialRequest, Boolean async, CancellationToken cancellationToken)
   at System.Net.Http.HttpConnectionPool.ConnectAsync(HttpRequestMessage request, Boolean async, CancellationToken cancellationToken)
   at System.Net.Http.HttpConnectionPool.CreateHttp11ConnectionAsync(HttpRequestMessage request, Boolean async, CancellationToken cancellationToken)
   at System.Net.Http.HttpConnectionPool.AddHttp11ConnectionAsync(QueueItem queueItem)
   at System.Threading.Tasks.TaskCompletionSourceWithCancellation`1.WaitWithCancellationAsync(CancellationToken cancellationToken)
   at System.Net.Http.HttpConnectionPool.SendWithVersionDetectionAndRetryAsync(HttpRequestMessage request, Boolean async, Boolean doRequestAuth, CancellationToken cancellationToken)
   at System.Net.Http.DiagnosticsHandler.SendAsyncCore(HttpRequestMessage request, Boolean async, CancellationToken cancellationToken)
   at System.Net.Http.RedirectHandler.SendAsync(HttpRequestMessage request, Boolean async, CancellationToken cancellationToken)
   at System.Net.Http.DecompressionHandler.SendAsync(HttpRequestMessage request, Boolean async, CancellationToken cancellationToken)
   at System.Net.Http.HttpClient.<SendAsync>g__Core|83_0(HttpRequestMessage request, HttpCompletionOption completionOption, CancellationTokenSource cts, Boolean disposeCts, CancellationTokenSource pendingRequestsCts, CancellationToken originalCancellationToken)
   at System.ServiceModel.Channels.HttpChannelFactory`1.HttpClientRequestChannel.HttpClientChannelAsyncRequest.SendRequestAsync(Message message, TimeoutHelper timeoutHelper)
No connection could be made because the target machine actively refused it.
   at System.Net.Sockets.Socket.AwaitableSocketAsyncEventArgs.ThrowException(SocketError error, CancellationToken cancellationToken)
   at System.Net.Sockets.Socket.AwaitableSocketAsyncEventArgs.System.Threading.Tasks.Sources.IValueTaskSource.GetResult(Int16 token)
   at System.Net.Sockets.Socket.<ConnectAsync>g__WaitForConnectWithCancellation|285_0(AwaitableSocketAsyncEventArgs saea, ValueTask connectTask, CancellationToken cancellationToken)
   at System.Net.Http.HttpConnectionPool.ConnectToTcpHostAsync(String host, Int32 port, HttpRequestMessage initialRequest, Boolean async, CancellationToken cancellationToken)
14/11/2025 06:56:01==>Cotizacion Invalida
   at Applet.Nat.Api.Br.Models.DocumentExp.GetCotizacion(String vivstrMoneda, DateTime vivdtm) in C:\Users\Jaco2701\Documents\Visual Studio Projects\Nat\Nat.api\Models\BR\DocumentExp.cs:line 175
   at Applet.Nat.Api.Controllers.MiscController.Statics() in C:\Users\Jaco2701\Documents\Visual Studio Projects\Nat\Nat.api\Controllers\MiscController.cs:line 45
14/11/2025 06:56:03==>Valor de Lista FORMAT:dtmwsmtxca no encontrado
   at Applet.Nat.Api.Static.ListHelper.GetValue(String vivcodType, String vivcodId, NatContext vioContext) in C:\Users\Jaco2701\Documents\Visual Studio Projects\Nat\Nat.api\Static\ListHelper.cs:line 26
   at Applet.Nat.Api.Models.Afip.AfipService.get_ivstrDateformat() in C:\Users\Jaco2701\Documents\Visual Studio Projects\Nat\Nat.api\Models\Afip\AfipService.cs:line 74
   at Applet.Nat.BR.DocumentMTXCA.GetCotizacion(String vivstrMoneda, DateTime vivdtm) in C:\Users\Jaco2701\Documents\Visual Studio Projects\Nat\Nat.api\Models\BR\DocumentMtxca.cs:line 540
14/11/2025 06:56:03==>Cotizacion Invalida
   at Applet.Nat.BR.DocumentMTXCA.GetCotizacion(String vivstrMoneda, DateTime vivdtm) in C:\Users\Jaco2701\Documents\Visual Studio Projects\Nat\Nat.api\Models\BR\DocumentMtxca.cs:line 566
   at Applet.Nat.Api.Controllers.MiscController.Statics() in C:\Users\Jaco2701\Documents\Visual Studio Projects\Nat\Nat.api\Controllers\MiscController.cs:line 65
14/11/2025 06:57:39==>No connection could be made because the target machine actively refused it. (wsfe-homo.arca.gob.ar:443)
   at System.Runtime.AsyncResult.End[TAsyncResult](IAsyncResult result)
   at System.ServiceModel.Channels.ServiceChannel.SendAsyncResult.End(SendAsyncResult result)
   at System.ServiceModel.Channels.ServiceChannel.EndCall(String action, Object[] outs, IAsyncResult result)
   at System.ServiceModel.Channels.ServiceChannelProxy.TaskCreator.<>c__DisplayClass1_0.<CreateGenericTask>b__0(IAsyncResult asyncResult)
--- End of stack trace from previous location ---
   at Applet.Nat.Api.Br.Models.DocumentExp.GetCotizacion(String vivstrMoneda, DateTime vivdtm) in C:\Users\Jaco2701\Documents\Visual Studio Projects\Nat\Nat.api\Models\BR\DocumentExp.cs:line 156
No connection could be made because the target machine actively refused it. (wsfe-homo.arca.gob.ar:443)
   at System.Net.Http.HttpConnectionPool.ConnectToTcpHostAsync(String host, Int32 port, HttpRequestMessage initialRequest, Boolean async, CancellationToken cancellationToken)
   at System.Net.Http.HttpConnectionPool.ConnectAsync(HttpRequestMessage request, Boolean async, CancellationToken cancellationToken)
   at System.Net.Http.HttpConnectionPool.CreateHttp11ConnectionAsync(HttpRequestMessage request, Boolean async, CancellationToken cancellationToken)
   at System.Net.Http.HttpConnectionPool.AddHttp11ConnectionAsync(QueueItem queueItem)
   at System.Threading.Tasks.TaskCompletionSourceWithCancellation`1.WaitWithCancellationAsync(CancellationToken cancellationToken)
   at System.Net.Http.HttpConnectionPool.SendWithVersionDetectionAndRetryAsync(HttpRequestMessage request, Boolean async, Boolean doRequestAuth, CancellationToken cancellationToken)
   at System.Net.Http.DiagnosticsHandler.SendAsyncCore(HttpRequestMessage request, Boolean async, CancellationToken cancellationToken)
   at System.Net.Http.RedirectHandler.SendAsync(HttpRequestMessage request, Boolean async, CancellationToken cancellationToken)
   at System.Net.Http.DecompressionHandler.SendAsync(HttpRequestMessage request, Boolean async, CancellationToken cancellationToken)
   at System.Net.Http.HttpClient.<SendAsync>g__Core|83_0(HttpRequestMessage request, HttpCompletionOption completionOption, CancellationTokenSource cts, Boolean disposeCts, CancellationTokenSource pendingRequestsCts, CancellationToken originalCancellationToken)
   at System.ServiceModel.Channels.HttpChannelFactory`1.HttpClientRequestChannel.HttpClientChannelAsyncRequest.SendRequestAsync(Message message, TimeoutHelper timeoutHelper)
No connection could be made because the target machine actively refused it.
   at System.Net.Sockets.Socket.AwaitableSocketAsyncEventArgs.ThrowException(SocketError error, CancellationToken cancellationToken)
   at System.Net.Sockets.Socket.AwaitableSocketAsyncEventArgs.System.Threading.Tasks.Sources.IValueTaskSource.GetResult(Int16 token)
   at System.Net.Sockets.Socket.<ConnectAsync>g__WaitForConnectWithCancellation|285_0(AwaitableSocketAsyncEventArgs saea, ValueTask connectTask, CancellationToken cancellationToken)
   at System.Net.Http.HttpConnectionPool.ConnectToTcpHostAsync(String host, Int32 port, HttpRequestMessage initialRequest, Boolean async, CancellationToken cancellationToken)
14/11/2025 06:57:39==>Cotizacion Invalida
   at Applet.Nat.Api.Br.Models.DocumentExp.GetCotizacion(String vivstrMoneda, DateTime vivdtm) in C:\Users\Jaco2701\Documents\Visual Studio Projects\Nat\Nat.api\Models\BR\DocumentExp.cs:line 175
   at Applet.Nat.Api.Controllers.MiscController.Statics() in C:\Users\Jaco2701\Documents\Visual Studio Projects\Nat\Nat.api\Controllers\MiscController.cs:line 45
14/11/2025 06:57:40==>Valor de Lista FORMAT:dtmwsmtxca no encontrado
   at Applet.Nat.Api.Static.ListHelper.GetValue(String vivcodType, String vivcodId, NatContext vioContext) in C:\Users\Jaco2701\Documents\Visual Studio Projects\Nat\Nat.api\Static\ListHelper.cs:line 26
   at Applet.Nat.Api.Models.Afip.AfipService.get_ivstrDateformat() in C:\Users\Jaco2701\Documents\Visual Studio Projects\Nat\Nat.api\Models\Afip\AfipService.cs:line 74
   at Applet.Nat.BR.DocumentMTXCA.GetCotizacion(String vivstrMoneda, DateTime vivdtm) in C:\Users\Jaco2701\Documents\Visual Studio Projects\Nat\Nat.api\Models\BR\DocumentMtxca.cs:line 540
14/11/2025 06:57:40==>Cotizacion Invalida
   at Applet.Nat.BR.DocumentMTXCA.GetCotizacion(String vivstrMoneda, DateTime vivdtm) in C:\Users\Jaco2701\Documents\Visual Studio Projects\Nat\Nat.api\Models\BR\DocumentMtxca.cs:line 566
   at Applet.Nat.Api.Controllers.MiscController.Statics() in C:\Users\Jaco2701\Documents\Visual Studio Projects\Nat\Nat.api\Controllers\MiscController.cs:line 65
14/11/2025 06:57:42==>No connection could be made because the target machine actively refused it. (wsfe-homo.arca.gob.ar:443)
   at System.Runtime.AsyncResult.End[TAsyncResult](IAsyncResult result)
   at System.ServiceModel.Channels.ServiceChannel.SendAsyncResult.End(SendAsyncResult result)
   at System.ServiceModel.Channels.ServiceChannel.EndCall(String action, Object[] outs, IAsyncResult result)
   at System.ServiceModel.Channels.ServiceChannelProxy.TaskCreator.<>c__DisplayClass1_0.<CreateGenericTask>b__0(IAsyncResult asyncResult)
--- End of stack trace from previous location ---
   at Applet.Nat.Api.Br.Models.DocumentExp.GetCotizacion(String vivstrMoneda, DateTime vivdtm) in C:\Users\Jaco2701\Documents\Visual Studio Projects\Nat\Nat.api\Models\BR\DocumentExp.cs:line 156
No connection could be made because the target machine actively refused it. (wsfe-homo.arca.gob.ar:443)
   at System.Net.Http.HttpConnectionPool.ConnectToTcpHostAsync(String host, Int32 port, HttpRequestMessage initialRequest, Boolean async, CancellationToken cancellationToken)
   at System.Net.Http.HttpConnectionPool.ConnectAsync(HttpRequestMessage request, Boolean async, CancellationToken cancellationToken)
   at System.Net.Http.HttpConnectionPool.CreateHttp11ConnectionAsync(HttpRequestMessage request, Boolean async, CancellationToken cancellationToken)
   at System.Net.Http.HttpConnectionPool.AddHttp11ConnectionAsync(QueueItem queueItem)
   at System.Threading.Tasks.TaskCompletionSourceWithCancellation`1.WaitWithCancellationAsync(CancellationToken cancellationToken)
   at System.Net.Http.HttpConnectionPool.SendWithVersionDetectionAndRetryAsync(HttpRequestMessage request, Boolean async, Boolean doRequestAuth, CancellationToken cancellationToken)
   at System.Net.Http.DiagnosticsHandler.SendAsyncCore(HttpRequestMessage request, Boolean async, CancellationToken cancellationToken)
   at System.Net.Http.RedirectHandler.SendAsync(HttpRequestMessage request, Boolean async, CancellationToken cancellationToken)
   at System.Net.Http.DecompressionHandler.SendAsync(HttpRequestMessage request, Boolean async, CancellationToken cancellationToken)
   at System.Net.Http.HttpClient.<SendAsync>g__Core|83_0(HttpRequestMessage request, HttpCompletionOption completionOption, CancellationTokenSource cts, Boolean disposeCts, CancellationTokenSource pendingRequestsCts, CancellationToken originalCancellationToken)
   at System.ServiceModel.Channels.HttpChannelFactory`1.HttpClientRequestChannel.HttpClientChannelAsyncRequest.SendRequestAsync(Message message, TimeoutHelper timeoutHelper)
No connection could be made because the target machine actively refused it.
   at System.Net.Sockets.Socket.AwaitableSocketAsyncEventArgs.ThrowException(SocketError error, CancellationToken cancellationToken)
   at System.Net.Sockets.Socket.AwaitableSocketAsyncEventArgs.System.Threading.Tasks.Sources.IValueTaskSource.GetResult(Int16 token)
   at System.Net.Sockets.Socket.<ConnectAsync>g__WaitForConnectWithCancellation|285_0(AwaitableSocketAsyncEventArgs saea, ValueTask connectTask, CancellationToken cancellationToken)
   at System.Net.Http.HttpConnectionPool.ConnectToTcpHostAsync(String host, Int32 port, HttpRequestMessage initialRequest, Boolean async, CancellationToken cancellationToken)
14/11/2025 06:57:42==>Cotizacion Invalida
   at Applet.Nat.Api.Br.Models.DocumentExp.GetCotizacion(String vivstrMoneda, DateTime vivdtm) in C:\Users\Jaco2701\Documents\Visual Studio Projects\Nat\Nat.api\Models\BR\DocumentExp.cs:line 175
   at Applet.Nat.Api.Controllers.MiscController.Statics() in C:\Users\Jaco2701\Documents\Visual Studio Projects\Nat\Nat.api\Controllers\MiscController.cs:line 45
14/11/2025 06:57:42==>Valor de Lista FORMAT:dtmwsmtxca no encontrado
   at Applet.Nat.Api.Static.ListHelper.GetValue(String vivcodType, String vivcodId, NatContext vioContext) in C:\Users\Jaco2701\Documents\Visual Studio Projects\Nat\Nat.api\Static\ListHelper.cs:line 26
   at Applet.Nat.Api.Models.Afip.AfipService.get_ivstrDateformat() in C:\Users\Jaco2701\Documents\Visual Studio Projects\Nat\Nat.api\Models\Afip\AfipService.cs:line 74
   at Applet.Nat.BR.DocumentMTXCA.GetCotizacion(String vivstrMoneda, DateTime vivdtm) in C:\Users\Jaco2701\Documents\Visual Studio Projects\Nat\Nat.api\Models\BR\DocumentMtxca.cs:line 540
14/11/2025 06:57:42==>Cotizacion Invalida
   at Applet.Nat.BR.DocumentMTXCA.GetCotizacion(String vivstrMoneda, DateTime vivdtm) in C:\Users\Jaco2701\Documents\Visual Studio Projects\Nat\Nat.api\Models\BR\DocumentMtxca.cs:line 566
   at Applet.Nat.Api.Controllers.MiscController.Statics() in C:\Users\Jaco2701\Documents\Visual Studio Projects\Nat\Nat.api\Controllers\MiscController.cs:line 65
14/11/2025 06:59:42==>No connection could be made because the target machine actively refused it. (wsfe-homo.arca.gob.ar:443)
   at System.Runtime.AsyncResult.End[TAsyncResult](IAsyncResult result)
   at System.ServiceModel.Channels.ServiceChannel.SendAsyncResult.End(SendAsyncResult result)
   at System.ServiceModel.Channels.ServiceChannel.EndCall(String action, Object[] outs, IAsyncResult result)
   at System.ServiceModel.Channels.ServiceChannelProxy.TaskCreator.<>c__DisplayClass1_0.<CreateGenericTask>b__0(IAsyncResult asyncResult)
--- End of stack trace from previous location ---
   at Applet.Nat.Api.Br.Models.DocumentExp.GetCotizacion(String vivstrMoneda, DateTime vivdtm) in C:\Users\Jaco2701\Documents\Visual Studio Projects\Nat\Nat.api\Models\BR\DocumentExp.cs:line 156
No connection could be made because the target machine actively refused it. (wsfe-homo.arca.gob.ar:443)
   at System.Net.Http.HttpConnectionPool.ConnectToTcpHostAsync(String host, Int32 port, HttpRequestMessage initialRequest, Boolean async, CancellationToken cancellationToken)
   at System.Net.Http.HttpConnectionPool.ConnectAsync(HttpRequestMessage request, Boolean async, CancellationToken cancellationToken)
   at System.Net.Http.HttpConnectionPool.CreateHttp11ConnectionAsync(HttpRequestMessage request, Boolean async, CancellationToken cancellationToken)
   at System.Net.Http.HttpConnectionPool.AddHttp11ConnectionAsync(QueueItem queueItem)
   at System.Threading.Tasks.TaskCompletionSourceWithCancellation`1.WaitWithCancellationAsync(CancellationToken cancellationToken)
   at System.Net.Http.HttpConnectionPool.SendWithVersionDetectionAndRetryAsync(HttpRequestMessage request, Boolean async, Boolean doRequestAuth, CancellationToken cancellationToken)
   at System.Net.Http.DiagnosticsHandler.SendAsyncCore(HttpRequestMessage request, Boolean async, CancellationToken cancellationToken)
   at System.Net.Http.RedirectHandler.SendAsync(HttpRequestMessage request, Boolean async, CancellationToken cancellationToken)
   at System.Net.Http.DecompressionHandler.SendAsync(HttpRequestMessage request, Boolean async, CancellationToken cancellationToken)
   at System.Net.Http.HttpClient.<SendAsync>g__Core|83_0(HttpRequestMessage request, HttpCompletionOption completionOption, CancellationTokenSource cts, Boolean disposeCts, CancellationTokenSource pendingRequestsCts, CancellationToken originalCancellationToken)
   at System.ServiceModel.Channels.HttpChannelFactory`1.HttpClientRequestChannel.HttpClientChannelAsyncRequest.SendRequestAsync(Message message, TimeoutHelper timeoutHelper)
No connection could be made because the target machine actively refused it.
   at System.Net.Sockets.Socket.AwaitableSocketAsyncEventArgs.ThrowException(SocketError error, CancellationToken cancellationToken)
   at System.Net.Sockets.Socket.AwaitableSocketAsyncEventArgs.System.Threading.Tasks.Sources.IValueTaskSource.GetResult(Int16 token)
   at System.Net.Sockets.Socket.<ConnectAsync>g__WaitForConnectWithCancellation|285_0(AwaitableSocketAsyncEventArgs saea, ValueTask connectTask, CancellationToken cancellationToken)
   at System.Net.Http.HttpConnectionPool.ConnectToTcpHostAsync(String host, Int32 port, HttpRequestMessage initialRequest, Boolean async, CancellationToken cancellationToken)
14/11/2025 06:59:42==>Cotizacion Invalida
   at Applet.Nat.Api.Br.Models.DocumentExp.GetCotizacion(String vivstrMoneda, DateTime vivdtm) in C:\Users\Jaco2701\Documents\Visual Studio Projects\Nat\Nat.api\Models\BR\DocumentExp.cs:line 175
   at Applet.Nat.Api.Controllers.MiscController.Statics() in C:\Users\Jaco2701\Documents\Visual Studio Projects\Nat\Nat.api\Controllers\MiscController.cs:line 45
14/11/2025 06:59:42==>Valor de Lista FORMAT:dtmwsmtxca no encontrado
   at Applet.Nat.Api.Static.ListHelper.GetValue(String vivcodType, String vivcodId, NatContext vioContext) in C:\Users\Jaco2701\Documents\Visual Studio Projects\Nat\Nat.api\Static\ListHelper.cs:line 26
   at Applet.Nat.Api.Models.Afip.AfipService.get_ivstrDateformat() in C:\Users\Jaco2701\Documents\Visual Studio Projects\Nat\Nat.api\Models\Afip\AfipService.cs:line 74
   at Applet.Nat.BR.DocumentMTXCA.GetCotizacion(String vivstrMoneda, DateTime vivdtm) in C:\Users\Jaco2701\Documents\Visual Studio Projects\Nat\Nat.api\Models\BR\DocumentMtxca.cs:line 540
14/11/2025 06:59:42==>Cotizacion Invalida
   at Applet.Nat.BR.DocumentMTXCA.GetCotizacion(String vivstrMoneda, DateTime vivdtm) in C:\Users\Jaco2701\Documents\Visual Studio Projects\Nat\Nat.api\Models\BR\DocumentMtxca.cs:line 566
   at Applet.Nat.Api.Controllers.MiscController.Statics() in C:\Users\Jaco2701\Documents\Visual Studio Projects\Nat\Nat.api\Controllers\MiscController.cs:line 65
14/11/2025 06:59:45==>No connection could be made because the target machine actively refused it. (wsfe-homo.arca.gob.ar:443)
   at System.Runtime.AsyncResult.End[TAsyncResult](IAsyncResult result)
   at System.ServiceModel.Channels.ServiceChannel.SendAsyncResult.End(SendAsyncResult result)
   at System.ServiceModel.Channels.ServiceChannel.EndCall(String action, Object[] outs, IAsyncResult result)
   at System.ServiceModel.Channels.ServiceChannelProxy.TaskCreator.<>c__DisplayClass1_0.<CreateGenericTask>b__0(IAsyncResult asyncResult)
--- End of stack trace from previous location ---
   at Applet.Nat.Api.Br.Models.DocumentExp.GetCotizacion(String vivstrMoneda, DateTime vivdtm) in C:\Users\Jaco2701\Documents\Visual Studio Projects\Nat\Nat.api\Models\BR\DocumentExp.cs:line 156
No connection could be made because the target machine actively refused it. (wsfe-homo.arca.gob.ar:443)
   at System.Net.Http.HttpConnectionPool.ConnectToTcpHostAsync(String host, Int32 port, HttpRequestMessage initialRequest, Boolean async, CancellationToken cancellationToken)
   at System.Net.Http.HttpConnectionPool.ConnectAsync(HttpRequestMessage request, Boolean async, CancellationToken cancellationToken)
   at System.Net.Http.HttpConnectionPool.CreateHttp11ConnectionAsync(HttpRequestMessage request, Boolean async, CancellationToken cancellationToken)
   at System.Net.Http.HttpConnectionPool.AddHttp11ConnectionAsync(QueueItem queueItem)
   at System.Threading.Tasks.TaskCompletionSourceWithCancellation`1.WaitWithCancellationAsync(CancellationToken cancellationToken)
   at System.Net.Http.HttpConnectionPool.SendWithVersionDetectionAndRetryAsync(HttpRequestMessage request, Boolean async, Boolean doRequestAuth, CancellationToken cancellationToken)
   at System.Net.Http.DiagnosticsHandler.SendAsyncCore(HttpRequestMessage request, Boolean async, CancellationToken cancellationToken)
   at System.Net.Http.RedirectHandler.SendAsync(HttpRequestMessage request, Boolean async, CancellationToken cancellationToken)
   at System.Net.Http.DecompressionHandler.SendAsync(HttpRequestMessage request, Boolean async, CancellationToken cancellationToken)
   at System.Net.Http.HttpClient.<SendAsync>g__Core|83_0(HttpRequestMessage request, HttpCompletionOption completionOption, CancellationTokenSource cts, Boolean disposeCts, CancellationTokenSource pendingRequestsCts, CancellationToken originalCancellationToken)
   at System.ServiceModel.Channels.HttpChannelFactory`1.HttpClientRequestChannel.HttpClientChannelAsyncRequest.SendRequestAsync(Message message, TimeoutHelper timeoutHelper)
No connection could be made because the target machine actively refused it.
   at System.Net.Sockets.Socket.AwaitableSocketAsyncEventArgs.ThrowException(SocketError error, CancellationToken cancellationToken)
   at System.Net.Sockets.Socket.AwaitableSocketAsyncEventArgs.System.Threading.Tasks.Sources.IValueTaskSource.GetResult(Int16 token)
   at System.Net.Sockets.Socket.<ConnectAsync>g__WaitForConnectWithCancellation|285_0(AwaitableSocketAsyncEventArgs saea, ValueTask connectTask, CancellationToken cancellationToken)
   at System.Net.Http.HttpConnectionPool.ConnectToTcpHostAsync(String host, Int32 port, HttpRequestMessage initialRequest, Boolean async, CancellationToken cancellationToken)
14/11/2025 06:59:45==>Cotizacion Invalida
   at Applet.Nat.Api.Br.Models.DocumentExp.GetCotizacion(String vivstrMoneda, DateTime vivdtm) in C:\Users\Jaco2701\Documents\Visual Studio Projects\Nat\Nat.api\Models\BR\DocumentExp.cs:line 175
   at Applet.Nat.Api.Controllers.MiscController.Statics() in C:\Users\Jaco2701\Documents\Visual Studio Projects\Nat\Nat.api\Controllers\MiscController.cs:line 45
14/11/2025 06:59:45==>Valor de Lista FORMAT:dtmwsmtxca no encontrado
   at Applet.Nat.Api.Static.ListHelper.GetValue(String vivcodType, String vivcodId, NatContext vioContext) in C:\Users\Jaco2701\Documents\Visual Studio Projects\Nat\Nat.api\Static\ListHelper.cs:line 26
   at Applet.Nat.Api.Models.Afip.AfipService.get_ivstrDateformat() in C:\Users\Jaco2701\Documents\Visual Studio Projects\Nat\Nat.api\Models\Afip\AfipService.cs:line 74
   at Applet.Nat.BR.DocumentMTXCA.GetCotizacion(String vivstrMoneda, DateTime vivdtm) in C:\Users\Jaco2701\Documents\Visual Studio Projects\Nat\Nat.api\Models\BR\DocumentMtxca.cs:line 540
14/11/2025 06:59:45==>Cotizacion Invalida
   at Applet.Nat.BR.DocumentMTXCA.GetCotizacion(String vivstrMoneda, DateTime vivdtm) in C:\Users\Jaco2701\Documents\Visual Studio Projects\Nat\Nat.api\Models\BR\DocumentMtxca.cs:line 566
   at Applet.Nat.Api.Controllers.MiscController.Statics() in C:\Users\Jaco2701\Documents\Visual Studio Projects\Nat\Nat.api\Controllers\MiscController.cs:line 65
14/11/2025 07:03:05==>No connection could be made because the target machine actively refused it. (wsfe-homo.arca.gob.ar:443)
   at System.Runtime.AsyncResult.End[TAsyncResult](IAsyncResult result)
   at System.ServiceModel.Channels.ServiceChannel.SendAsyncResult.End(SendAsyncResult result)
   at System.ServiceModel.Channels.ServiceChannel.EndCall(String action, Object[] outs, IAsyncResult result)
   at System.ServiceModel.Channels.ServiceChannelProxy.TaskCreator.<>c__DisplayClass1_0.<CreateGenericTask>b__0(IAsyncResult asyncResult)
--- End of stack trace from previous location ---
   at Applet.Nat.Api.Br.Models.DocumentExp.GetCotizacion(String vivstrMoneda, DateTime vivdtm) in C:\Users\Jaco2701\Documents\Visual Studio Projects\Nat\Nat.api\Models\BR\DocumentExp.cs:line 156
No connection could be made because the target machine actively refused it. (wsfe-homo.arca.gob.ar:443)
   at System.Net.Http.HttpConnectionPool.ConnectToTcpHostAsync(String host, Int32 port, HttpRequestMessage initialRequest, Boolean async, CancellationToken cancellationToken)
   at System.Net.Http.HttpConnectionPool.ConnectAsync(HttpRequestMessage request, Boolean async, CancellationToken cancellationToken)
   at System.Net.Http.HttpConnectionPool.CreateHttp11ConnectionAsync(HttpRequestMessage request, Boolean async, CancellationToken cancellationToken)
   at System.Net.Http.HttpConnectionPool.AddHttp11ConnectionAsync(QueueItem queueItem)
   at System.Threading.Tasks.TaskCompletionSourceWithCancellation`1.WaitWithCancellationAsync(CancellationToken cancellationToken)
   at System.Net.Http.HttpConnectionPool.SendWithVersionDetectionAndRetryAsync(HttpRequestMessage request, Boolean async, Boolean doRequestAuth, CancellationToken cancellationToken)
   at System.Net.Http.DiagnosticsHandler.SendAsyncCore(HttpRequestMessage request, Boolean async, CancellationToken cancellationToken)
   at System.Net.Http.RedirectHandler.SendAsync(HttpRequestMessage request, Boolean async, CancellationToken cancellationToken)
   at System.Net.Http.DecompressionHandler.SendAsync(HttpRequestMessage request, Boolean async, CancellationToken cancellationToken)
   at System.Net.Http.HttpClient.<SendAsync>g__Core|83_0(HttpRequestMessage request, HttpCompletionOption completionOption, CancellationTokenSource cts, Boolean disposeCts, CancellationTokenSource pendingRequestsCts, CancellationToken originalCancellationToken)
   at System.ServiceModel.Channels.HttpChannelFactory`1.HttpClientRequestChannel.HttpClientChannelAsyncRequest.SendRequestAsync(Message message, TimeoutHelper timeoutHelper)
No connection could be made because the target machine actively refused it.
   at System.Net.Sockets.Socket.AwaitableSocketAsyncEventArgs.ThrowException(SocketError error, CancellationToken cancellationToken)
   at System.Net.Sockets.Socket.AwaitableSocketAsyncEventArgs.System.Threading.Tasks.Sources.IValueTaskSource.GetResult(Int16 token)
   at System.Net.Sockets.Socket.<ConnectAsync>g__WaitForConnectWithCancellation|285_0(AwaitableSocketAsyncEventArgs saea, ValueTask connectTask, CancellationToken cancellationToken)
   at System.Net.Http.HttpConnectionPool.ConnectToTcpHostAsync(String host, Int32 port, HttpRequestMessage initialRequest, Boolean async, CancellationToken cancellationToken)
14/11/2025 07:03:05==>Cotizacion Invalida
   at Applet.Nat.Api.Br.Models.DocumentExp.GetCotizacion(String vivstrMoneda, DateTime vivdtm) in C:\Users\Jaco2701\Documents\Visual Studio Projects\Nat\Nat.api\Models\BR\DocumentExp.cs:line 175
   at Applet.Nat.Api.Controllers.MiscController.Statics() in C:\Users\Jaco2701\Documents\Visual Studio Projects\Nat\Nat.api\Controllers\MiscController.cs:line 45
14/11/2025 07:03:05==>Valor de Lista FORMAT:dtmwsmtxca no encontrado
   at Applet.Nat.Api.Static.ListHelper.GetValue(String vivcodType, String vivcodId, NatContext vioContext) in C:\Users\Jaco2701\Documents\Visual Studio Projects\Nat\Nat.api\Static\ListHelper.cs:line 26
   at Applet.Nat.Api.Models.Afip.AfipService.get_ivstrDateformat() in C:\Users\Jaco2701\Documents\Visual Studio Projects\Nat\Nat.api\Models\Afip\AfipService.cs:line 74
   at Applet.Nat.BR.DocumentMTXCA.GetCotizacion(String vivstrMoneda, DateTime vivdtm) in C:\Users\Jaco2701\Documents\Visual Studio Projects\Nat\Nat.api\Models\BR\DocumentMtxca.cs:line 540
14/11/2025 07:03:05==>Cotizacion Invalida
   at Applet.Nat.BR.DocumentMTXCA.GetCotizacion(String vivstrMoneda, DateTime vivdtm) in C:\Users\Jaco2701\Documents\Visual Studio Projects\Nat\Nat.api\Models\BR\DocumentMtxca.cs:line 566
   at Applet.Nat.Api.Controllers.MiscController.Statics() in C:\Users\Jaco2701\Documents\Visual Studio Projects\Nat\Nat.api\Controllers\MiscController.cs:line 65
14/11/2025 07:03:07==>No connection could be made because the target machine actively refused it. (wsfe-homo.arca.gob.ar:443)
   at System.Runtime.AsyncResult.End[TAsyncResult](IAsyncResult result)
   at System.ServiceModel.Channels.ServiceChannel.SendAsyncResult.End(SendAsyncResult result)
   at System.ServiceModel.Channels.ServiceChannel.EndCall(String action, Object[] outs, IAsyncResult result)
   at System.ServiceModel.Channels.ServiceChannelProxy.TaskCreator.<>c__DisplayClass1_0.<CreateGenericTask>b__0(IAsyncResult asyncResult)
--- End of stack trace from previous location ---
   at Applet.Nat.Api.Br.Models.DocumentExp.GetCotizacion(String vivstrMoneda, DateTime vivdtm) in C:\Users\Jaco2701\Documents\Visual Studio Projects\Nat\Nat.api\Models\BR\DocumentExp.cs:line 156
No connection could be made because the target machine actively refused it. (wsfe-homo.arca.gob.ar:443)
   at System.Net.Http.HttpConnectionPool.ConnectToTcpHostAsync(String host, Int32 port, HttpRequestMessage initialRequest, Boolean async, CancellationToken cancellationToken)
   at System.Net.Http.HttpConnectionPool.ConnectAsync(HttpRequestMessage request, Boolean async, CancellationToken cancellationToken)
   at System.Net.Http.HttpConnectionPool.CreateHttp11ConnectionAsync(HttpRequestMessage request, Boolean async, CancellationToken cancellationToken)
   at System.Net.Http.HttpConnectionPool.AddHttp11ConnectionAsync(QueueItem queueItem)
   at System.Threading.Tasks.TaskCompletionSourceWithCancellation`1.WaitWithCancellationAsync(CancellationToken cancellationToken)
   at System.Net.Http.HttpConnectionPool.SendWithVersionDetectionAndRetryAsync(HttpRequestMessage request, Boolean async, Boolean doRequestAuth, CancellationToken cancellationToken)
   at System.Net.Http.DiagnosticsHandler.SendAsyncCore(HttpRequestMessage request, Boolean async, CancellationToken cancellationToken)
   at System.Net.Http.RedirectHandler.SendAsync(HttpRequestMessage request, Boolean async, CancellationToken cancellationToken)
   at System.Net.Http.DecompressionHandler.SendAsync(HttpRequestMessage request, Boolean async, CancellationToken cancellationToken)
   at System.Net.Http.HttpClient.<SendAsync>g__Core|83_0(HttpRequestMessage request, HttpCompletionOption completionOption, CancellationTokenSource cts, Boolean disposeCts, CancellationTokenSource pendingRequestsCts, CancellationToken originalCancellationToken)
   at System.ServiceModel.Channels.HttpChannelFactory`1.HttpClientRequestChannel.HttpClientChannelAsyncRequest.SendRequestAsync(Message message, TimeoutHelper timeoutHelper)
No connection could be made because the target machine actively refused it.
   at System.Net.Sockets.Socket.AwaitableSocketAsyncEventArgs.ThrowException(SocketError error, CancellationToken cancellationToken)
   at System.Net.Sockets.Socket.AwaitableSocketAsyncEventArgs.System.Threading.Tasks.Sources.IValueTaskSource.GetResult(Int16 token)
   at System.Net.Sockets.Socket.<ConnectAsync>g__WaitForConnectWithCancellation|285_0(AwaitableSocketAsyncEventArgs saea, ValueTask connectTask, CancellationToken cancellationToken)
   at System.Net.Http.HttpConnectionPool.ConnectToTcpHostAsync(String host, Int32 port, HttpRequestMessage initialRequest, Boolean async, CancellationToken cancellationToken)
14/11/2025 07:03:07==>Cotizacion Invalida
   at Applet.Nat.Api.Br.Models.DocumentExp.GetCotizacion(String vivstrMoneda, DateTime vivdtm) in C:\Users\Jaco2701\Documents\Visual Studio Projects\Nat\Nat.api\Models\BR\DocumentExp.cs:line 175
   at Applet.Nat.Api.Controllers.MiscController.Statics() in C:\Users\Jaco2701\Documents\Visual Studio Projects\Nat\Nat.api\Controllers\MiscController.cs:line 45
14/11/2025 07:03:07==>Valor de Lista FORMAT:dtmwsmtxca no encontrado
   at Applet.Nat.Api.Static.ListHelper.GetValue(String vivcodType, String vivcodId, NatContext vioContext) in C:\Users\Jaco2701\Documents\Visual Studio Projects\Nat\Nat.api\Static\ListHelper.cs:line 26
   at Applet.Nat.Api.Models.Afip.AfipService.get_ivstrDateformat() in C:\Users\Jaco2701\Documents\Visual Studio Projects\Nat\Nat.api\Models\Afip\AfipService.cs:line 74
   at Applet.Nat.BR.DocumentMTXCA.GetCotizacion(String vivstrMoneda, DateTime vivdtm) in C:\Users\Jaco2701\Documents\Visual Studio Projects\Nat\Nat.api\Models\BR\DocumentMtxca.cs:line 540
14/11/2025 07:03:07==>Cotizacion Invalida
   at Applet.Nat.BR.DocumentMTXCA.GetCotizacion(String vivstrMoneda, DateTime vivdtm) in C:\Users\Jaco2701\Documents\Visual Studio Projects\Nat\Nat.api\Models\BR\DocumentMtxca.cs:line 566
   at Applet.Nat.Api.Controllers.MiscController.Statics() in C:\Users\Jaco2701\Documents\Visual Studio Projects\Nat\Nat.api\Controllers\MiscController.cs:line 65
14/11/2025 07:03:16==>No connection could be made because the target machine actively refused it. (wsfe-homo.arca.gob.ar:443)
   at System.Runtime.AsyncResult.End[TAsyncResult](IAsyncResult result)
   at System.ServiceModel.Channels.ServiceChannel.SendAsyncResult.End(SendAsyncResult result)
   at System.ServiceModel.Channels.ServiceChannel.EndCall(String action, Object[] outs, IAsyncResult result)
   at System.ServiceModel.Channels.ServiceChannelProxy.TaskCreator.<>c__DisplayClass1_0.<CreateGenericTask>b__0(IAsyncResult asyncResult)
--- End of stack trace from previous location ---
   at Applet.Nat.Api.Br.Models.DocumentExp.GetCotizacion(String vivstrMoneda, DateTime vivdtm) in C:\Users\Jaco2701\Documents\Visual Studio Projects\Nat\Nat.api\Models\BR\DocumentExp.cs:line 156
No connection could be made because the target machine actively refused it. (wsfe-homo.arca.gob.ar:443)
   at System.Net.Http.HttpConnectionPool.ConnectToTcpHostAsync(String host, Int32 port, HttpRequestMessage initialRequest, Boolean async, CancellationToken cancellationToken)
   at System.Net.Http.HttpConnectionPool.ConnectAsync(HttpRequestMessage request, Boolean async, CancellationToken cancellationToken)
   at System.Net.Http.HttpConnectionPool.CreateHttp11ConnectionAsync(HttpRequestMessage request, Boolean async, CancellationToken cancellationToken)
   at System.Net.Http.HttpConnectionPool.AddHttp11ConnectionAsync(QueueItem queueItem)
   at System.Threading.Tasks.TaskCompletionSourceWithCancellation`1.WaitWithCancellationAsync(CancellationToken cancellationToken)
   at System.Net.Http.HttpConnectionPool.SendWithVersionDetectionAndRetryAsync(HttpRequestMessage request, Boolean async, Boolean doRequestAuth, CancellationToken cancellationToken)
   at System.Net.Http.DiagnosticsHandler.SendAsyncCore(HttpRequestMessage request, Boolean async, CancellationToken cancellationToken)
   at System.Net.Http.RedirectHandler.SendAsync(HttpRequestMessage request, Boolean async, CancellationToken cancellationToken)
   at System.Net.Http.DecompressionHandler.SendAsync(HttpRequestMessage request, Boolean async, CancellationToken cancellationToken)
   at System.Net.Http.HttpClient.<SendAsync>g__Core|83_0(HttpRequestMessage request, HttpCompletionOption completionOption, CancellationTokenSource cts, Boolean disposeCts, CancellationTokenSource pendingRequestsCts, CancellationToken originalCancellationToken)
   at System.ServiceModel.Channels.HttpChannelFactory`1.HttpClientRequestChannel.HttpClientChannelAsyncRequest.SendRequestAsync(Message message, TimeoutHelper timeoutHelper)
No connection could be made because the target machine actively refused it.
   at System.Net.Sockets.Socket.AwaitableSocketAsyncEventArgs.ThrowException(SocketError error, CancellationToken cancellationToken)
   at System.Net.Sockets.Socket.AwaitableSocketAsyncEventArgs.System.Threading.Tasks.Sources.IValueTaskSource.GetResult(Int16 token)
   at System.Net.Sockets.Socket.<ConnectAsync>g__WaitForConnectWithCancellation|285_0(AwaitableSocketAsyncEventArgs saea, ValueTask connectTask, CancellationToken cancellationToken)
   at System.Net.Http.HttpConnectionPool.ConnectToTcpHostAsync(String host, Int32 port, HttpRequestMessage initialRequest, Boolean async, CancellationToken cancellationToken)
14/11/2025 07:03:16==>Cotizacion Invalida
   at Applet.Nat.Api.Br.Models.DocumentExp.GetCotizacion(String vivstrMoneda, DateTime vivdtm) in C:\Users\Jaco2701\Documents\Visual Studio Projects\Nat\Nat.api\Models\BR\DocumentExp.cs:line 175
   at Applet.Nat.Api.Controllers.MiscController.Statics() in C:\Users\Jaco2701\Documents\Visual Studio Projects\Nat\Nat.api\Controllers\MiscController.cs:line 45
14/11/2025 07:03:17==>Valor de Lista FORMAT:dtmwsmtxca no encontrado
   at Applet.Nat.Api.Static.ListHelper.GetValue(String vivcodType, String vivcodId, NatContext vioContext) in C:\Users\Jaco2701\Documents\Visual Studio Projects\Nat\Nat.api\Static\ListHelper.cs:line 26
   at Applet.Nat.Api.Models.Afip.AfipService.get_ivstrDateformat() in C:\Users\Jaco2701\Documents\Visual Studio Projects\Nat\Nat.api\Models\Afip\AfipService.cs:line 74
   at Applet.Nat.BR.DocumentMTXCA.GetCotizacion(String vivstrMoneda, DateTime vivdtm) in C:\Users\Jaco2701\Documents\Visual Studio Projects\Nat\Nat.api\Models\BR\DocumentMtxca.cs:line 540
14/11/2025 07:03:17==>Cotizacion Invalida
   at Applet.Nat.BR.DocumentMTXCA.GetCotizacion(String vivstrMoneda, DateTime vivdtm) in C:\Users\Jaco2701\Documents\Visual Studio Projects\Nat\Nat.api\Models\BR\DocumentMtxca.cs:line 566
   at Applet.Nat.Api.Controllers.MiscController.Statics() in C:\Users\Jaco2701\Documents\Visual Studio Projects\Nat\Nat.api\Controllers\MiscController.cs:line 65
14/11/2025 07:08:25==>No connection could be made because the target machine actively refused it. (wsfe-homo.arca.gob.ar:443)
   at System.Runtime.AsyncResult.End[TAsyncResult](IAsyncResult result)
   at System.ServiceModel.Channels.ServiceChannel.SendAsyncResult.End(SendAsyncResult result)
   at System.ServiceModel.Channels.ServiceChannel.EndCall(String action, Object[] outs, IAsyncResult result)
   at System.ServiceModel.Channels.ServiceChannelProxy.TaskCreator.<>c__DisplayClass1_0.<CreateGenericTask>b__0(IAsyncResult asyncResult)
--- End of stack trace from previous location ---
   at Applet.Nat.Api.Br.Models.DocumentExp.GetCotizacion(String vivstrMoneda, DateTime vivdtm) in C:\Users\Jaco2701\Documents\Visual Studio Projects\Nat\Nat.api\Models\BR\DocumentExp.cs:line 156
No connection could be made because the target machine actively refused it. (wsfe-homo.arca.gob.ar:443)
   at System.Net.Http.HttpConnectionPool.ConnectToTcpHostAsync(String host, Int32 port, HttpRequestMessage initialRequest, Boolean async, CancellationToken cancellationToken)
   at System.Net.Http.HttpConnectionPool.ConnectAsync(HttpRequestMessage request, Boolean async, CancellationToken cancellationToken)
   at System.Net.Http.HttpConnectionPool.CreateHttp11ConnectionAsync(HttpRequestMessage request, Boolean async, CancellationToken cancellationToken)
   at System.Net.Http.HttpConnectionPool.AddHttp11ConnectionAsync(QueueItem queueItem)
   at System.Threading.Tasks.TaskCompletionSourceWithCancellation`1.WaitWithCancellationAsync(CancellationToken cancellationToken)
   at System.Net.Http.HttpConnectionPool.SendWithVersionDetectionAndRetryAsync(HttpRequestMessage request, Boolean async, Boolean doRequestAuth, CancellationToken cancellationToken)
   at System.Net.Http.DiagnosticsHandler.SendAsyncCore(HttpRequestMessage request, Boolean async, CancellationToken cancellationToken)
   at System.Net.Http.RedirectHandler.SendAsync(HttpRequestMessage request, Boolean async, CancellationToken cancellationToken)
   at System.Net.Http.DecompressionHandler.SendAsync(HttpRequestMessage request, Boolean async, CancellationToken cancellationToken)
   at System.Net.Http.HttpClient.<SendAsync>g__Core|83_0(HttpRequestMessage request, HttpCompletionOption completionOption, CancellationTokenSource cts, Boolean disposeCts, CancellationTokenSource pendingRequestsCts, CancellationToken originalCancellationToken)
   at System.ServiceModel.Channels.HttpChannelFactory`1.HttpClientRequestChannel.HttpClientChannelAsyncRequest.SendRequestAsync(Message message, TimeoutHelper timeoutHelper)
No connection could be made because the target machine actively refused it.
   at System.Net.Sockets.Socket.AwaitableSocketAsyncEventArgs.ThrowException(SocketError error, CancellationToken cancellationToken)
   at System.Net.Sockets.Socket.AwaitableSocketAsyncEventArgs.System.Threading.Tasks.Sources.IValueTaskSource.GetResult(Int16 token)
   at System.Net.Sockets.Socket.<ConnectAsync>g__WaitForConnectWithCancellation|285_0(AwaitableSocketAsyncEventArgs saea, ValueTask connectTask, CancellationToken cancellationToken)
   at System.Net.Http.HttpConnectionPool.ConnectToTcpHostAsync(String host, Int32 port, HttpRequestMessage initialRequest, Boolean async, CancellationToken cancellationToken)
14/11/2025 07:08:25==>Cotizacion Invalida
   at Applet.Nat.Api.Br.Models.DocumentExp.GetCotizacion(String vivstrMoneda, DateTime vivdtm) in C:\Users\Jaco2701\Documents\Visual Studio Projects\Nat\Nat.api\Models\BR\DocumentExp.cs:line 175
   at Applet.Nat.Api.Controllers.MiscController.Statics() in C:\Users\Jaco2701\Documents\Visual Studio Projects\Nat\Nat.api\Controllers\MiscController.cs:line 45
14/11/2025 07:08:26==>Valor de Lista FORMAT:dtmwsmtxca no encontrado
   at Applet.Nat.Api.Static.ListHelper.GetValue(String vivcodType, String vivcodId, NatContext vioContext) in C:\Users\Jaco2701\Documents\Visual Studio Projects\Nat\Nat.api\Static\ListHelper.cs:line 26
   at Applet.Nat.Api.Models.Afip.AfipService.get_ivstrDateformat() in C:\Users\Jaco2701\Documents\Visual Studio Projects\Nat\Nat.api\Models\Afip\AfipService.cs:line 74
   at Applet.Nat.BR.DocumentMTXCA.GetCotizacion(String vivstrMoneda, DateTime vivdtm) in C:\Users\Jaco2701\Documents\Visual Studio Projects\Nat\Nat.api\Models\BR\DocumentMtxca.cs:line 540
14/11/2025 07:08:26==>Cotizacion Invalida
   at Applet.Nat.BR.DocumentMTXCA.GetCotizacion(String vivstrMoneda, DateTime vivdtm) in C:\Users\Jaco2701\Documents\Visual Studio Projects\Nat\Nat.api\Models\BR\DocumentMtxca.cs:line 566
   at Applet.Nat.Api.Controllers.MiscController.Statics() in C:\Users\Jaco2701\Documents\Visual Studio Projects\Nat\Nat.api\Controllers\MiscController.cs:line 65
14/11/2025 07:08:28==>No connection could be made because the target machine actively refused it. (wsfe-homo.arca.gob.ar:443)
   at System.Runtime.AsyncResult.End[TAsyncResult](IAsyncResult result)
   at System.ServiceModel.Channels.ServiceChannel.SendAsyncResult.End(SendAsyncResult result)
   at System.ServiceModel.Channels.ServiceChannel.EndCall(String action, Object[] outs, IAsyncResult result)
   at System.ServiceModel.Channels.ServiceChannelProxy.TaskCreator.<>c__DisplayClass1_0.<CreateGenericTask>b__0(IAsyncResult asyncResult)
--- End of stack trace from previous location ---
   at Applet.Nat.Api.Br.Models.DocumentExp.GetCotizacion(String vivstrMoneda, DateTime vivdtm) in C:\Users\Jaco2701\Documents\Visual Studio Projects\Nat\Nat.api\Models\BR\DocumentExp.cs:line 156
No connection could be made because the target machine actively refused it. (wsfe-homo.arca.gob.ar:443)
   at System.Net.Http.HttpConnectionPool.ConnectToTcpHostAsync(String host, Int32 port, HttpRequestMessage initialRequest, Boolean async, CancellationToken cancellationToken)
   at System.Net.Http.HttpConnectionPool.ConnectAsync(HttpRequestMessage request, Boolean async, CancellationToken cancellationToken)
   at System.Net.Http.HttpConnectionPool.CreateHttp11ConnectionAsync(HttpRequestMessage request, Boolean async, CancellationToken cancellationToken)
   at System.Net.Http.HttpConnectionPool.AddHttp11ConnectionAsync(QueueItem queueItem)
   at System.Threading.Tasks.TaskCompletionSourceWithCancellation`1.WaitWithCancellationAsync(CancellationToken cancellationToken)
   at System.Net.Http.HttpConnectionPool.SendWithVersionDetectionAndRetryAsync(HttpRequestMessage request, Boolean async, Boolean doRequestAuth, CancellationToken cancellationToken)
   at System.Net.Http.DiagnosticsHandler.SendAsyncCore(HttpRequestMessage request, Boolean async, CancellationToken cancellationToken)
   at System.Net.Http.RedirectHandler.SendAsync(HttpRequestMessage request, Boolean async, CancellationToken cancellationToken)
   at System.Net.Http.DecompressionHandler.SendAsync(HttpRequestMessage request, Boolean async, CancellationToken cancellationToken)
   at System.Net.Http.HttpClient.<SendAsync>g__Core|83_0(HttpRequestMessage request, HttpCompletionOption completionOption, CancellationTokenSource cts, Boolean disposeCts, CancellationTokenSource pendingRequestsCts, CancellationToken originalCancellationToken)
   at System.ServiceModel.Channels.HttpChannelFactory`1.HttpClientRequestChannel.HttpClientChannelAsyncRequest.SendRequestAsync(Message message, TimeoutHelper timeoutHelper)
No connection could be made because the target machine actively refused it.
   at System.Net.Sockets.Socket.AwaitableSocketAsyncEventArgs.ThrowException(SocketError error, CancellationToken cancellationToken)
   at System.Net.Sockets.Socket.AwaitableSocketAsyncEventArgs.System.Threading.Tasks.Sources.IValueTaskSource.GetResult(Int16 token)
   at System.Net.Sockets.Socket.<ConnectAsync>g__WaitForConnectWithCancellation|285_0(AwaitableSocketAsyncEventArgs saea, ValueTask connectTask, CancellationToken cancellationToken)
   at System.Net.Http.HttpConnectionPool.ConnectToTcpHostAsync(String host, Int32 port, HttpRequestMessage initialRequest, Boolean async, CancellationToken cancellationToken)
14/11/2025 07:08:28==>Cotizacion Invalida
   at Applet.Nat.Api.Br.Models.DocumentExp.GetCotizacion(String vivstrMoneda, DateTime vivdtm) in C:\Users\Jaco2701\Documents\Visual Studio Projects\Nat\Nat.api\Models\BR\DocumentExp.cs:line 175
   at Applet.Nat.Api.Controllers.MiscController.Statics() in C:\Users\Jaco2701\Documents\Visual Studio Projects\Nat\Nat.api\Controllers\MiscController.cs:line 45
14/11/2025 07:08:28==>Valor de Lista FORMAT:dtmwsmtxca no encontrado
   at Applet.Nat.Api.Static.ListHelper.GetValue(String vivcodType, String vivcodId, NatContext vioContext) in C:\Users\Jaco2701\Documents\Visual Studio Projects\Nat\Nat.api\Static\ListHelper.cs:line 26
   at Applet.Nat.Api.Models.Afip.AfipService.get_ivstrDateformat() in C:\Users\Jaco2701\Documents\Visual Studio Projects\Nat\Nat.api\Models\Afip\AfipService.cs:line 74
   at Applet.Nat.BR.DocumentMTXCA.GetCotizacion(String vivstrMoneda, DateTime vivdtm) in C:\Users\Jaco2701\Documents\Visual Studio Projects\Nat\Nat.api\Models\BR\DocumentMtxca.cs:line 540
14/11/2025 07:08:28==>Cotizacion Invalida
   at Applet.Nat.BR.DocumentMTXCA.GetCotizacion(String vivstrMoneda, DateTime vivdtm) in C:\Users\Jaco2701\Documents\Visual Studio Projects\Nat\Nat.api\Models\BR\DocumentMtxca.cs:line 566
   at Applet.Nat.Api.Controllers.MiscController.Statics() in C:\Users\Jaco2701\Documents\Visual Studio Projects\Nat\Nat.api\Controllers\MiscController.cs:line 65
14/11/2025 07:09:07==>No connection could be made because the target machine actively refused it. (wsfe-homo.arca.gob.ar:443)
   at System.Runtime.AsyncResult.End[TAsyncResult](IAsyncResult result)
   at System.ServiceModel.Channels.ServiceChannel.SendAsyncResult.End(SendAsyncResult result)
   at System.ServiceModel.Channels.ServiceChannel.EndCall(String action, Object[] outs, IAsyncResult result)
   at System.ServiceModel.Channels.ServiceChannelProxy.TaskCreator.<>c__DisplayClass1_0.<CreateGenericTask>b__0(IAsyncResult asyncResult)
--- End of stack trace from previous location ---
   at Applet.Nat.Api.Br.Models.DocumentExp.GetCotizacion(String vivstrMoneda, DateTime vivdtm) in C:\Users\Jaco2701\Documents\Visual Studio Projects\Nat\Nat.api\Models\BR\DocumentExp.cs:line 156
No connection could be made because the target machine actively refused it. (wsfe-homo.arca.gob.ar:443)
   at System.Net.Http.HttpConnectionPool.ConnectToTcpHostAsync(String host, Int32 port, HttpRequestMessage initialRequest, Boolean async, CancellationToken cancellationToken)
   at System.Net.Http.HttpConnectionPool.ConnectAsync(HttpRequestMessage request, Boolean async, CancellationToken cancellationToken)
   at System.Net.Http.HttpConnectionPool.CreateHttp11ConnectionAsync(HttpRequestMessage request, Boolean async, CancellationToken cancellationToken)
   at System.Net.Http.HttpConnectionPool.AddHttp11ConnectionAsync(QueueItem queueItem)
   at System.Threading.Tasks.TaskCompletionSourceWithCancellation`1.WaitWithCancellationAsync(CancellationToken cancellationToken)
   at System.Net.Http.HttpConnectionPool.SendWithVersionDetectionAndRetryAsync(HttpRequestMessage request, Boolean async, Boolean doRequestAuth, CancellationToken cancellationToken)
   at System.Net.Http.DiagnosticsHandler.SendAsyncCore(HttpRequestMessage request, Boolean async, CancellationToken cancellationToken)
   at System.Net.Http.RedirectHandler.SendAsync(HttpRequestMessage request, Boolean async, CancellationToken cancellationToken)
   at System.Net.Http.DecompressionHandler.SendAsync(HttpRequestMessage request, Boolean async, CancellationToken cancellationToken)
   at System.Net.Http.HttpClient.<SendAsync>g__Core|83_0(HttpRequestMessage request, HttpCompletionOption completionOption, CancellationTokenSource cts, Boolean disposeCts, CancellationTokenSource pendingRequestsCts, CancellationToken originalCancellationToken)
   at System.ServiceModel.Channels.HttpChannelFactory`1.HttpClientRequestChannel.HttpClientChannelAsyncRequest.SendRequestAsync(Message message, TimeoutHelper timeoutHelper)
No connection could be made because the target machine actively refused it.
   at System.Net.Sockets.Socket.AwaitableSocketAsyncEventArgs.ThrowException(SocketError error, CancellationToken cancellationToken)
   at System.Net.Sockets.Socket.AwaitableSocketAsyncEventArgs.System.Threading.Tasks.Sources.IValueTaskSource.GetResult(Int16 token)
   at System.Net.Sockets.Socket.<ConnectAsync>g__WaitForConnectWithCancellation|285_0(AwaitableSocketAsyncEventArgs saea, ValueTask connectTask, CancellationToken cancellationToken)
   at System.Net.Http.HttpConnectionPool.ConnectToTcpHostAsync(String host, Int32 port, HttpRequestMessage initialRequest, Boolean async, CancellationToken cancellationToken)
14/11/2025 07:09:07==>Cotizacion Invalida
   at Applet.Nat.Api.Br.Models.DocumentExp.GetCotizacion(String vivstrMoneda, DateTime vivdtm) in C:\Users\Jaco2701\Documents\Visual Studio Projects\Nat\Nat.api\Models\BR\DocumentExp.cs:line 175
   at Applet.Nat.Api.Controllers.MiscController.Statics() in C:\Users\Jaco2701\Documents\Visual Studio Projects\Nat\Nat.api\Controllers\MiscController.cs:line 45
14/11/2025 07:09:07==>Valor de Lista FORMAT:dtmwsmtxca no encontrado
   at Applet.Nat.Api.Static.ListHelper.GetValue(String vivcodType, String vivcodId, NatContext vioContext) in C:\Users\Jaco2701\Documents\Visual Studio Projects\Nat\Nat.api\Static\ListHelper.cs:line 26
   at Applet.Nat.Api.Models.Afip.AfipService.get_ivstrDateformat() in C:\Users\Jaco2701\Documents\Visual Studio Projects\Nat\Nat.api\Models\Afip\AfipService.cs:line 74
   at Applet.Nat.BR.DocumentMTXCA.GetCotizacion(String vivstrMoneda, DateTime vivdtm) in C:\Users\Jaco2701\Documents\Visual Studio Projects\Nat\Nat.api\Models\BR\DocumentMtxca.cs:line 540
14/11/2025 07:09:07==>Cotizacion Invalida
   at Applet.Nat.BR.DocumentMTXCA.GetCotizacion(String vivstrMoneda, DateTime vivdtm) in C:\Users\Jaco2701\Documents\Visual Studio Projects\Nat\Nat.api\Models\BR\DocumentMtxca.cs:line 566
   at Applet.Nat.Api.Controllers.MiscController.Statics() in C:\Users\Jaco2701\Documents\Visual Studio Projects\Nat\Nat.api\Controllers\MiscController.cs:line 65
14/11/2025 07:09:28==>No connection could be made because the target machine actively refused it. (wsfe-homo.arca.gob.ar:443)
   at System.Runtime.AsyncResult.End[TAsyncResult](IAsyncResult result)
   at System.ServiceModel.Channels.ServiceChannel.SendAsyncResult.End(SendAsyncResult result)
   at System.ServiceModel.Channels.ServiceChannel.EndCall(String action, Object[] outs, IAsyncResult result)
   at System.ServiceModel.Channels.ServiceChannelProxy.TaskCreator.<>c__DisplayClass1_0.<CreateGenericTask>b__0(IAsyncResult asyncResult)
--- End of stack trace from previous location ---
   at Applet.Nat.Api.Br.Models.DocumentExp.GetCotizacion(String vivstrMoneda, DateTime vivdtm) in C:\Users\Jaco2701\Documents\Visual Studio Projects\Nat\Nat.api\Models\BR\DocumentExp.cs:line 156
No connection could be made because the target machine actively refused it. (wsfe-homo.arca.gob.ar:443)
   at System.Net.Http.HttpConnectionPool.ConnectToTcpHostAsync(String host, Int32 port, HttpRequestMessage initialRequest, Boolean async, CancellationToken cancellationToken)
   at System.Net.Http.HttpConnectionPool.ConnectAsync(HttpRequestMessage request, Boolean async, CancellationToken cancellationToken)
   at System.Net.Http.HttpConnectionPool.CreateHttp11ConnectionAsync(HttpRequestMessage request, Boolean async, CancellationToken cancellationToken)
   at System.Net.Http.HttpConnectionPool.AddHttp11ConnectionAsync(QueueItem queueItem)
   at System.Threading.Tasks.TaskCompletionSourceWithCancellation`1.WaitWithCancellationAsync(CancellationToken cancellationToken)
   at System.Net.Http.HttpConnectionPool.SendWithVersionDetectionAndRetryAsync(HttpRequestMessage request, Boolean async, Boolean doRequestAuth, CancellationToken cancellationToken)
   at System.Net.Http.DiagnosticsHandler.SendAsyncCore(HttpRequestMessage request, Boolean async, CancellationToken cancellationToken)
   at System.Net.Http.RedirectHandler.SendAsync(HttpRequestMessage request, Boolean async, CancellationToken cancellationToken)
   at System.Net.Http.DecompressionHandler.SendAsync(HttpRequestMessage request, Boolean async, CancellationToken cancellationToken)
   at System.Net.Http.HttpClient.<SendAsync>g__Core|83_0(HttpRequestMessage request, HttpCompletionOption completionOption, CancellationTokenSource cts, Boolean disposeCts, CancellationTokenSource pendingRequestsCts, CancellationToken originalCancellationToken)
   at System.ServiceModel.Channels.HttpChannelFactory`1.HttpClientRequestChannel.HttpClientChannelAsyncRequest.SendRequestAsync(Message message, TimeoutHelper timeoutHelper)
No connection could be made because the target machine actively refused it.
   at System.Net.Sockets.Socket.AwaitableSocketAsyncEventArgs.ThrowException(SocketError error, CancellationToken cancellationToken)
   at System.Net.Sockets.Socket.AwaitableSocketAsyncEventArgs.System.Threading.Tasks.Sources.IValueTaskSource.GetResult(Int16 token)
   at System.Net.Sockets.Socket.<ConnectAsync>g__WaitForConnectWithCancellation|285_0(AwaitableSocketAsyncEventArgs saea, ValueTask connectTask, CancellationToken cancellationToken)
   at System.Net.Http.HttpConnectionPool.ConnectToTcpHostAsync(String host, Int32 port, HttpRequestMessage initialRequest, Boolean async, CancellationToken cancellationToken)
14/11/2025 07:09:28==>Cotizacion Invalida
   at Applet.Nat.Api.Br.Models.DocumentExp.GetCotizacion(String vivstrMoneda, DateTime vivdtm) in C:\Users\Jaco2701\Documents\Visual Studio Projects\Nat\Nat.api\Models\BR\DocumentExp.cs:line 175
   at Applet.Nat.Api.Controllers.MiscController.Statics() in C:\Users\Jaco2701\Documents\Visual Studio Projects\Nat\Nat.api\Controllers\MiscController.cs:line 45
14/11/2025 07:09:28==>Valor de Lista FORMAT:dtmwsmtxca no encontrado
   at Applet.Nat.Api.Static.ListHelper.GetValue(String vivcodType, String vivcodId, NatContext vioContext) in C:\Users\Jaco2701\Documents\Visual Studio Projects\Nat\Nat.api\Static\ListHelper.cs:line 26
   at Applet.Nat.Api.Models.Afip.AfipService.get_ivstrDateformat() in C:\Users\Jaco2701\Documents\Visual Studio Projects\Nat\Nat.api\Models\Afip\AfipService.cs:line 74
   at Applet.Nat.BR.DocumentMTXCA.GetCotizacion(String vivstrMoneda, DateTime vivdtm) in C:\Users\Jaco2701\Documents\Visual Studio Projects\Nat\Nat.api\Models\BR\DocumentMtxca.cs:line 540
14/11/2025 07:09:28==>Cotizacion Invalida
   at Applet.Nat.BR.DocumentMTXCA.GetCotizacion(String vivstrMoneda, DateTime vivdtm) in C:\Users\Jaco2701\Documents\Visual Studio Projects\Nat\Nat.api\Models\BR\DocumentMtxca.cs:line 566
   at Applet.Nat.Api.Controllers.MiscController.Statics() in C:\Users\Jaco2701\Documents\Visual Studio Projects\Nat\Nat.api\Controllers\MiscController.cs:line 65
14/11/2025 07:09:31==>No connection could be made because the target machine actively refused it. (wsfe-homo.arca.gob.ar:443)
   at System.Runtime.AsyncResult.End[TAsyncResult](IAsyncResult result)
   at System.ServiceModel.Channels.ServiceChannel.SendAsyncResult.End(SendAsyncResult result)
   at System.ServiceModel.Channels.ServiceChannel.EndCall(String action, Object[] outs, IAsyncResult result)
   at System.ServiceModel.Channels.ServiceChannelProxy.TaskCreator.<>c__DisplayClass1_0.<CreateGenericTask>b__0(IAsyncResult asyncResult)
--- End of stack trace from previous location ---
   at Applet.Nat.Api.Br.Models.DocumentExp.GetCotizacion(String vivstrMoneda, DateTime vivdtm) in C:\Users\Jaco2701\Documents\Visual Studio Projects\Nat\Nat.api\Models\BR\DocumentExp.cs:line 156
No connection could be made because the target machine actively refused it. (wsfe-homo.arca.gob.ar:443)
   at System.Net.Http.HttpConnectionPool.ConnectToTcpHostAsync(String host, Int32 port, HttpRequestMessage initialRequest, Boolean async, CancellationToken cancellationToken)
   at System.Net.Http.HttpConnectionPool.ConnectAsync(HttpRequestMessage request, Boolean async, CancellationToken cancellationToken)
   at System.Net.Http.HttpConnectionPool.CreateHttp11ConnectionAsync(HttpRequestMessage request, Boolean async, CancellationToken cancellationToken)
   at System.Net.Http.HttpConnectionPool.AddHttp11ConnectionAsync(QueueItem queueItem)
   at System.Threading.Tasks.TaskCompletionSourceWithCancellation`1.WaitWithCancellationAsync(CancellationToken cancellationToken)
   at System.Net.Http.HttpConnectionPool.SendWithVersionDetectionAndRetryAsync(HttpRequestMessage request, Boolean async, Boolean doRequestAuth, CancellationToken cancellationToken)
   at System.Net.Http.DiagnosticsHandler.SendAsyncCore(HttpRequestMessage request, Boolean async, CancellationToken cancellationToken)
   at System.Net.Http.RedirectHandler.SendAsync(HttpRequestMessage request, Boolean async, CancellationToken cancellationToken)
   at System.Net.Http.DecompressionHandler.SendAsync(HttpRequestMessage request, Boolean async, CancellationToken cancellationToken)
   at System.Net.Http.HttpClient.<SendAsync>g__Core|83_0(HttpRequestMessage request, HttpCompletionOption completionOption, CancellationTokenSource cts, Boolean disposeCts, CancellationTokenSource pendingRequestsCts, CancellationToken originalCancellationToken)
   at System.ServiceModel.Channels.HttpChannelFactory`1.HttpClientRequestChannel.HttpClientChannelAsyncRequest.SendRequestAsync(Message message, TimeoutHelper timeoutHelper)
No connection could be made because the target machine actively refused it.
   at System.Net.Sockets.Socket.AwaitableSocketAsyncEventArgs.ThrowException(SocketError error, CancellationToken cancellationToken)
   at System.Net.Sockets.Socket.AwaitableSocketAsyncEventArgs.System.Threading.Tasks.Sources.IValueTaskSource.GetResult(Int16 token)
   at System.Net.Sockets.Socket.<ConnectAsync>g__WaitForConnectWithCancellation|285_0(AwaitableSocketAsyncEventArgs saea, ValueTask connectTask, CancellationToken cancellationToken)
   at System.Net.Http.HttpConnectionPool.ConnectToTcpHostAsync(String host, Int32 port, HttpRequestMessage initialRequest, Boolean async, CancellationToken cancellationToken)
14/11/2025 07:09:31==>Cotizacion Invalida
   at Applet.Nat.Api.Br.Models.DocumentExp.GetCotizacion(String vivstrMoneda, DateTime vivdtm) in C:\Users\Jaco2701\Documents\Visual Studio Projects\Nat\Nat.api\Models\BR\DocumentExp.cs:line 175
   at Applet.Nat.Api.Controllers.MiscController.Statics() in C:\Users\Jaco2701\Documents\Visual Studio Projects\Nat\Nat.api\Controllers\MiscController.cs:line 45
14/11/2025 07:09:31==>Valor de Lista FORMAT:dtmwsmtxca no encontrado
   at Applet.Nat.Api.Static.ListHelper.GetValue(String vivcodType, String vivcodId, NatContext vioContext) in C:\Users\Jaco2701\Documents\Visual Studio Projects\Nat\Nat.api\Static\ListHelper.cs:line 26
   at Applet.Nat.Api.Models.Afip.AfipService.get_ivstrDateformat() in C:\Users\Jaco2701\Documents\Visual Studio Projects\Nat\Nat.api\Models\Afip\AfipService.cs:line 74
   at Applet.Nat.BR.DocumentMTXCA.GetCotizacion(String vivstrMoneda, DateTime vivdtm) in C:\Users\Jaco2701\Documents\Visual Studio Projects\Nat\Nat.api\Models\BR\DocumentMtxca.cs:line 540
14/11/2025 07:09:31==>Cotizacion Invalida
   at Applet.Nat.BR.DocumentMTXCA.GetCotizacion(String vivstrMoneda, DateTime vivdtm) in C:\Users\Jaco2701\Documents\Visual Studio Projects\Nat\Nat.api\Models\BR\DocumentMtxca.cs:line 566
   at Applet.Nat.Api.Controllers.MiscController.Statics() in C:\Users\Jaco2701\Documents\Visual Studio Projects\Nat\Nat.api\Controllers\MiscController.cs:line 65
14/11/2025 07:20:59==>No connection could be made because the target machine actively refused it. (wsfe-homo.arca.gob.ar:443)
   at System.Runtime.AsyncResult.End[TAsyncResult](IAsyncResult result)
   at System.ServiceModel.Channels.ServiceChannel.SendAsyncResult.End(SendAsyncResult result)
   at System.ServiceModel.Channels.ServiceChannel.EndCall(String action, Object[] outs, IAsyncResult result)
   at System.ServiceModel.Channels.ServiceChannelProxy.TaskCreator.<>c__DisplayClass1_0.<CreateGenericTask>b__0(IAsyncResult asyncResult)
--- End of stack trace from previous location ---
   at Applet.Nat.Api.Br.Models.DocumentExp.GetCotizacion(String vivstrMoneda, DateTime vivdtm) in C:\Users\Jaco2701\Documents\Visual Studio Projects\Nat\Nat.api\Models\BR\DocumentExp.cs:line 156
No connection could be made because the target machine actively refused it. (wsfe-homo.arca.gob.ar:443)
   at System.Net.Http.HttpConnectionPool.ConnectToTcpHostAsync(String host, Int32 port, HttpRequestMessage initialRequest, Boolean async, CancellationToken cancellationToken)
   at System.Net.Http.HttpConnectionPool.ConnectAsync(HttpRequestMessage request, Boolean async, CancellationToken cancellationToken)
   at System.Net.Http.HttpConnectionPool.CreateHttp11ConnectionAsync(HttpRequestMessage request, Boolean async, CancellationToken cancellationToken)
   at System.Net.Http.HttpConnectionPool.AddHttp11ConnectionAsync(QueueItem queueItem)
   at System.Threading.Tasks.TaskCompletionSourceWithCancellation`1.WaitWithCancellationAsync(CancellationToken cancellationToken)
   at System.Net.Http.HttpConnectionPool.SendWithVersionDetectionAndRetryAsync(HttpRequestMessage request, Boolean async, Boolean doRequestAuth, CancellationToken cancellationToken)
   at System.Net.Http.DiagnosticsHandler.SendAsyncCore(HttpRequestMessage request, Boolean async, CancellationToken cancellationToken)
   at System.Net.Http.RedirectHandler.SendAsync(HttpRequestMessage request, Boolean async, CancellationToken cancellationToken)
   at System.Net.Http.DecompressionHandler.SendAsync(HttpRequestMessage request, Boolean async, CancellationToken cancellationToken)
   at System.Net.Http.HttpClient.<SendAsync>g__Core|83_0(HttpRequestMessage request, HttpCompletionOption completionOption, CancellationTokenSource cts, Boolean disposeCts, CancellationTokenSource pendingRequestsCts, CancellationToken originalCancellationToken)
   at System.ServiceModel.Channels.HttpChannelFactory`1.HttpClientRequestChannel.HttpClientChannelAsyncRequest.SendRequestAsync(Message message, TimeoutHelper timeoutHelper)
No connection could be made because the target machine actively refused it.
   at System.Net.Sockets.Socket.AwaitableSocketAsyncEventArgs.ThrowException(SocketError error, CancellationToken cancellationToken)
   at System.Net.Sockets.Socket.AwaitableSocketAsyncEventArgs.System.Threading.Tasks.Sources.IValueTaskSource.GetResult(Int16 token)
   at System.Net.Sockets.Socket.<ConnectAsync>g__WaitForConnectWithCancellation|285_0(AwaitableSocketAsyncEventArgs saea, ValueTask connectTask, CancellationToken cancellationToken)
   at System.Net.Http.HttpConnectionPool.ConnectToTcpHostAsync(String host, Int32 port, HttpRequestMessage initialRequest, Boolean async, CancellationToken cancellationToken)
14/11/2025 07:20:59==>Cotizacion Invalida
   at Applet.Nat.Api.Br.Models.DocumentExp.GetCotizacion(String vivstrMoneda, DateTime vivdtm) in C:\Users\Jaco2701\Documents\Visual Studio Projects\Nat\Nat.api\Models\BR\DocumentExp.cs:line 175
   at Applet.Nat.Api.Controllers.MiscController.Statics() in C:\Users\Jaco2701\Documents\Visual Studio Projects\Nat\Nat.api\Controllers\MiscController.cs:line 45
14/11/2025 07:20:59==>Valor de Lista FORMAT:dtmwsmtxca no encontrado
   at Applet.Nat.Api.Static.ListHelper.GetValue(String vivcodType, String vivcodId, NatContext vioContext) in C:\Users\Jaco2701\Documents\Visual Studio Projects\Nat\Nat.api\Static\ListHelper.cs:line 26
   at Applet.Nat.Api.Models.Afip.AfipService.get_ivstrDateformat() in C:\Users\Jaco2701\Documents\Visual Studio Projects\Nat\Nat.api\Models\Afip\AfipService.cs:line 74
   at Applet.Nat.BR.DocumentMTXCA.GetCotizacion(String vivstrMoneda, DateTime vivdtm) in C:\Users\Jaco2701\Documents\Visual Studio Projects\Nat\Nat.api\Models\BR\DocumentMtxca.cs:line 540
14/11/2025 07:20:59==>Cotizacion Invalida
   at Applet.Nat.BR.DocumentMTXCA.GetCotizacion(String vivstrMoneda, DateTime vivdtm) in C:\Users\Jaco2701\Documents\Visual Studio Projects\Nat\Nat.api\Models\BR\DocumentMtxca.cs:line 566
   at Applet.Nat.Api.Controllers.MiscController.Statics() in C:\Users\Jaco2701\Documents\Visual Studio Projects\Nat\Nat.api\Controllers\MiscController.cs:line 65
14/11/2025 07:21:01==>No connection could be made because the target machine actively refused it. (wsfe-homo.arca.gob.ar:443)
   at System.Runtime.AsyncResult.End[TAsyncResult](IAsyncResult result)
   at System.ServiceModel.Channels.ServiceChannel.SendAsyncResult.End(SendAsyncResult result)
   at System.ServiceModel.Channels.ServiceChannel.EndCall(String action, Object[] outs, IAsyncResult result)
   at System.ServiceModel.Channels.ServiceChannelProxy.TaskCreator.<>c__DisplayClass1_0.<CreateGenericTask>b__0(IAsyncResult asyncResult)
--- End of stack trace from previous location ---
   at Applet.Nat.Api.Br.Models.DocumentExp.GetCotizacion(String vivstrMoneda, DateTime vivdtm) in C:\Users\Jaco2701\Documents\Visual Studio Projects\Nat\Nat.api\Models\BR\DocumentExp.cs:line 156
No connection could be made because the target machine actively refused it. (wsfe-homo.arca.gob.ar:443)
   at System.Net.Http.HttpConnectionPool.ConnectToTcpHostAsync(String host, Int32 port, HttpRequestMessage initialRequest, Boolean async, CancellationToken cancellationToken)
   at System.Net.Http.HttpConnectionPool.ConnectAsync(HttpRequestMessage request, Boolean async, CancellationToken cancellationToken)
   at System.Net.Http.HttpConnectionPool.CreateHttp11ConnectionAsync(HttpRequestMessage request, Boolean async, CancellationToken cancellationToken)
   at System.Net.Http.HttpConnectionPool.AddHttp11ConnectionAsync(QueueItem queueItem)
   at System.Threading.Tasks.TaskCompletionSourceWithCancellation`1.WaitWithCancellationAsync(CancellationToken cancellationToken)
   at System.Net.Http.HttpConnectionPool.SendWithVersionDetectionAndRetryAsync(HttpRequestMessage request, Boolean async, Boolean doRequestAuth, CancellationToken cancellationToken)
   at System.Net.Http.DiagnosticsHandler.SendAsyncCore(HttpRequestMessage request, Boolean async, CancellationToken cancellationToken)
   at System.Net.Http.RedirectHandler.SendAsync(HttpRequestMessage request, Boolean async, CancellationToken cancellationToken)
   at System.Net.Http.DecompressionHandler.SendAsync(HttpRequestMessage request, Boolean async, CancellationToken cancellationToken)
   at System.Net.Http.HttpClient.<SendAsync>g__Core|83_0(HttpRequestMessage request, HttpCompletionOption completionOption, CancellationTokenSource cts, Boolean disposeCts, CancellationTokenSource pendingRequestsCts, CancellationToken originalCancellationToken)
   at System.ServiceModel.Channels.HttpChannelFactory`1.HttpClientRequestChannel.HttpClientChannelAsyncRequest.SendRequestAsync(Message message, TimeoutHelper timeoutHelper)
No connection could be made because the target machine actively refused it.
   at System.Net.Sockets.Socket.AwaitableSocketAsyncEventArgs.ThrowException(SocketError error, CancellationToken cancellationToken)
   at System.Net.Sockets.Socket.AwaitableSocketAsyncEventArgs.System.Threading.Tasks.Sources.IValueTaskSource.GetResult(Int16 token)
   at System.Net.Sockets.Socket.<ConnectAsync>g__WaitForConnectWithCancellation|285_0(AwaitableSocketAsyncEventArgs saea, ValueTask connectTask, CancellationToken cancellationToken)
   at System.Net.Http.HttpConnectionPool.ConnectToTcpHostAsync(String host, Int32 port, HttpRequestMessage initialRequest, Boolean async, CancellationToken cancellationToken)
14/11/2025 07:21:01==>Cotizacion Invalida
   at Applet.Nat.Api.Br.Models.DocumentExp.GetCotizacion(String vivstrMoneda, DateTime vivdtm) in C:\Users\Jaco2701\Documents\Visual Studio Projects\Nat\Nat.api\Models\BR\DocumentExp.cs:line 175
   at Applet.Nat.Api.Controllers.MiscController.Statics() in C:\Users\Jaco2701\Documents\Visual Studio Projects\Nat\Nat.api\Controllers\MiscController.cs:line 45
14/11/2025 07:21:02==>Valor de Lista FORMAT:dtmwsmtxca no encontrado
   at Applet.Nat.Api.Static.ListHelper.GetValue(String vivcodType, String vivcodId, NatContext vioContext) in C:\Users\Jaco2701\Documents\Visual Studio Projects\Nat\Nat.api\Static\ListHelper.cs:line 26
   at Applet.Nat.Api.Models.Afip.AfipService.get_ivstrDateformat() in C:\Users\Jaco2701\Documents\Visual Studio Projects\Nat\Nat.api\Models\Afip\AfipService.cs:line 74
   at Applet.Nat.BR.DocumentMTXCA.GetCotizacion(String vivstrMoneda, DateTime vivdtm) in C:\Users\Jaco2701\Documents\Visual Studio Projects\Nat\Nat.api\Models\BR\DocumentMtxca.cs:line 540
14/11/2025 07:21:02==>Cotizacion Invalida
   at Applet.Nat.BR.DocumentMTXCA.GetCotizacion(String vivstrMoneda, DateTime vivdtm) in C:\Users\Jaco2701\Documents\Visual Studio Projects\Nat\Nat.api\Models\BR\DocumentMtxca.cs:line 566
   at Applet.Nat.Api.Controllers.MiscController.Statics() in C:\Users\Jaco2701\Documents\Visual Studio Projects\Nat\Nat.api\Controllers\MiscController.cs:line 65
14/11/2025 07:21:51==>No connection could be made because the target machine actively refused it. (wsfe-homo.arca.gob.ar:443)
   at System.Runtime.AsyncResult.End[TAsyncResult](IAsyncResult result)
   at System.ServiceModel.Channels.ServiceChannel.SendAsyncResult.End(SendAsyncResult result)
   at System.ServiceModel.Channels.ServiceChannel.EndCall(String action, Object[] outs, IAsyncResult result)
   at System.ServiceModel.Channels.ServiceChannelProxy.TaskCreator.<>c__DisplayClass1_0.<CreateGenericTask>b__0(IAsyncResult asyncResult)
--- End of stack trace from previous location ---
   at Applet.Nat.Api.Br.Models.DocumentExp.GetCotizacion(String vivstrMoneda, DateTime vivdtm) in C:\Users\Jaco2701\Documents\Visual Studio Projects\Nat\Nat.api\Models\BR\DocumentExp.cs:line 156
No connection could be made because the target machine actively refused it. (wsfe-homo.arca.gob.ar:443)
   at System.Net.Http.HttpConnectionPool.ConnectToTcpHostAsync(String host, Int32 port, HttpRequestMessage initialRequest, Boolean async, CancellationToken cancellationToken)
   at System.Net.Http.HttpConnectionPool.ConnectAsync(HttpRequestMessage request, Boolean async, CancellationToken cancellationToken)
   at System.Net.Http.HttpConnectionPool.CreateHttp11ConnectionAsync(HttpRequestMessage request, Boolean async, CancellationToken cancellationToken)
   at System.Net.Http.HttpConnectionPool.AddHttp11ConnectionAsync(QueueItem queueItem)
   at System.Threading.Tasks.TaskCompletionSourceWithCancellation`1.WaitWithCancellationAsync(CancellationToken cancellationToken)
   at System.Net.Http.HttpConnectionPool.SendWithVersionDetectionAndRetryAsync(HttpRequestMessage request, Boolean async, Boolean doRequestAuth, CancellationToken cancellationToken)
   at System.Net.Http.DiagnosticsHandler.SendAsyncCore(HttpRequestMessage request, Boolean async, CancellationToken cancellationToken)
   at System.Net.Http.RedirectHandler.SendAsync(HttpRequestMessage request, Boolean async, CancellationToken cancellationToken)
   at System.Net.Http.DecompressionHandler.SendAsync(HttpRequestMessage request, Boolean async, CancellationToken cancellationToken)
   at System.Net.Http.HttpClient.<SendAsync>g__Core|83_0(HttpRequestMessage request, HttpCompletionOption completionOption, CancellationTokenSource cts, Boolean disposeCts, CancellationTokenSource pendingRequestsCts, CancellationToken originalCancellationToken)
   at System.ServiceModel.Channels.HttpChannelFactory`1.HttpClientRequestChannel.HttpClientChannelAsyncRequest.SendRequestAsync(Message message, TimeoutHelper timeoutHelper)
No connection could be made because the target machine actively refused it.
   at System.Net.Sockets.Socket.AwaitableSocketAsyncEventArgs.ThrowException(SocketError error, CancellationToken cancellationToken)
   at System.Net.Sockets.Socket.AwaitableSocketAsyncEventArgs.System.Threading.Tasks.Sources.IValueTaskSource.GetResult(Int16 token)
   at System.Net.Sockets.Socket.<ConnectAsync>g__WaitForConnectWithCancellation|285_0(AwaitableSocketAsyncEventArgs saea, ValueTask connectTask, CancellationToken cancellationToken)
   at System.Net.Http.HttpConnectionPool.ConnectToTcpHostAsync(String host, Int32 port, HttpRequestMessage initialRequest, Boolean async, CancellationToken cancellationToken)
14/11/2025 07:21:51==>Cotizacion Invalida
   at Applet.Nat.Api.Br.Models.DocumentExp.GetCotizacion(String vivstrMoneda, DateTime vivdtm) in C:\Users\Jaco2701\Documents\Visual Studio Projects\Nat\Nat.api\Models\BR\DocumentExp.cs:line 175
   at Applet.Nat.Api.Controllers.MiscController.Statics() in C:\Users\Jaco2701\Documents\Visual Studio Projects\Nat\Nat.api\Controllers\MiscController.cs:line 45
14/11/2025 07:21:51==>Valor de Lista FORMAT:dtmwsmtxca no encontrado
   at Applet.Nat.Api.Static.ListHelper.GetValue(String vivcodType, String vivcodId, NatContext vioContext) in C:\Users\Jaco2701\Documents\Visual Studio Projects\Nat\Nat.api\Static\ListHelper.cs:line 26
   at Applet.Nat.Api.Models.Afip.AfipService.get_ivstrDateformat() in C:\Users\Jaco2701\Documents\Visual Studio Projects\Nat\Nat.api\Models\Afip\AfipService.cs:line 74
   at Applet.Nat.BR.DocumentMTXCA.GetCotizacion(String vivstrMoneda, DateTime vivdtm) in C:\Users\Jaco2701\Documents\Visual Studio Projects\Nat\Nat.api\Models\BR\DocumentMtxca.cs:line 540
14/11/2025 07:21:51==>Cotizacion Invalida
   at Applet.Nat.BR.DocumentMTXCA.GetCotizacion(String vivstrMoneda, DateTime vivdtm) in C:\Users\Jaco2701\Documents\Visual Studio Projects\Nat\Nat.api\Models\BR\DocumentMtxca.cs:line 566
   at Applet.Nat.Api.Controllers.MiscController.Statics() in C:\Users\Jaco2701\Documents\Visual Studio Projects\Nat\Nat.api\Controllers\MiscController.cs:line 65
14/11/2025 07:22:34==>No connection could be made because the target machine actively refused it. (wsfe-homo.arca.gob.ar:443)
   at System.Runtime.AsyncResult.End[TAsyncResult](IAsyncResult result)
   at System.ServiceModel.Channels.ServiceChannel.SendAsyncResult.End(SendAsyncResult result)
   at System.ServiceModel.Channels.ServiceChannel.EndCall(String action, Object[] outs, IAsyncResult result)
   at System.ServiceModel.Channels.ServiceChannelProxy.TaskCreator.<>c__DisplayClass1_0.<CreateGenericTask>b__0(IAsyncResult asyncResult)
--- End of stack trace from previous location ---
   at Applet.Nat.Api.Br.Models.DocumentExp.GetCotizacion(String vivstrMoneda, DateTime vivdtm) in C:\Users\Jaco2701\Documents\Visual Studio Projects\Nat\Nat.api\Models\BR\DocumentExp.cs:line 156
No connection could be made because the target machine actively refused it. (wsfe-homo.arca.gob.ar:443)
   at System.Net.Http.HttpConnectionPool.ConnectToTcpHostAsync(String host, Int32 port, HttpRequestMessage initialRequest, Boolean async, CancellationToken cancellationToken)
   at System.Net.Http.HttpConnectionPool.ConnectAsync(HttpRequestMessage request, Boolean async, CancellationToken cancellationToken)
   at System.Net.Http.HttpConnectionPool.CreateHttp11ConnectionAsync(HttpRequestMessage request, Boolean async, CancellationToken cancellationToken)
   at System.Net.Http.HttpConnectionPool.AddHttp11ConnectionAsync(QueueItem queueItem)
   at System.Threading.Tasks.TaskCompletionSourceWithCancellation`1.WaitWithCancellationAsync(CancellationToken cancellationToken)
   at System.Net.Http.HttpConnectionPool.SendWithVersionDetectionAndRetryAsync(HttpRequestMessage request, Boolean async, Boolean doRequestAuth, CancellationToken cancellationToken)
   at System.Net.Http.DiagnosticsHandler.SendAsyncCore(HttpRequestMessage request, Boolean async, CancellationToken cancellationToken)
   at System.Net.Http.RedirectHandler.SendAsync(HttpRequestMessage request, Boolean async, CancellationToken cancellationToken)
   at System.Net.Http.DecompressionHandler.SendAsync(HttpRequestMessage request, Boolean async, CancellationToken cancellationToken)
   at System.Net.Http.HttpClient.<SendAsync>g__Core|83_0(HttpRequestMessage request, HttpCompletionOption completionOption, CancellationTokenSource cts, Boolean disposeCts, CancellationTokenSource pendingRequestsCts, CancellationToken originalCancellationToken)
   at System.ServiceModel.Channels.HttpChannelFactory`1.HttpClientRequestChannel.HttpClientChannelAsyncRequest.SendRequestAsync(Message message, TimeoutHelper timeoutHelper)
No connection could be made because the target machine actively refused it.
   at System.Net.Sockets.Socket.AwaitableSocketAsyncEventArgs.ThrowException(SocketError error, CancellationToken cancellationToken)
   at System.Net.Sockets.Socket.AwaitableSocketAsyncEventArgs.System.Threading.Tasks.Sources.IValueTaskSource.GetResult(Int16 token)
   at System.Net.Sockets.Socket.<ConnectAsync>g__WaitForConnectWithCancellation|285_0(AwaitableSocketAsyncEventArgs saea, ValueTask connectTask, CancellationToken cancellationToken)
   at System.Net.Http.HttpConnectionPool.ConnectToTcpHostAsync(String host, Int32 port, HttpRequestMessage initialRequest, Boolean async, CancellationToken cancellationToken)
14/11/2025 07:22:34==>Cotizacion Invalida
   at Applet.Nat.Api.Br.Models.DocumentExp.GetCotizacion(String vivstrMoneda, DateTime vivdtm) in C:\Users\Jaco2701\Documents\Visual Studio Projects\Nat\Nat.api\Models\BR\DocumentExp.cs:line 175
   at Applet.Nat.Api.Controllers.MiscController.Statics() in C:\Users\Jaco2701\Documents\Visual Studio Projects\Nat\Nat.api\Controllers\MiscController.cs:line 45
14/11/2025 07:22:34==>Valor de Lista FORMAT:dtmwsmtxca no encontrado
   at Applet.Nat.Api.Static.ListHelper.GetValue(String vivcodType, String vivcodId, NatContext vioContext) in C:\Users\Jaco2701\Documents\Visual Studio Projects\Nat\Nat.api\Static\ListHelper.cs:line 26
   at Applet.Nat.Api.Models.Afip.AfipService.get_ivstrDateformat() in C:\Users\Jaco2701\Documents\Visual Studio Projects\Nat\Nat.api\Models\Afip\AfipService.cs:line 74
   at Applet.Nat.BR.DocumentMTXCA.GetCotizacion(String vivstrMoneda, DateTime vivdtm) in C:\Users\Jaco2701\Documents\Visual Studio Projects\Nat\Nat.api\Models\BR\DocumentMtxca.cs:line 540
14/11/2025 07:22:34==>Cotizacion Invalida
   at Applet.Nat.BR.DocumentMTXCA.GetCotizacion(String vivstrMoneda, DateTime vivdtm) in C:\Users\Jaco2701\Documents\Visual Studio Projects\Nat\Nat.api\Models\BR\DocumentMtxca.cs:line 566
   at Applet.Nat.Api.Controllers.MiscController.Statics() in C:\Users\Jaco2701\Documents\Visual Studio Projects\Nat\Nat.api\Controllers\MiscController.cs:line 65
14/11/2025 07:22:37==>No connection could be made because the target machine actively refused it. (wsfe-homo.arca.gob.ar:443)
   at System.Runtime.AsyncResult.End[TAsyncResult](IAsyncResult result)
   at System.ServiceModel.Channels.ServiceChannel.SendAsyncResult.End(SendAsyncResult result)
   at System.ServiceModel.Channels.ServiceChannel.EndCall(String action, Object[] outs, IAsyncResult result)
   at System.ServiceModel.Channels.ServiceChannelProxy.TaskCreator.<>c__DisplayClass1_0.<CreateGenericTask>b__0(IAsyncResult asyncResult)
--- End of stack trace from previous location ---
   at Applet.Nat.Api.Br.Models.DocumentExp.GetCotizacion(String vivstrMoneda, DateTime vivdtm) in C:\Users\Jaco2701\Documents\Visual Studio Projects\Nat\Nat.api\Models\BR\DocumentExp.cs:line 156
No connection could be made because the target machine actively refused it. (wsfe-homo.arca.gob.ar:443)
   at System.Net.Http.HttpConnectionPool.ConnectToTcpHostAsync(String host, Int32 port, HttpRequestMessage initialRequest, Boolean async, CancellationToken cancellationToken)
   at System.Net.Http.HttpConnectionPool.ConnectAsync(HttpRequestMessage request, Boolean async, CancellationToken cancellationToken)
   at System.Net.Http.HttpConnectionPool.CreateHttp11ConnectionAsync(HttpRequestMessage request, Boolean async, CancellationToken cancellationToken)
   at System.Net.Http.HttpConnectionPool.AddHttp11ConnectionAsync(QueueItem queueItem)
   at System.Threading.Tasks.TaskCompletionSourceWithCancellation`1.WaitWithCancellationAsync(CancellationToken cancellationToken)
   at System.Net.Http.HttpConnectionPool.SendWithVersionDetectionAndRetryAsync(HttpRequestMessage request, Boolean async, Boolean doRequestAuth, CancellationToken cancellationToken)
   at System.Net.Http.DiagnosticsHandler.SendAsyncCore(HttpRequestMessage request, Boolean async, CancellationToken cancellationToken)
   at System.Net.Http.RedirectHandler.SendAsync(HttpRequestMessage request, Boolean async, CancellationToken cancellationToken)
   at System.Net.Http.DecompressionHandler.SendAsync(HttpRequestMessage request, Boolean async, CancellationToken cancellationToken)
   at System.Net.Http.HttpClient.<SendAsync>g__Core|83_0(HttpRequestMessage request, HttpCompletionOption completionOption, CancellationTokenSource cts, Boolean disposeCts, CancellationTokenSource pendingRequestsCts, CancellationToken originalCancellationToken)
   at System.ServiceModel.Channels.HttpChannelFactory`1.HttpClientRequestChannel.HttpClientChannelAsyncRequest.SendRequestAsync(Message message, TimeoutHelper timeoutHelper)
No connection could be made because the target machine actively refused it.
   at System.Net.Sockets.Socket.AwaitableSocketAsyncEventArgs.ThrowException(SocketError error, CancellationToken cancellationToken)
   at System.Net.Sockets.Socket.AwaitableSocketAsyncEventArgs.System.Threading.Tasks.Sources.IValueTaskSource.GetResult(Int16 token)
   at System.Net.Sockets.Socket.<ConnectAsync>g__WaitForConnectWithCancellation|285_0(AwaitableSocketAsyncEventArgs saea, ValueTask connectTask, CancellationToken cancellationToken)
   at System.Net.Http.HttpConnectionPool.ConnectToTcpHostAsync(String host, Int32 port, HttpRequestMessage initialRequest, Boolean async, CancellationToken cancellationToken)
14/11/2025 07:22:37==>Cotizacion Invalida
   at Applet.Nat.Api.Br.Models.DocumentExp.GetCotizacion(String vivstrMoneda, DateTime vivdtm) in C:\Users\Jaco2701\Documents\Visual Studio Projects\Nat\Nat.api\Models\BR\DocumentExp.cs:line 175
   at Applet.Nat.Api.Controllers.MiscController.Statics() in C:\Users\Jaco2701\Documents\Visual Studio Projects\Nat\Nat.api\Controllers\MiscController.cs:line 45
14/11/2025 07:22:37==>Valor de Lista FORMAT:dtmwsmtxca no encontrado
   at Applet.Nat.Api.Static.ListHelper.GetValue(String vivcodType, String vivcodId, NatContext vioContext) in C:\Users\Jaco2701\Documents\Visual Studio Projects\Nat\Nat.api\Static\ListHelper.cs:line 26
   at Applet.Nat.Api.Models.Afip.AfipService.get_ivstrDateformat() in C:\Users\Jaco2701\Documents\Visual Studio Projects\Nat\Nat.api\Models\Afip\AfipService.cs:line 74
   at Applet.Nat.BR.DocumentMTXCA.GetCotizacion(String vivstrMoneda, DateTime vivdtm) in C:\Users\Jaco2701\Documents\Visual Studio Projects\Nat\Nat.api\Models\BR\DocumentMtxca.cs:line 540
14/11/2025 07:22:37==>Cotizacion Invalida
   at Applet.Nat.BR.DocumentMTXCA.GetCotizacion(String vivstrMoneda, DateTime vivdtm) in C:\Users\Jaco2701\Documents\Visual Studio Projects\Nat\Nat.api\Models\BR\DocumentMtxca.cs:line 566
   at Applet.Nat.Api.Controllers.MiscController.Statics() in C:\Users\Jaco2701\Documents\Visual Studio Projects\Nat\Nat.api\Controllers\MiscController.cs:line 65
14/11/2025 07:23:06==>No connection could be made because the target machine actively refused it. (wsfe-homo.arca.gob.ar:443)
   at System.Runtime.AsyncResult.End[TAsyncResult](IAsyncResult result)
   at System.ServiceModel.Channels.ServiceChannel.SendAsyncResult.End(SendAsyncResult result)
   at System.ServiceModel.Channels.ServiceChannel.EndCall(String action, Object[] outs, IAsyncResult result)
   at System.ServiceModel.Channels.ServiceChannelProxy.TaskCreator.<>c__DisplayClass1_0.<CreateGenericTask>b__0(IAsyncResult asyncResult)
--- End of stack trace from previous location ---
   at Applet.Nat.Api.Br.Models.DocumentExp.GetCotizacion(String vivstrMoneda, DateTime vivdtm) in C:\Users\Jaco2701\Documents\Visual Studio Projects\Nat\Nat.api\Models\BR\DocumentExp.cs:line 156
No connection could be made because the target machine actively refused it. (wsfe-homo.arca.gob.ar:443)
   at System.Net.Http.HttpConnectionPool.ConnectToTcpHostAsync(String host, Int32 port, HttpRequestMessage initialRequest, Boolean async, CancellationToken cancellationToken)
   at System.Net.Http.HttpConnectionPool.ConnectAsync(HttpRequestMessage request, Boolean async, CancellationToken cancellationToken)
   at System.Net.Http.HttpConnectionPool.CreateHttp11ConnectionAsync(HttpRequestMessage request, Boolean async, CancellationToken cancellationToken)
   at System.Net.Http.HttpConnectionPool.AddHttp11ConnectionAsync(QueueItem queueItem)
   at System.Threading.Tasks.TaskCompletionSourceWithCancellation`1.WaitWithCancellationAsync(CancellationToken cancellationToken)
   at System.Net.Http.HttpConnectionPool.SendWithVersionDetectionAndRetryAsync(HttpRequestMessage request, Boolean async, Boolean doRequestAuth, CancellationToken cancellationToken)
   at System.Net.Http.DiagnosticsHandler.SendAsyncCore(HttpRequestMessage request, Boolean async, CancellationToken cancellationToken)
   at System.Net.Http.RedirectHandler.SendAsync(HttpRequestMessage request, Boolean async, CancellationToken cancellationToken)
   at System.Net.Http.DecompressionHandler.SendAsync(HttpRequestMessage request, Boolean async, CancellationToken cancellationToken)
   at System.Net.Http.HttpClient.<SendAsync>g__Core|83_0(HttpRequestMessage request, HttpCompletionOption completionOption, CancellationTokenSource cts, Boolean disposeCts, CancellationTokenSource pendingRequestsCts, CancellationToken originalCancellationToken)
   at System.ServiceModel.Channels.HttpChannelFactory`1.HttpClientRequestChannel.HttpClientChannelAsyncRequest.SendRequestAsync(Message message, TimeoutHelper timeoutHelper)
No connection could be made because the target machine actively refused it.
   at System.Net.Sockets.Socket.AwaitableSocketAsyncEventArgs.ThrowException(SocketError error, CancellationToken cancellationToken)
   at System.Net.Sockets.Socket.AwaitableSocketAsyncEventArgs.System.Threading.Tasks.Sources.IValueTaskSource.GetResult(Int16 token)
   at System.Net.Sockets.Socket.<ConnectAsync>g__WaitForConnectWithCancellation|285_0(AwaitableSocketAsyncEventArgs saea, ValueTask connectTask, CancellationToken cancellationToken)
   at System.Net.Http.HttpConnectionPool.ConnectToTcpHostAsync(String host, Int32 port, HttpRequestMessage initialRequest, Boolean async, CancellationToken cancellationToken)
14/11/2025 07:23:06==>Cotizacion Invalida
   at Applet.Nat.Api.Br.Models.DocumentExp.GetCotizacion(String vivstrMoneda, DateTime vivdtm) in C:\Users\Jaco2701\Documents\Visual Studio Projects\Nat\Nat.api\Models\BR\DocumentExp.cs:line 175
   at Applet.Nat.Api.Controllers.MiscController.Statics() in C:\Users\Jaco2701\Documents\Visual Studio Projects\Nat\Nat.api\Controllers\MiscController.cs:line 45
14/11/2025 07:23:07==>Valor de Lista FORMAT:dtmwsmtxca no encontrado
   at Applet.Nat.Api.Static.ListHelper.GetValue(String vivcodType, String vivcodId, NatContext vioContext) in C:\Users\Jaco2701\Documents\Visual Studio Projects\Nat\Nat.api\Static\ListHelper.cs:line 26
   at Applet.Nat.Api.Models.Afip.AfipService.get_ivstrDateformat() in C:\Users\Jaco2701\Documents\Visual Studio Projects\Nat\Nat.api\Models\Afip\AfipService.cs:line 74
   at Applet.Nat.BR.DocumentMTXCA.GetCotizacion(String vivstrMoneda, DateTime vivdtm) in C:\Users\Jaco2701\Documents\Visual Studio Projects\Nat\Nat.api\Models\BR\DocumentMtxca.cs:line 540
14/11/2025 07:23:07==>Cotizacion Invalida
   at Applet.Nat.BR.DocumentMTXCA.GetCotizacion(String vivstrMoneda, DateTime vivdtm) in C:\Users\Jaco2701\Documents\Visual Studio Projects\Nat\Nat.api\Models\BR\DocumentMtxca.cs:line 566
   at Applet.Nat.Api.Controllers.MiscController.Statics() in C:\Users\Jaco2701\Documents\Visual Studio Projects\Nat\Nat.api\Controllers\MiscController.cs:line 65
14/11/2025 07:25:11==>No connection could be made because the target machine actively refused it. (wsfe-homo.arca.gob.ar:443)
   at System.Runtime.AsyncResult.End[TAsyncResult](IAsyncResult result)
   at System.ServiceModel.Channels.ServiceChannel.SendAsyncResult.End(SendAsyncResult result)
   at System.ServiceModel.Channels.ServiceChannel.EndCall(String action, Object[] outs, IAsyncResult result)
   at System.ServiceModel.Channels.ServiceChannelProxy.TaskCreator.<>c__DisplayClass1_0.<CreateGenericTask>b__0(IAsyncResult asyncResult)
--- End of stack trace from previous location ---
   at Applet.Nat.Api.Br.Models.DocumentExp.GetCotizacion(String vivstrMoneda, DateTime vivdtm) in C:\Users\Jaco2701\Documents\Visual Studio Projects\Nat\Nat.api\Models\BR\DocumentExp.cs:line 156
No connection could be made because the target machine actively refused it. (wsfe-homo.arca.gob.ar:443)
   at System.Net.Http.HttpConnectionPool.ConnectToTcpHostAsync(String host, Int32 port, HttpRequestMessage initialRequest, Boolean async, CancellationToken cancellationToken)
   at System.Net.Http.HttpConnectionPool.ConnectAsync(HttpRequestMessage request, Boolean async, CancellationToken cancellationToken)
   at System.Net.Http.HttpConnectionPool.CreateHttp11ConnectionAsync(HttpRequestMessage request, Boolean async, CancellationToken cancellationToken)
   at System.Net.Http.HttpConnectionPool.AddHttp11ConnectionAsync(QueueItem queueItem)
   at System.Threading.Tasks.TaskCompletionSourceWithCancellation`1.WaitWithCancellationAsync(CancellationToken cancellationToken)
   at System.Net.Http.HttpConnectionPool.SendWithVersionDetectionAndRetryAsync(HttpRequestMessage request, Boolean async, Boolean doRequestAuth, CancellationToken cancellationToken)
   at System.Net.Http.DiagnosticsHandler.SendAsyncCore(HttpRequestMessage request, Boolean async, CancellationToken cancellationToken)
   at System.Net.Http.RedirectHandler.SendAsync(HttpRequestMessage request, Boolean async, CancellationToken cancellationToken)
   at System.Net.Http.DecompressionHandler.SendAsync(HttpRequestMessage request, Boolean async, CancellationToken cancellationToken)
   at System.Net.Http.HttpClient.<SendAsync>g__Core|83_0(HttpRequestMessage request, HttpCompletionOption completionOption, CancellationTokenSource cts, Boolean disposeCts, CancellationTokenSource pendingRequestsCts, CancellationToken originalCancellationToken)
   at System.ServiceModel.Channels.HttpChannelFactory`1.HttpClientRequestChannel.HttpClientChannelAsyncRequest.SendRequestAsync(Message message, TimeoutHelper timeoutHelper)
No connection could be made because the target machine actively refused it.
   at System.Net.Sockets.Socket.AwaitableSocketAsyncEventArgs.ThrowException(SocketError error, CancellationToken cancellationToken)
   at System.Net.Sockets.Socket.AwaitableSocketAsyncEventArgs.System.Threading.Tasks.Sources.IValueTaskSource.GetResult(Int16 token)
   at System.Net.Sockets.Socket.<ConnectAsync>g__WaitForConnectWithCancellation|285_0(AwaitableSocketAsyncEventArgs saea, ValueTask connectTask, CancellationToken cancellationToken)
   at System.Net.Http.HttpConnectionPool.ConnectToTcpHostAsync(String host, Int32 port, HttpRequestMessage initialRequest, Boolean async, CancellationToken cancellationToken)
14/11/2025 07:25:11==>Cotizacion Invalida
   at Applet.Nat.Api.Br.Models.DocumentExp.GetCotizacion(String vivstrMoneda, DateTime vivdtm) in C:\Users\Jaco2701\Documents\Visual Studio Projects\Nat\Nat.api\Models\BR\DocumentExp.cs:line 175
   at Applet.Nat.Api.Controllers.MiscController.Statics() in C:\Users\Jaco2701\Documents\Visual Studio Projects\Nat\Nat.api\Controllers\MiscController.cs:line 45
14/11/2025 07:25:11==>Valor de Lista FORMAT:dtmwsmtxca no encontrado
   at Applet.Nat.Api.Static.ListHelper.GetValue(String vivcodType, String vivcodId, NatContext vioContext) in C:\Users\Jaco2701\Documents\Visual Studio Projects\Nat\Nat.api\Static\ListHelper.cs:line 26
   at Applet.Nat.Api.Models.Afip.AfipService.get_ivstrDateformat() in C:\Users\Jaco2701\Documents\Visual Studio Projects\Nat\Nat.api\Models\Afip\AfipService.cs:line 74
   at Applet.Nat.BR.DocumentMTXCA.GetCotizacion(String vivstrMoneda, DateTime vivdtm) in C:\Users\Jaco2701\Documents\Visual Studio Projects\Nat\Nat.api\Models\BR\DocumentMtxca.cs:line 540
14/11/2025 07:25:11==>Cotizacion Invalida
   at Applet.Nat.BR.DocumentMTXCA.GetCotizacion(String vivstrMoneda, DateTime vivdtm) in C:\Users\Jaco2701\Documents\Visual Studio Projects\Nat\Nat.api\Models\BR\DocumentMtxca.cs:line 566
   at Applet.Nat.Api.Controllers.MiscController.Statics() in C:\Users\Jaco2701\Documents\Visual Studio Projects\Nat\Nat.api\Controllers\MiscController.cs:line 65
14/11/2025 07:25:13==>No connection could be made because the target machine actively refused it. (wsfe-homo.arca.gob.ar:443)
   at System.Runtime.AsyncResult.End[TAsyncResult](IAsyncResult result)
   at System.ServiceModel.Channels.ServiceChannel.SendAsyncResult.End(SendAsyncResult result)
   at System.ServiceModel.Channels.ServiceChannel.EndCall(String action, Object[] outs, IAsyncResult result)
   at System.ServiceModel.Channels.ServiceChannelProxy.TaskCreator.<>c__DisplayClass1_0.<CreateGenericTask>b__0(IAsyncResult asyncResult)
--- End of stack trace from previous location ---
   at Applet.Nat.Api.Br.Models.DocumentExp.GetCotizacion(String vivstrMoneda, DateTime vivdtm) in C:\Users\Jaco2701\Documents\Visual Studio Projects\Nat\Nat.api\Models\BR\DocumentExp.cs:line 156
No connection could be made because the target machine actively refused it. (wsfe-homo.arca.gob.ar:443)
   at System.Net.Http.HttpConnectionPool.ConnectToTcpHostAsync(String host, Int32 port, HttpRequestMessage initialRequest, Boolean async, CancellationToken cancellationToken)
   at System.Net.Http.HttpConnectionPool.ConnectAsync(HttpRequestMessage request, Boolean async, CancellationToken cancellationToken)
   at System.Net.Http.HttpConnectionPool.CreateHttp11ConnectionAsync(HttpRequestMessage request, Boolean async, CancellationToken cancellationToken)
   at System.Net.Http.HttpConnectionPool.AddHttp11ConnectionAsync(QueueItem queueItem)
   at System.Threading.Tasks.TaskCompletionSourceWithCancellation`1.WaitWithCancellationAsync(CancellationToken cancellationToken)
   at System.Net.Http.HttpConnectionPool.SendWithVersionDetectionAndRetryAsync(HttpRequestMessage request, Boolean async, Boolean doRequestAuth, CancellationToken cancellationToken)
   at System.Net.Http.DiagnosticsHandler.SendAsyncCore(HttpRequestMessage request, Boolean async, CancellationToken cancellationToken)
   at System.Net.Http.RedirectHandler.SendAsync(HttpRequestMessage request, Boolean async, CancellationToken cancellationToken)
   at System.Net.Http.DecompressionHandler.SendAsync(HttpRequestMessage request, Boolean async, CancellationToken cancellationToken)
   at System.Net.Http.HttpClient.<SendAsync>g__Core|83_0(HttpRequestMessage request, HttpCompletionOption completionOption, CancellationTokenSource cts, Boolean disposeCts, CancellationTokenSource pendingRequestsCts, CancellationToken originalCancellationToken)
   at System.ServiceModel.Channels.HttpChannelFactory`1.HttpClientRequestChannel.HttpClientChannelAsyncRequest.SendRequestAsync(Message message, TimeoutHelper timeoutHelper)
No connection could be made because the target machine actively refused it.
   at System.Net.Sockets.Socket.AwaitableSocketAsyncEventArgs.ThrowException(SocketError error, CancellationToken cancellationToken)
   at System.Net.Sockets.Socket.AwaitableSocketAsyncEventArgs.System.Threading.Tasks.Sources.IValueTaskSource.GetResult(Int16 token)
   at System.Net.Sockets.Socket.<ConnectAsync>g__WaitForConnectWithCancellation|285_0(AwaitableSocketAsyncEventArgs saea, ValueTask connectTask, CancellationToken cancellationToken)
   at System.Net.Http.HttpConnectionPool.ConnectToTcpHostAsync(String host, Int32 port, HttpRequestMessage initialRequest, Boolean async, CancellationToken cancellationToken)
14/11/2025 07:25:13==>Cotizacion Invalida
   at Applet.Nat.Api.Br.Models.DocumentExp.GetCotizacion(String vivstrMoneda, DateTime vivdtm) in C:\Users\Jaco2701\Documents\Visual Studio Projects\Nat\Nat.api\Models\BR\DocumentExp.cs:line 175
   at Applet.Nat.Api.Controllers.MiscController.Statics() in C:\Users\Jaco2701\Documents\Visual Studio Projects\Nat\Nat.api\Controllers\MiscController.cs:line 45
14/11/2025 07:25:14==>Valor de Lista FORMAT:dtmwsmtxca no encontrado
   at Applet.Nat.Api.Static.ListHelper.GetValue(String vivcodType, String vivcodId, NatContext vioContext) in C:\Users\Jaco2701\Documents\Visual Studio Projects\Nat\Nat.api\Static\ListHelper.cs:line 26
   at Applet.Nat.Api.Models.Afip.AfipService.get_ivstrDateformat() in C:\Users\Jaco2701\Documents\Visual Studio Projects\Nat\Nat.api\Models\Afip\AfipService.cs:line 74
   at Applet.Nat.BR.DocumentMTXCA.GetCotizacion(String vivstrMoneda, DateTime vivdtm) in C:\Users\Jaco2701\Documents\Visual Studio Projects\Nat\Nat.api\Models\BR\DocumentMtxca.cs:line 540
14/11/2025 07:25:14==>Cotizacion Invalida
   at Applet.Nat.BR.DocumentMTXCA.GetCotizacion(String vivstrMoneda, DateTime vivdtm) in C:\Users\Jaco2701\Documents\Visual Studio Projects\Nat\Nat.api\Models\BR\DocumentMtxca.cs:line 566
   at Applet.Nat.Api.Controllers.MiscController.Statics() in C:\Users\Jaco2701\Documents\Visual Studio Projects\Nat\Nat.api\Controllers\MiscController.cs:line 65
14/11/2025 07:26:58==>No connection could be made because the target machine actively refused it. (wsfe-homo.arca.gob.ar:443)
   at System.Runtime.AsyncResult.End[TAsyncResult](IAsyncResult result)
   at System.ServiceModel.Channels.ServiceChannel.SendAsyncResult.End(SendAsyncResult result)
   at System.ServiceModel.Channels.ServiceChannel.EndCall(String action, Object[] outs, IAsyncResult result)
   at System.ServiceModel.Channels.ServiceChannelProxy.TaskCreator.<>c__DisplayClass1_0.<CreateGenericTask>b__0(IAsyncResult asyncResult)
--- End of stack trace from previous location ---
   at Applet.Nat.Api.Br.Models.DocumentExp.GetCotizacion(String vivstrMoneda, DateTime vivdtm) in C:\Users\Jaco2701\Documents\Visual Studio Projects\Nat\Nat.api\Models\BR\DocumentExp.cs:line 156
No connection could be made because the target machine actively refused it. (wsfe-homo.arca.gob.ar:443)
   at System.Net.Http.HttpConnectionPool.ConnectToTcpHostAsync(String host, Int32 port, HttpRequestMessage initialRequest, Boolean async, CancellationToken cancellationToken)
   at System.Net.Http.HttpConnectionPool.ConnectAsync(HttpRequestMessage request, Boolean async, CancellationToken cancellationToken)
   at System.Net.Http.HttpConnectionPool.CreateHttp11ConnectionAsync(HttpRequestMessage request, Boolean async, CancellationToken cancellationToken)
   at System.Net.Http.HttpConnectionPool.AddHttp11ConnectionAsync(QueueItem queueItem)
   at System.Threading.Tasks.TaskCompletionSourceWithCancellation`1.WaitWithCancellationAsync(CancellationToken cancellationToken)
   at System.Net.Http.HttpConnectionPool.SendWithVersionDetectionAndRetryAsync(HttpRequestMessage request, Boolean async, Boolean doRequestAuth, CancellationToken cancellationToken)
   at System.Net.Http.DiagnosticsHandler.SendAsyncCore(HttpRequestMessage request, Boolean async, CancellationToken cancellationToken)
   at System.Net.Http.RedirectHandler.SendAsync(HttpRequestMessage request, Boolean async, CancellationToken cancellationToken)
   at System.Net.Http.DecompressionHandler.SendAsync(HttpRequestMessage request, Boolean async, CancellationToken cancellationToken)
   at System.Net.Http.HttpClient.<SendAsync>g__Core|83_0(HttpRequestMessage request, HttpCompletionOption completionOption, CancellationTokenSource cts, Boolean disposeCts, CancellationTokenSource pendingRequestsCts, CancellationToken originalCancellationToken)
   at System.ServiceModel.Channels.HttpChannelFactory`1.HttpClientRequestChannel.HttpClientChannelAsyncRequest.SendRequestAsync(Message message, TimeoutHelper timeoutHelper)
No connection could be made because the target machine actively refused it.
   at System.Net.Sockets.Socket.AwaitableSocketAsyncEventArgs.ThrowException(SocketError error, CancellationToken cancellationToken)
   at System.Net.Sockets.Socket.AwaitableSocketAsyncEventArgs.System.Threading.Tasks.Sources.IValueTaskSource.GetResult(Int16 token)
   at System.Net.Sockets.Socket.<ConnectAsync>g__WaitForConnectWithCancellation|285_0(AwaitableSocketAsyncEventArgs saea, ValueTask connectTask, CancellationToken cancellationToken)
   at System.Net.Http.HttpConnectionPool.ConnectToTcpHostAsync(String host, Int32 port, HttpRequestMessage initialRequest, Boolean async, CancellationToken cancellationToken)
14/11/2025 07:26:58==>Cotizacion Invalida
   at Applet.Nat.Api.Br.Models.DocumentExp.GetCotizacion(String vivstrMoneda, DateTime vivdtm) in C:\Users\Jaco2701\Documents\Visual Studio Projects\Nat\Nat.api\Models\BR\DocumentExp.cs:line 175
   at Applet.Nat.Api.Controllers.MiscController.Statics() in C:\Users\Jaco2701\Documents\Visual Studio Projects\Nat\Nat.api\Controllers\MiscController.cs:line 45
14/11/2025 07:26:59==>Valor de Lista FORMAT:dtmwsmtxca no encontrado
   at Applet.Nat.Api.Static.ListHelper.GetValue(String vivcodType, String vivcodId, NatContext vioContext) in C:\Users\Jaco2701\Documents\Visual Studio Projects\Nat\Nat.api\Static\ListHelper.cs:line 26
   at Applet.Nat.Api.Models.Afip.AfipService.get_ivstrDateformat() in C:\Users\Jaco2701\Documents\Visual Studio Projects\Nat\Nat.api\Models\Afip\AfipService.cs:line 74
   at Applet.Nat.BR.DocumentMTXCA.GetCotizacion(String vivstrMoneda, DateTime vivdtm) in C:\Users\Jaco2701\Documents\Visual Studio Projects\Nat\Nat.api\Models\BR\DocumentMtxca.cs:line 540
14/11/2025 07:26:59==>Cotizacion Invalida
   at Applet.Nat.BR.DocumentMTXCA.GetCotizacion(String vivstrMoneda, DateTime vivdtm) in C:\Users\Jaco2701\Documents\Visual Studio Projects\Nat\Nat.api\Models\BR\DocumentMtxca.cs:line 566
   at Applet.Nat.Api.Controllers.MiscController.Statics() in C:\Users\Jaco2701\Documents\Visual Studio Projects\Nat\Nat.api\Controllers\MiscController.cs:line 65
14/11/2025 07:27:01==>No connection could be made because the target machine actively refused it. (wsfe-homo.arca.gob.ar:443)
   at System.Runtime.AsyncResult.End[TAsyncResult](IAsyncResult result)
   at System.ServiceModel.Channels.ServiceChannel.SendAsyncResult.End(SendAsyncResult result)
   at System.ServiceModel.Channels.ServiceChannel.EndCall(String action, Object[] outs, IAsyncResult result)
   at System.ServiceModel.Channels.ServiceChannelProxy.TaskCreator.<>c__DisplayClass1_0.<CreateGenericTask>b__0(IAsyncResult asyncResult)
--- End of stack trace from previous location ---
   at Applet.Nat.Api.Br.Models.DocumentExp.GetCotizacion(String vivstrMoneda, DateTime vivdtm) in C:\Users\Jaco2701\Documents\Visual Studio Projects\Nat\Nat.api\Models\BR\DocumentExp.cs:line 156
No connection could be made because the target machine actively refused it. (wsfe-homo.arca.gob.ar:443)
   at System.Net.Http.HttpConnectionPool.ConnectToTcpHostAsync(String host, Int32 port, HttpRequestMessage initialRequest, Boolean async, CancellationToken cancellationToken)
   at System.Net.Http.HttpConnectionPool.ConnectAsync(HttpRequestMessage request, Boolean async, CancellationToken cancellationToken)
   at System.Net.Http.HttpConnectionPool.CreateHttp11ConnectionAsync(HttpRequestMessage request, Boolean async, CancellationToken cancellationToken)
   at System.Net.Http.HttpConnectionPool.AddHttp11ConnectionAsync(QueueItem queueItem)
   at System.Threading.Tasks.TaskCompletionSourceWithCancellation`1.WaitWithCancellationAsync(CancellationToken cancellationToken)
   at System.Net.Http.HttpConnectionPool.SendWithVersionDetectionAndRetryAsync(HttpRequestMessage request, Boolean async, Boolean doRequestAuth, CancellationToken cancellationToken)
   at System.Net.Http.DiagnosticsHandler.SendAsyncCore(HttpRequestMessage request, Boolean async, CancellationToken cancellationToken)
   at System.Net.Http.RedirectHandler.SendAsync(HttpRequestMessage request, Boolean async, CancellationToken cancellationToken)
   at System.Net.Http.DecompressionHandler.SendAsync(HttpRequestMessage request, Boolean async, CancellationToken cancellationToken)
   at System.Net.Http.HttpClient.<SendAsync>g__Core|83_0(HttpRequestMessage request, HttpCompletionOption completionOption, CancellationTokenSource cts, Boolean disposeCts, CancellationTokenSource pendingRequestsCts, CancellationToken originalCancellationToken)
   at System.ServiceModel.Channels.HttpChannelFactory`1.HttpClientRequestChannel.HttpClientChannelAsyncRequest.SendRequestAsync(Message message, TimeoutHelper timeoutHelper)
No connection could be made because the target machine actively refused it.
   at System.Net.Sockets.Socket.AwaitableSocketAsyncEventArgs.ThrowException(SocketError error, CancellationToken cancellationToken)
   at System.Net.Sockets.Socket.AwaitableSocketAsyncEventArgs.System.Threading.Tasks.Sources.IValueTaskSource.GetResult(Int16 token)
   at System.Net.Sockets.Socket.<ConnectAsync>g__WaitForConnectWithCancellation|285_0(AwaitableSocketAsyncEventArgs saea, ValueTask connectTask, CancellationToken cancellationToken)
   at System.Net.Http.HttpConnectionPool.ConnectToTcpHostAsync(String host, Int32 port, HttpRequestMessage initialRequest, Boolean async, CancellationToken cancellationToken)
14/11/2025 07:27:01==>Cotizacion Invalida
   at Applet.Nat.Api.Br.Models.DocumentExp.GetCotizacion(String vivstrMoneda, DateTime vivdtm) in C:\Users\Jaco2701\Documents\Visual Studio Projects\Nat\Nat.api\Models\BR\DocumentExp.cs:line 175
   at Applet.Nat.Api.Controllers.MiscController.Statics() in C:\Users\Jaco2701\Documents\Visual Studio Projects\Nat\Nat.api\Controllers\MiscController.cs:line 45
14/11/2025 07:27:01==>Valor de Lista FORMAT:dtmwsmtxca no encontrado
   at Applet.Nat.Api.Static.ListHelper.GetValue(String vivcodType, String vivcodId, NatContext vioContext) in C:\Users\Jaco2701\Documents\Visual Studio Projects\Nat\Nat.api\Static\ListHelper.cs:line 26
   at Applet.Nat.Api.Models.Afip.AfipService.get_ivstrDateformat() in C:\Users\Jaco2701\Documents\Visual Studio Projects\Nat\Nat.api\Models\Afip\AfipService.cs:line 74
   at Applet.Nat.BR.DocumentMTXCA.GetCotizacion(String vivstrMoneda, DateTime vivdtm) in C:\Users\Jaco2701\Documents\Visual Studio Projects\Nat\Nat.api\Models\BR\DocumentMtxca.cs:line 540
14/11/2025 07:27:01==>Cotizacion Invalida
   at Applet.Nat.BR.DocumentMTXCA.GetCotizacion(String vivstrMoneda, DateTime vivdtm) in C:\Users\Jaco2701\Documents\Visual Studio Projects\Nat\Nat.api\Models\BR\DocumentMtxca.cs:line 566
   at Applet.Nat.Api.Controllers.MiscController.Statics() in C:\Users\Jaco2701\Documents\Visual Studio Projects\Nat\Nat.api\Controllers\MiscController.cs:line 65
14/11/2025 07:31:28==>No connection could be made because the target machine actively refused it. (wsfe-homo.arca.gob.ar:443)
   at System.Runtime.AsyncResult.End[TAsyncResult](IAsyncResult result)
   at System.ServiceModel.Channels.ServiceChannel.SendAsyncResult.End(SendAsyncResult result)
   at System.ServiceModel.Channels.ServiceChannel.EndCall(String action, Object[] outs, IAsyncResult result)
   at System.ServiceModel.Channels.ServiceChannelProxy.TaskCreator.<>c__DisplayClass1_0.<CreateGenericTask>b__0(IAsyncResult asyncResult)
--- End of stack trace from previous location ---
   at Applet.Nat.Api.Br.Models.DocumentExp.GetCotizacion(String vivstrMoneda, DateTime vivdtm) in C:\Users\Jaco2701\Documents\Visual Studio Projects\Nat\Nat.api\Models\BR\DocumentExp.cs:line 156
No connection could be made because the target machine actively refused it. (wsfe-homo.arca.gob.ar:443)
   at System.Net.Http.HttpConnectionPool.ConnectToTcpHostAsync(String host, Int32 port, HttpRequestMessage initialRequest, Boolean async, CancellationToken cancellationToken)
   at System.Net.Http.HttpConnectionPool.ConnectAsync(HttpRequestMessage request, Boolean async, CancellationToken cancellationToken)
   at System.Net.Http.HttpConnectionPool.CreateHttp11ConnectionAsync(HttpRequestMessage request, Boolean async, CancellationToken cancellationToken)
   at System.Net.Http.HttpConnectionPool.AddHttp11ConnectionAsync(QueueItem queueItem)
   at System.Threading.Tasks.TaskCompletionSourceWithCancellation`1.WaitWithCancellationAsync(CancellationToken cancellationToken)
   at System.Net.Http.HttpConnectionPool.SendWithVersionDetectionAndRetryAsync(HttpRequestMessage request, Boolean async, Boolean doRequestAuth, CancellationToken cancellationToken)
   at System.Net.Http.DiagnosticsHandler.SendAsyncCore(HttpRequestMessage request, Boolean async, CancellationToken cancellationToken)
   at System.Net.Http.RedirectHandler.SendAsync(HttpRequestMessage request, Boolean async, CancellationToken cancellationToken)
   at System.Net.Http.DecompressionHandler.SendAsync(HttpRequestMessage request, Boolean async, CancellationToken cancellationToken)
   at System.Net.Http.HttpClient.<SendAsync>g__Core|83_0(HttpRequestMessage request, HttpCompletionOption completionOption, CancellationTokenSource cts, Boolean disposeCts, CancellationTokenSource pendingRequestsCts, CancellationToken originalCancellationToken)
   at System.ServiceModel.Channels.HttpChannelFactory`1.HttpClientRequestChannel.HttpClientChannelAsyncRequest.SendRequestAsync(Message message, TimeoutHelper timeoutHelper)
No connection could be made because the target machine actively refused it.
   at System.Net.Sockets.Socket.AwaitableSocketAsyncEventArgs.ThrowException(SocketError error, CancellationToken cancellationToken)
   at System.Net.Sockets.Socket.AwaitableSocketAsyncEventArgs.System.Threading.Tasks.Sources.IValueTaskSource.GetResult(Int16 token)
   at System.Net.Sockets.Socket.<ConnectAsync>g__WaitForConnectWithCancellation|285_0(AwaitableSocketAsyncEventArgs saea, ValueTask connectTask, CancellationToken cancellationToken)
   at System.Net.Http.HttpConnectionPool.ConnectToTcpHostAsync(String host, Int32 port, HttpRequestMessage initialRequest, Boolean async, CancellationToken cancellationToken)
14/11/2025 07:31:28==>Cotizacion Invalida
   at Applet.Nat.Api.Br.Models.DocumentExp.GetCotizacion(String vivstrMoneda, DateTime vivdtm) in C:\Users\Jaco2701\Documents\Visual Studio Projects\Nat\Nat.api\Models\BR\DocumentExp.cs:line 175
   at Applet.Nat.Api.Controllers.MiscController.Statics() in C:\Users\Jaco2701\Documents\Visual Studio Projects\Nat\Nat.api\Controllers\MiscController.cs:line 45
14/11/2025 07:31:28==>Valor de Lista FORMAT:dtmwsmtxca no encontrado
   at Applet.Nat.Api.Static.ListHelper.GetValue(String vivcodType, String vivcodId, NatContext vioContext) in C:\Users\Jaco2701\Documents\Visual Studio Projects\Nat\Nat.api\Static\ListHelper.cs:line 26
   at Applet.Nat.Api.Models.Afip.AfipService.get_ivstrDateformat() in C:\Users\Jaco2701\Documents\Visual Studio Projects\Nat\Nat.api\Models\Afip\AfipService.cs:line 74
   at Applet.Nat.BR.DocumentMTXCA.GetCotizacion(String vivstrMoneda, DateTime vivdtm) in C:\Users\Jaco2701\Documents\Visual Studio Projects\Nat\Nat.api\Models\BR\DocumentMtxca.cs:line 540
14/11/2025 07:31:28==>Cotizacion Invalida
   at Applet.Nat.BR.DocumentMTXCA.GetCotizacion(String vivstrMoneda, DateTime vivdtm) in C:\Users\Jaco2701\Documents\Visual Studio Projects\Nat\Nat.api\Models\BR\DocumentMtxca.cs:line 566
   at Applet.Nat.Api.Controllers.MiscController.Statics() in C:\Users\Jaco2701\Documents\Visual Studio Projects\Nat\Nat.api\Controllers\MiscController.cs:line 65
14/11/2025 07:31:31==>No connection could be made because the target machine actively refused it. (wsfe-homo.arca.gob.ar:443)
   at System.Runtime.AsyncResult.End[TAsyncResult](IAsyncResult result)
   at System.ServiceModel.Channels.ServiceChannel.SendAsyncResult.End(SendAsyncResult result)
   at System.ServiceModel.Channels.ServiceChannel.EndCall(String action, Object[] outs, IAsyncResult result)
   at System.ServiceModel.Channels.ServiceChannelProxy.TaskCreator.<>c__DisplayClass1_0.<CreateGenericTask>b__0(IAsyncResult asyncResult)
--- End of stack trace from previous location ---
   at Applet.Nat.Api.Br.Models.DocumentExp.GetCotizacion(String vivstrMoneda, DateTime vivdtm) in C:\Users\Jaco2701\Documents\Visual Studio Projects\Nat\Nat.api\Models\BR\DocumentExp.cs:line 156
No connection could be made because the target machine actively refused it. (wsfe-homo.arca.gob.ar:443)
   at System.Net.Http.HttpConnectionPool.ConnectToTcpHostAsync(String host, Int32 port, HttpRequestMessage initialRequest, Boolean async, CancellationToken cancellationToken)
   at System.Net.Http.HttpConnectionPool.ConnectAsync(HttpRequestMessage request, Boolean async, CancellationToken cancellationToken)
   at System.Net.Http.HttpConnectionPool.CreateHttp11ConnectionAsync(HttpRequestMessage request, Boolean async, CancellationToken cancellationToken)
   at System.Net.Http.HttpConnectionPool.AddHttp11ConnectionAsync(QueueItem queueItem)
   at System.Threading.Tasks.TaskCompletionSourceWithCancellation`1.WaitWithCancellationAsync(CancellationToken cancellationToken)
   at System.Net.Http.HttpConnectionPool.SendWithVersionDetectionAndRetryAsync(HttpRequestMessage request, Boolean async, Boolean doRequestAuth, CancellationToken cancellationToken)
   at System.Net.Http.DiagnosticsHandler.SendAsyncCore(HttpRequestMessage request, Boolean async, CancellationToken cancellationToken)
   at System.Net.Http.RedirectHandler.SendAsync(HttpRequestMessage request, Boolean async, CancellationToken cancellationToken)
   at System.Net.Http.DecompressionHandler.SendAsync(HttpRequestMessage request, Boolean async, CancellationToken cancellationToken)
   at System.Net.Http.HttpClient.<SendAsync>g__Core|83_0(HttpRequestMessage request, HttpCompletionOption completionOption, CancellationTokenSource cts, Boolean disposeCts, CancellationTokenSource pendingRequestsCts, CancellationToken originalCancellationToken)
   at System.ServiceModel.Channels.HttpChannelFactory`1.HttpClientRequestChannel.HttpClientChannelAsyncRequest.SendRequestAsync(Message message, TimeoutHelper timeoutHelper)
No connection could be made because the target machine actively refused it.
   at System.Net.Sockets.Socket.AwaitableSocketAsyncEventArgs.ThrowException(SocketError error, CancellationToken cancellationToken)
   at System.Net.Sockets.Socket.AwaitableSocketAsyncEventArgs.System.Threading.Tasks.Sources.IValueTaskSource.GetResult(Int16 token)
   at System.Net.Sockets.Socket.<ConnectAsync>g__WaitForConnectWithCancellation|285_0(AwaitableSocketAsyncEventArgs saea, ValueTask connectTask, CancellationToken cancellationToken)
   at System.Net.Http.HttpConnectionPool.ConnectToTcpHostAsync(String host, Int32 port, HttpRequestMessage initialRequest, Boolean async, CancellationToken cancellationToken)
14/11/2025 07:31:31==>Cotizacion Invalida
   at Applet.Nat.Api.Br.Models.DocumentExp.GetCotizacion(String vivstrMoneda, DateTime vivdtm) in C:\Users\Jaco2701\Documents\Visual Studio Projects\Nat\Nat.api\Models\BR\DocumentExp.cs:line 175
   at Applet.Nat.Api.Controllers.MiscController.Statics() in C:\Users\Jaco2701\Documents\Visual Studio Projects\Nat\Nat.api\Controllers\MiscController.cs:line 45
14/11/2025 07:31:31==>Valor de Lista FORMAT:dtmwsmtxca no encontrado
   at Applet.Nat.Api.Static.ListHelper.GetValue(String vivcodType, String vivcodId, NatContext vioContext) in C:\Users\Jaco2701\Documents\Visual Studio Projects\Nat\Nat.api\Static\ListHelper.cs:line 26
   at Applet.Nat.Api.Models.Afip.AfipService.get_ivstrDateformat() in C:\Users\Jaco2701\Documents\Visual Studio Projects\Nat\Nat.api\Models\Afip\AfipService.cs:line 74
   at Applet.Nat.BR.DocumentMTXCA.GetCotizacion(String vivstrMoneda, DateTime vivdtm) in C:\Users\Jaco2701\Documents\Visual Studio Projects\Nat\Nat.api\Models\BR\DocumentMtxca.cs:line 540
14/11/2025 07:31:31==>Cotizacion Invalida
   at Applet.Nat.BR.DocumentMTXCA.GetCotizacion(String vivstrMoneda, DateTime vivdtm) in C:\Users\Jaco2701\Documents\Visual Studio Projects\Nat\Nat.api\Models\BR\DocumentMtxca.cs:line 566
   at Applet.Nat.Api.Controllers.MiscController.Statics() in C:\Users\Jaco2701\Documents\Visual Studio Projects\Nat\Nat.api\Controllers\MiscController.cs:line 65
14/11/2025 07:32:23==>No connection could be made because the target machine actively refused it. (wsfe-homo.arca.gob.ar:443)
   at System.Runtime.AsyncResult.End[TAsyncResult](IAsyncResult result)
   at System.ServiceModel.Channels.ServiceChannel.SendAsyncResult.End(SendAsyncResult result)
   at System.ServiceModel.Channels.ServiceChannel.EndCall(String action, Object[] outs, IAsyncResult result)
   at System.ServiceModel.Channels.ServiceChannelProxy.TaskCreator.<>c__DisplayClass1_0.<CreateGenericTask>b__0(IAsyncResult asyncResult)
--- End of stack trace from previous location ---
   at Applet.Nat.Api.Br.Models.DocumentExp.GetCotizacion(String vivstrMoneda, DateTime vivdtm) in C:\Users\Jaco2701\Documents\Visual Studio Projects\Nat\Nat.api\Models\BR\DocumentExp.cs:line 156
No connection could be made because the target machine actively refused it. (wsfe-homo.arca.gob.ar:443)
   at System.Net.Http.HttpConnectionPool.ConnectToTcpHostAsync(String host, Int32 port, HttpRequestMessage initialRequest, Boolean async, CancellationToken cancellationToken)
   at System.Net.Http.HttpConnectionPool.ConnectAsync(HttpRequestMessage request, Boolean async, CancellationToken cancellationToken)
   at System.Net.Http.HttpConnectionPool.CreateHttp11ConnectionAsync(HttpRequestMessage request, Boolean async, CancellationToken cancellationToken)
   at System.Net.Http.HttpConnectionPool.AddHttp11ConnectionAsync(QueueItem queueItem)
   at System.Threading.Tasks.TaskCompletionSourceWithCancellation`1.WaitWithCancellationAsync(CancellationToken cancellationToken)
   at System.Net.Http.HttpConnectionPool.SendWithVersionDetectionAndRetryAsync(HttpRequestMessage request, Boolean async, Boolean doRequestAuth, CancellationToken cancellationToken)
   at System.Net.Http.DiagnosticsHandler.SendAsyncCore(HttpRequestMessage request, Boolean async, CancellationToken cancellationToken)
   at System.Net.Http.RedirectHandler.SendAsync(HttpRequestMessage request, Boolean async, CancellationToken cancellationToken)
   at System.Net.Http.DecompressionHandler.SendAsync(HttpRequestMessage request, Boolean async, CancellationToken cancellationToken)
   at System.Net.Http.HttpClient.<SendAsync>g__Core|83_0(HttpRequestMessage request, HttpCompletionOption completionOption, CancellationTokenSource cts, Boolean disposeCts, CancellationTokenSource pendingRequestsCts, CancellationToken originalCancellationToken)
   at System.ServiceModel.Channels.HttpChannelFactory`1.HttpClientRequestChannel.HttpClientChannelAsyncRequest.SendRequestAsync(Message message, TimeoutHelper timeoutHelper)
No connection could be made because the target machine actively refused it.
   at System.Net.Sockets.Socket.AwaitableSocketAsyncEventArgs.ThrowException(SocketError error, CancellationToken cancellationToken)
   at System.Net.Sockets.Socket.AwaitableSocketAsyncEventArgs.System.Threading.Tasks.Sources.IValueTaskSource.GetResult(Int16 token)
   at System.Net.Sockets.Socket.<ConnectAsync>g__WaitForConnectWithCancellation|285_0(AwaitableSocketAsyncEventArgs saea, ValueTask connectTask, CancellationToken cancellationToken)
   at System.Net.Http.HttpConnectionPool.ConnectToTcpHostAsync(String host, Int32 port, HttpRequestMessage initialRequest, Boolean async, CancellationToken cancellationToken)
14/11/2025 07:32:23==>Cotizacion Invalida
   at Applet.Nat.Api.Br.Models.DocumentExp.GetCotizacion(String vivstrMoneda, DateTime vivdtm) in C:\Users\Jaco2701\Documents\Visual Studio Projects\Nat\Nat.api\Models\BR\DocumentExp.cs:line 175
   at Applet.Nat.Api.Controllers.MiscController.Statics() in C:\Users\Jaco2701\Documents\Visual Studio Projects\Nat\Nat.api\Controllers\MiscController.cs:line 45
14/11/2025 07:32:23==>Valor de Lista FORMAT:dtmwsmtxca no encontrado
   at Applet.Nat.Api.Static.ListHelper.GetValue(String vivcodType, String vivcodId, NatContext vioContext) in C:\Users\Jaco2701\Documents\Visual Studio Projects\Nat\Nat.api\Static\ListHelper.cs:line 26
   at Applet.Nat.Api.Models.Afip.AfipService.get_ivstrDateformat() in C:\Users\Jaco2701\Documents\Visual Studio Projects\Nat\Nat.api\Models\Afip\AfipService.cs:line 74
   at Applet.Nat.BR.DocumentMTXCA.GetCotizacion(String vivstrMoneda, DateTime vivdtm) in C:\Users\Jaco2701\Documents\Visual Studio Projects\Nat\Nat.api\Models\BR\DocumentMtxca.cs:line 540
14/11/2025 07:32:23==>Cotizacion Invalida
   at Applet.Nat.BR.DocumentMTXCA.GetCotizacion(String vivstrMoneda, DateTime vivdtm) in C:\Users\Jaco2701\Documents\Visual Studio Projects\Nat\Nat.api\Models\BR\DocumentMtxca.cs:line 566
   at Applet.Nat.Api.Controllers.MiscController.Statics() in C:\Users\Jaco2701\Documents\Visual Studio Projects\Nat\Nat.api\Controllers\MiscController.cs:line 65
14/11/2025 07:32:26==>No connection could be made because the target machine actively refused it. (wsfe-homo.arca.gob.ar:443)
   at System.Runtime.AsyncResult.End[TAsyncResult](IAsyncResult result)
   at System.ServiceModel.Channels.ServiceChannel.SendAsyncResult.End(SendAsyncResult result)
   at System.ServiceModel.Channels.ServiceChannel.EndCall(String action, Object[] outs, IAsyncResult result)
   at System.ServiceModel.Channels.ServiceChannelProxy.TaskCreator.<>c__DisplayClass1_0.<CreateGenericTask>b__0(IAsyncResult asyncResult)
--- End of stack trace from previous location ---
   at Applet.Nat.Api.Br.Models.DocumentExp.GetCotizacion(String vivstrMoneda, DateTime vivdtm) in C:\Users\Jaco2701\Documents\Visual Studio Projects\Nat\Nat.api\Models\BR\DocumentExp.cs:line 156
No connection could be made because the target machine actively refused it. (wsfe-homo.arca.gob.ar:443)
   at System.Net.Http.HttpConnectionPool.ConnectToTcpHostAsync(String host, Int32 port, HttpRequestMessage initialRequest, Boolean async, CancellationToken cancellationToken)
   at System.Net.Http.HttpConnectionPool.ConnectAsync(HttpRequestMessage request, Boolean async, CancellationToken cancellationToken)
   at System.Net.Http.HttpConnectionPool.CreateHttp11ConnectionAsync(HttpRequestMessage request, Boolean async, CancellationToken cancellationToken)
   at System.Net.Http.HttpConnectionPool.AddHttp11ConnectionAsync(QueueItem queueItem)
   at System.Threading.Tasks.TaskCompletionSourceWithCancellation`1.WaitWithCancellationAsync(CancellationToken cancellationToken)
   at System.Net.Http.HttpConnectionPool.SendWithVersionDetectionAndRetryAsync(HttpRequestMessage request, Boolean async, Boolean doRequestAuth, CancellationToken cancellationToken)
   at System.Net.Http.DiagnosticsHandler.SendAsyncCore(HttpRequestMessage request, Boolean async, CancellationToken cancellationToken)
   at System.Net.Http.RedirectHandler.SendAsync(HttpRequestMessage request, Boolean async, CancellationToken cancellationToken)
   at System.Net.Http.DecompressionHandler.SendAsync(HttpRequestMessage request, Boolean async, CancellationToken cancellationToken)
   at System.Net.Http.HttpClient.<SendAsync>g__Core|83_0(HttpRequestMessage request, HttpCompletionOption completionOption, CancellationTokenSource cts, Boolean disposeCts, CancellationTokenSource pendingRequestsCts, CancellationToken originalCancellationToken)
   at System.ServiceModel.Channels.HttpChannelFactory`1.HttpClientRequestChannel.HttpClientChannelAsyncRequest.SendRequestAsync(Message message, TimeoutHelper timeoutHelper)
No connection could be made because the target machine actively refused it.
   at System.Net.Sockets.Socket.AwaitableSocketAsyncEventArgs.ThrowException(SocketError error, CancellationToken cancellationToken)
   at System.Net.Sockets.Socket.AwaitableSocketAsyncEventArgs.System.Threading.Tasks.Sources.IValueTaskSource.GetResult(Int16 token)
   at System.Net.Sockets.Socket.<ConnectAsync>g__WaitForConnectWithCancellation|285_0(AwaitableSocketAsyncEventArgs saea, ValueTask connectTask, CancellationToken cancellationToken)
   at System.Net.Http.HttpConnectionPool.ConnectToTcpHostAsync(String host, Int32 port, HttpRequestMessage initialRequest, Boolean async, CancellationToken cancellationToken)
14/11/2025 07:32:26==>Cotizacion Invalida
   at Applet.Nat.Api.Br.Models.DocumentExp.GetCotizacion(String vivstrMoneda, DateTime vivdtm) in C:\Users\Jaco2701\Documents\Visual Studio Projects\Nat\Nat.api\Models\BR\DocumentExp.cs:line 175
   at Applet.Nat.Api.Controllers.MiscController.Statics() in C:\Users\Jaco2701\Documents\Visual Studio Projects\Nat\Nat.api\Controllers\MiscController.cs:line 45
14/11/2025 07:32:26==>Valor de Lista FORMAT:dtmwsmtxca no encontrado
   at Applet.Nat.Api.Static.ListHelper.GetValue(String vivcodType, String vivcodId, NatContext vioContext) in C:\Users\Jaco2701\Documents\Visual Studio Projects\Nat\Nat.api\Static\ListHelper.cs:line 26
   at Applet.Nat.Api.Models.Afip.AfipService.get_ivstrDateformat() in C:\Users\Jaco2701\Documents\Visual Studio Projects\Nat\Nat.api\Models\Afip\AfipService.cs:line 74
   at Applet.Nat.BR.DocumentMTXCA.GetCotizacion(String vivstrMoneda, DateTime vivdtm) in C:\Users\Jaco2701\Documents\Visual Studio Projects\Nat\Nat.api\Models\BR\DocumentMtxca.cs:line 540
14/11/2025 07:32:26==>Cotizacion Invalida
   at Applet.Nat.BR.DocumentMTXCA.GetCotizacion(String vivstrMoneda, DateTime vivdtm) in C:\Users\Jaco2701\Documents\Visual Studio Projects\Nat\Nat.api\Models\BR\DocumentMtxca.cs:line 566
   at Applet.Nat.Api.Controllers.MiscController.Statics() in C:\Users\Jaco2701\Documents\Visual Studio Projects\Nat\Nat.api\Controllers\MiscController.cs:line 65
14/11/2025 07:32:40==>No connection could be made because the target machine actively refused it. (wsfe-homo.arca.gob.ar:443)
   at System.Runtime.AsyncResult.End[TAsyncResult](IAsyncResult result)
   at System.ServiceModel.Channels.ServiceChannel.SendAsyncResult.End(SendAsyncResult result)
   at System.ServiceModel.Channels.ServiceChannel.EndCall(String action, Object[] outs, IAsyncResult result)
   at System.ServiceModel.Channels.ServiceChannelProxy.TaskCreator.<>c__DisplayClass1_0.<CreateGenericTask>b__0(IAsyncResult asyncResult)
--- End of stack trace from previous location ---
   at Applet.Nat.Api.Br.Models.DocumentExp.GetCotizacion(String vivstrMoneda, DateTime vivdtm) in C:\Users\Jaco2701\Documents\Visual Studio Projects\Nat\Nat.api\Models\BR\DocumentExp.cs:line 156
No connection could be made because the target machine actively refused it. (wsfe-homo.arca.gob.ar:443)
   at System.Net.Http.HttpConnectionPool.ConnectToTcpHostAsync(String host, Int32 port, HttpRequestMessage initialRequest, Boolean async, CancellationToken cancellationToken)
   at System.Net.Http.HttpConnectionPool.ConnectAsync(HttpRequestMessage request, Boolean async, CancellationToken cancellationToken)
   at System.Net.Http.HttpConnectionPool.CreateHttp11ConnectionAsync(HttpRequestMessage request, Boolean async, CancellationToken cancellationToken)
   at System.Net.Http.HttpConnectionPool.AddHttp11ConnectionAsync(QueueItem queueItem)
   at System.Threading.Tasks.TaskCompletionSourceWithCancellation`1.WaitWithCancellationAsync(CancellationToken cancellationToken)
   at System.Net.Http.HttpConnectionPool.SendWithVersionDetectionAndRetryAsync(HttpRequestMessage request, Boolean async, Boolean doRequestAuth, CancellationToken cancellationToken)
   at System.Net.Http.DiagnosticsHandler.SendAsyncCore(HttpRequestMessage request, Boolean async, CancellationToken cancellationToken)
   at System.Net.Http.RedirectHandler.SendAsync(HttpRequestMessage request, Boolean async, CancellationToken cancellationToken)
   at System.Net.Http.DecompressionHandler.SendAsync(HttpRequestMessage request, Boolean async, CancellationToken cancellationToken)
   at System.Net.Http.HttpClient.<SendAsync>g__Core|83_0(HttpRequestMessage request, HttpCompletionOption completionOption, CancellationTokenSource cts, Boolean disposeCts, CancellationTokenSource pendingRequestsCts, CancellationToken originalCancellationToken)
   at System.ServiceModel.Channels.HttpChannelFactory`1.HttpClientRequestChannel.HttpClientChannelAsyncRequest.SendRequestAsync(Message message, TimeoutHelper timeoutHelper)
No connection could be made because the target machine actively refused it.
   at System.Net.Sockets.Socket.AwaitableSocketAsyncEventArgs.ThrowException(SocketError error, CancellationToken cancellationToken)
   at System.Net.Sockets.Socket.AwaitableSocketAsyncEventArgs.System.Threading.Tasks.Sources.IValueTaskSource.GetResult(Int16 token)
   at System.Net.Sockets.Socket.<ConnectAsync>g__WaitForConnectWithCancellation|285_0(AwaitableSocketAsyncEventArgs saea, ValueTask connectTask, CancellationToken cancellationToken)
   at System.Net.Http.HttpConnectionPool.ConnectToTcpHostAsync(String host, Int32 port, HttpRequestMessage initialRequest, Boolean async, CancellationToken cancellationToken)
14/11/2025 07:32:40==>Cotizacion Invalida
   at Applet.Nat.Api.Br.Models.DocumentExp.GetCotizacion(String vivstrMoneda, DateTime vivdtm) in C:\Users\Jaco2701\Documents\Visual Studio Projects\Nat\Nat.api\Models\BR\DocumentExp.cs:line 175
   at Applet.Nat.Api.Controllers.MiscController.Statics() in C:\Users\Jaco2701\Documents\Visual Studio Projects\Nat\Nat.api\Controllers\MiscController.cs:line 45
14/11/2025 07:32:40==>Valor de Lista FORMAT:dtmwsmtxca no encontrado
   at Applet.Nat.Api.Static.ListHelper.GetValue(String vivcodType, String vivcodId, NatContext vioContext) in C:\Users\Jaco2701\Documents\Visual Studio Projects\Nat\Nat.api\Static\ListHelper.cs:line 26
   at Applet.Nat.Api.Models.Afip.AfipService.get_ivstrDateformat() in C:\Users\Jaco2701\Documents\Visual Studio Projects\Nat\Nat.api\Models\Afip\AfipService.cs:line 74
   at Applet.Nat.BR.DocumentMTXCA.GetCotizacion(String vivstrMoneda, DateTime vivdtm) in C:\Users\Jaco2701\Documents\Visual Studio Projects\Nat\Nat.api\Models\BR\DocumentMtxca.cs:line 540
14/11/2025 07:32:40==>Cotizacion Invalida
   at Applet.Nat.BR.DocumentMTXCA.GetCotizacion(String vivstrMoneda, DateTime vivdtm) in C:\Users\Jaco2701\Documents\Visual Studio Projects\Nat\Nat.api\Models\BR\DocumentMtxca.cs:line 566
   at Applet.Nat.Api.Controllers.MiscController.Statics() in C:\Users\Jaco2701\Documents\Visual Studio Projects\Nat\Nat.api\Controllers\MiscController.cs:line 65
14/11/2025 07:35:08==>No connection could be made because the target machine actively refused it. (wsfe-homo.arca.gob.ar:443)
   at System.Runtime.AsyncResult.End[TAsyncResult](IAsyncResult result)
   at System.ServiceModel.Channels.ServiceChannel.SendAsyncResult.End(SendAsyncResult result)
   at System.ServiceModel.Channels.ServiceChannel.EndCall(String action, Object[] outs, IAsyncResult result)
   at System.ServiceModel.Channels.ServiceChannelProxy.TaskCreator.<>c__DisplayClass1_0.<CreateGenericTask>b__0(IAsyncResult asyncResult)
--- End of stack trace from previous location ---
   at Applet.Nat.Api.Br.Models.DocumentExp.GetCotizacion(String vivstrMoneda, DateTime vivdtm) in C:\Users\Jaco2701\Documents\Visual Studio Projects\Nat\Nat.api\Models\BR\DocumentExp.cs:line 156
No connection could be made because the target machine actively refused it. (wsfe-homo.arca.gob.ar:443)
   at System.Net.Http.HttpConnectionPool.ConnectToTcpHostAsync(String host, Int32 port, HttpRequestMessage initialRequest, Boolean async, CancellationToken cancellationToken)
   at System.Net.Http.HttpConnectionPool.ConnectAsync(HttpRequestMessage request, Boolean async, CancellationToken cancellationToken)
   at System.Net.Http.HttpConnectionPool.CreateHttp11ConnectionAsync(HttpRequestMessage request, Boolean async, CancellationToken cancellationToken)
   at System.Net.Http.HttpConnectionPool.AddHttp11ConnectionAsync(QueueItem queueItem)
   at System.Threading.Tasks.TaskCompletionSourceWithCancellation`1.WaitWithCancellationAsync(CancellationToken cancellationToken)
   at System.Net.Http.HttpConnectionPool.SendWithVersionDetectionAndRetryAsync(HttpRequestMessage request, Boolean async, Boolean doRequestAuth, CancellationToken cancellationToken)
   at System.Net.Http.DiagnosticsHandler.SendAsyncCore(HttpRequestMessage request, Boolean async, CancellationToken cancellationToken)
   at System.Net.Http.RedirectHandler.SendAsync(HttpRequestMessage request, Boolean async, CancellationToken cancellationToken)
   at System.Net.Http.DecompressionHandler.SendAsync(HttpRequestMessage request, Boolean async, CancellationToken cancellationToken)
   at System.Net.Http.HttpClient.<SendAsync>g__Core|83_0(HttpRequestMessage request, HttpCompletionOption completionOption, CancellationTokenSource cts, Boolean disposeCts, CancellationTokenSource pendingRequestsCts, CancellationToken originalCancellationToken)
   at System.ServiceModel.Channels.HttpChannelFactory`1.HttpClientRequestChannel.HttpClientChannelAsyncRequest.SendRequestAsync(Message message, TimeoutHelper timeoutHelper)
No connection could be made because the target machine actively refused it.
   at System.Net.Sockets.Socket.AwaitableSocketAsyncEventArgs.ThrowException(SocketError error, CancellationToken cancellationToken)
   at System.Net.Sockets.Socket.AwaitableSocketAsyncEventArgs.System.Threading.Tasks.Sources.IValueTaskSource.GetResult(Int16 token)
   at System.Net.Sockets.Socket.<ConnectAsync>g__WaitForConnectWithCancellation|285_0(AwaitableSocketAsyncEventArgs saea, ValueTask connectTask, CancellationToken cancellationToken)
   at System.Net.Http.HttpConnectionPool.ConnectToTcpHostAsync(String host, Int32 port, HttpRequestMessage initialRequest, Boolean async, CancellationToken cancellationToken)
14/11/2025 07:35:08==>Cotizacion Invalida
   at Applet.Nat.Api.Br.Models.DocumentExp.GetCotizacion(String vivstrMoneda, DateTime vivdtm) in C:\Users\Jaco2701\Documents\Visual Studio Projects\Nat\Nat.api\Models\BR\DocumentExp.cs:line 175
   at Applet.Nat.Api.Controllers.MiscController.Statics() in C:\Users\Jaco2701\Documents\Visual Studio Projects\Nat\Nat.api\Controllers\MiscController.cs:line 45
14/11/2025 07:35:08==>Valor de Lista FORMAT:dtmwsmtxca no encontrado
   at Applet.Nat.Api.Static.ListHelper.GetValue(String vivcodType, String vivcodId, NatContext vioContext) in C:\Users\Jaco2701\Documents\Visual Studio Projects\Nat\Nat.api\Static\ListHelper.cs:line 26
   at Applet.Nat.Api.Models.Afip.AfipService.get_ivstrDateformat() in C:\Users\Jaco2701\Documents\Visual Studio Projects\Nat\Nat.api\Models\Afip\AfipService.cs:line 74
   at Applet.Nat.BR.DocumentMTXCA.GetCotizacion(String vivstrMoneda, DateTime vivdtm) in C:\Users\Jaco2701\Documents\Visual Studio Projects\Nat\Nat.api\Models\BR\DocumentMtxca.cs:line 540
14/11/2025 07:35:08==>Cotizacion Invalida
   at Applet.Nat.BR.DocumentMTXCA.GetCotizacion(String vivstrMoneda, DateTime vivdtm) in C:\Users\Jaco2701\Documents\Visual Studio Projects\Nat\Nat.api\Models\BR\DocumentMtxca.cs:line 566
   at Applet.Nat.Api.Controllers.MiscController.Statics() in C:\Users\Jaco2701\Documents\Visual Studio Projects\Nat\Nat.api\Controllers\MiscController.cs:line 65
14/11/2025 07:41:36==>No connection could be made because the target machine actively refused it. (wsfe-homo.arca.gob.ar:443)
   at System.Runtime.AsyncResult.End[TAsyncResult](IAsyncResult result)
   at System.ServiceModel.Channels.ServiceChannel.SendAsyncResult.End(SendAsyncResult result)
   at System.ServiceModel.Channels.ServiceChannel.EndCall(String action, Object[] outs, IAsyncResult result)
   at System.ServiceModel.Channels.ServiceChannelProxy.TaskCreator.<>c__DisplayClass1_0.<CreateGenericTask>b__0(IAsyncResult asyncResult)
--- End of stack trace from previous location ---
   at Applet.Nat.Api.Br.Models.DocumentExp.GetCotizacion(String vivstrMoneda, DateTime vivdtm) in C:\Users\Jaco2701\Documents\Visual Studio Projects\Nat\Nat.api\Models\BR\DocumentExp.cs:line 156
No connection could be made because the target machine actively refused it. (wsfe-homo.arca.gob.ar:443)
   at System.Net.Http.HttpConnectionPool.ConnectToTcpHostAsync(String host, Int32 port, HttpRequestMessage initialRequest, Boolean async, CancellationToken cancellationToken)
   at System.Net.Http.HttpConnectionPool.ConnectAsync(HttpRequestMessage request, Boolean async, CancellationToken cancellationToken)
   at System.Net.Http.HttpConnectionPool.CreateHttp11ConnectionAsync(HttpRequestMessage request, Boolean async, CancellationToken cancellationToken)
   at System.Net.Http.HttpConnectionPool.AddHttp11ConnectionAsync(QueueItem queueItem)
   at System.Threading.Tasks.TaskCompletionSourceWithCancellation`1.WaitWithCancellationAsync(CancellationToken cancellationToken)
   at System.Net.Http.HttpConnectionPool.SendWithVersionDetectionAndRetryAsync(HttpRequestMessage request, Boolean async, Boolean doRequestAuth, CancellationToken cancellationToken)
   at System.Net.Http.DiagnosticsHandler.SendAsyncCore(HttpRequestMessage request, Boolean async, CancellationToken cancellationToken)
   at System.Net.Http.RedirectHandler.SendAsync(HttpRequestMessage request, Boolean async, CancellationToken cancellationToken)
   at System.Net.Http.DecompressionHandler.SendAsync(HttpRequestMessage request, Boolean async, CancellationToken cancellationToken)
   at System.Net.Http.HttpClient.<SendAsync>g__Core|83_0(HttpRequestMessage request, HttpCompletionOption completionOption, CancellationTokenSource cts, Boolean disposeCts, CancellationTokenSource pendingRequestsCts, CancellationToken originalCancellationToken)
   at System.ServiceModel.Channels.HttpChannelFactory`1.HttpClientRequestChannel.HttpClientChannelAsyncRequest.SendRequestAsync(Message message, TimeoutHelper timeoutHelper)
No connection could be made because the target machine actively refused it.
   at System.Net.Sockets.Socket.AwaitableSocketAsyncEventArgs.ThrowException(SocketError error, CancellationToken cancellationToken)
   at System.Net.Sockets.Socket.AwaitableSocketAsyncEventArgs.System.Threading.Tasks.Sources.IValueTaskSource.GetResult(Int16 token)
   at System.Net.Sockets.Socket.<ConnectAsync>g__WaitForConnectWithCancellation|285_0(AwaitableSocketAsyncEventArgs saea, ValueTask connectTask, CancellationToken cancellationToken)
   at System.Net.Http.HttpConnectionPool.ConnectToTcpHostAsync(String host, Int32 port, HttpRequestMessage initialRequest, Boolean async, CancellationToken cancellationToken)
14/11/2025 07:41:36==>Cotizacion Invalida
   at Applet.Nat.Api.Br.Models.DocumentExp.GetCotizacion(String vivstrMoneda, DateTime vivdtm) in C:\Users\Jaco2701\Documents\Visual Studio Projects\Nat\Nat.api\Models\BR\DocumentExp.cs:line 175
   at Applet.Nat.Api.Controllers.MiscController.Statics() in C:\Users\Jaco2701\Documents\Visual Studio Projects\Nat\Nat.api\Controllers\MiscController.cs:line 45
14/11/2025 07:41:36==>Valor de Lista FORMAT:dtmwsmtxca no encontrado
   at Applet.Nat.Api.Static.ListHelper.GetValue(String vivcodType, String vivcodId, NatContext vioContext) in C:\Users\Jaco2701\Documents\Visual Studio Projects\Nat\Nat.api\Static\ListHelper.cs:line 26
   at Applet.Nat.Api.Models.Afip.AfipService.get_ivstrDateformat() in C:\Users\Jaco2701\Documents\Visual Studio Projects\Nat\Nat.api\Models\Afip\AfipService.cs:line 74
   at Applet.Nat.BR.DocumentMTXCA.GetCotizacion(String vivstrMoneda, DateTime vivdtm) in C:\Users\Jaco2701\Documents\Visual Studio Projects\Nat\Nat.api\Models\BR\DocumentMtxca.cs:line 540
14/11/2025 07:41:36==>Cotizacion Invalida
   at Applet.Nat.BR.DocumentMTXCA.GetCotizacion(String vivstrMoneda, DateTime vivdtm) in C:\Users\Jaco2701\Documents\Visual Studio Projects\Nat\Nat.api\Models\BR\DocumentMtxca.cs:line 566
   at Applet.Nat.Api.Controllers.MiscController.Statics() in C:\Users\Jaco2701\Documents\Visual Studio Projects\Nat\Nat.api\Controllers\MiscController.cs:line 65
14/11/2025 07:41:38==>No connection could be made because the target machine actively refused it. (wsfe-homo.arca.gob.ar:443)
   at System.Runtime.AsyncResult.End[TAsyncResult](IAsyncResult result)
   at System.ServiceModel.Channels.ServiceChannel.SendAsyncResult.End(SendAsyncResult result)
   at System.ServiceModel.Channels.ServiceChannel.EndCall(String action, Object[] outs, IAsyncResult result)
   at System.ServiceModel.Channels.ServiceChannelProxy.TaskCreator.<>c__DisplayClass1_0.<CreateGenericTask>b__0(IAsyncResult asyncResult)
--- End of stack trace from previous location ---
   at Applet.Nat.Api.Br.Models.DocumentExp.GetCotizacion(String vivstrMoneda, DateTime vivdtm) in C:\Users\Jaco2701\Documents\Visual Studio Projects\Nat\Nat.api\Models\BR\DocumentExp.cs:line 156
No connection could be made because the target machine actively refused it. (wsfe-homo.arca.gob.ar:443)
   at System.Net.Http.HttpConnectionPool.ConnectToTcpHostAsync(String host, Int32 port, HttpRequestMessage initialRequest, Boolean async, CancellationToken cancellationToken)
   at System.Net.Http.HttpConnectionPool.ConnectAsync(HttpRequestMessage request, Boolean async, CancellationToken cancellationToken)
   at System.Net.Http.HttpConnectionPool.CreateHttp11ConnectionAsync(HttpRequestMessage request, Boolean async, CancellationToken cancellationToken)
   at System.Net.Http.HttpConnectionPool.AddHttp11ConnectionAsync(QueueItem queueItem)
   at System.Threading.Tasks.TaskCompletionSourceWithCancellation`1.WaitWithCancellationAsync(CancellationToken cancellationToken)
   at System.Net.Http.HttpConnectionPool.SendWithVersionDetectionAndRetryAsync(HttpRequestMessage request, Boolean async, Boolean doRequestAuth, CancellationToken cancellationToken)
   at System.Net.Http.DiagnosticsHandler.SendAsyncCore(HttpRequestMessage request, Boolean async, CancellationToken cancellationToken)
   at System.Net.Http.RedirectHandler.SendAsync(HttpRequestMessage request, Boolean async, CancellationToken cancellationToken)
   at System.Net.Http.DecompressionHandler.SendAsync(HttpRequestMessage request, Boolean async, CancellationToken cancellationToken)
   at System.Net.Http.HttpClient.<SendAsync>g__Core|83_0(HttpRequestMessage request, HttpCompletionOption completionOption, CancellationTokenSource cts, Boolean disposeCts, CancellationTokenSource pendingRequestsCts, CancellationToken originalCancellationToken)
   at System.ServiceModel.Channels.HttpChannelFactory`1.HttpClientRequestChannel.HttpClientChannelAsyncRequest.SendRequestAsync(Message message, TimeoutHelper timeoutHelper)
No connection could be made because the target machine actively refused it.
   at System.Net.Sockets.Socket.AwaitableSocketAsyncEventArgs.ThrowException(SocketError error, CancellationToken cancellationToken)
   at System.Net.Sockets.Socket.AwaitableSocketAsyncEventArgs.System.Threading.Tasks.Sources.IValueTaskSource.GetResult(Int16 token)
   at System.Net.Sockets.Socket.<ConnectAsync>g__WaitForConnectWithCancellation|285_0(AwaitableSocketAsyncEventArgs saea, ValueTask connectTask, CancellationToken cancellationToken)
   at System.Net.Http.HttpConnectionPool.ConnectToTcpHostAsync(String host, Int32 port, HttpRequestMessage initialRequest, Boolean async, CancellationToken cancellationToken)
14/11/2025 07:41:38==>Cotizacion Invalida
   at Applet.Nat.Api.Br.Models.DocumentExp.GetCotizacion(String vivstrMoneda, DateTime vivdtm) in C:\Users\Jaco2701\Documents\Visual Studio Projects\Nat\Nat.api\Models\BR\DocumentExp.cs:line 175
   at Applet.Nat.Api.Controllers.MiscController.Statics() in C:\Users\Jaco2701\Documents\Visual Studio Projects\Nat\Nat.api\Controllers\MiscController.cs:line 45
14/11/2025 07:41:39==>Valor de Lista FORMAT:dtmwsmtxca no encontrado
   at Applet.Nat.Api.Static.ListHelper.GetValue(String vivcodType, String vivcodId, NatContext vioContext) in C:\Users\Jaco2701\Documents\Visual Studio Projects\Nat\Nat.api\Static\ListHelper.cs:line 26
   at Applet.Nat.Api.Models.Afip.AfipService.get_ivstrDateformat() in C:\Users\Jaco2701\Documents\Visual Studio Projects\Nat\Nat.api\Models\Afip\AfipService.cs:line 74
   at Applet.Nat.BR.DocumentMTXCA.GetCotizacion(String vivstrMoneda, DateTime vivdtm) in C:\Users\Jaco2701\Documents\Visual Studio Projects\Nat\Nat.api\Models\BR\DocumentMtxca.cs:line 540
14/11/2025 07:41:39==>Cotizacion Invalida
   at Applet.Nat.BR.DocumentMTXCA.GetCotizacion(String vivstrMoneda, DateTime vivdtm) in C:\Users\Jaco2701\Documents\Visual Studio Projects\Nat\Nat.api\Models\BR\DocumentMtxca.cs:line 566
   at Applet.Nat.Api.Controllers.MiscController.Statics() in C:\Users\Jaco2701\Documents\Visual Studio Projects\Nat\Nat.api\Controllers\MiscController.cs:line 65
14/11/2025 07:43:46==>No connection could be made because the target machine actively refused it. (wsfe-homo.arca.gob.ar:443)
   at System.Runtime.AsyncResult.End[TAsyncResult](IAsyncResult result)
   at System.ServiceModel.Channels.ServiceChannel.SendAsyncResult.End(SendAsyncResult result)
   at System.ServiceModel.Channels.ServiceChannel.EndCall(String action, Object[] outs, IAsyncResult result)
   at System.ServiceModel.Channels.ServiceChannelProxy.TaskCreator.<>c__DisplayClass1_0.<CreateGenericTask>b__0(IAsyncResult asyncResult)
--- End of stack trace from previous location ---
   at Applet.Nat.Api.Br.Models.DocumentExp.GetCotizacion(String vivstrMoneda, DateTime vivdtm) in C:\Users\Jaco2701\Documents\Visual Studio Projects\Nat\Nat.api\Models\BR\DocumentExp.cs:line 156
No connection could be made because the target machine actively refused it. (wsfe-homo.arca.gob.ar:443)
   at System.Net.Http.HttpConnectionPool.ConnectToTcpHostAsync(String host, Int32 port, HttpRequestMessage initialRequest, Boolean async, CancellationToken cancellationToken)
   at System.Net.Http.HttpConnectionPool.ConnectAsync(HttpRequestMessage request, Boolean async, CancellationToken cancellationToken)
   at System.Net.Http.HttpConnectionPool.CreateHttp11ConnectionAsync(HttpRequestMessage request, Boolean async, CancellationToken cancellationToken)
   at System.Net.Http.HttpConnectionPool.AddHttp11ConnectionAsync(QueueItem queueItem)
   at System.Threading.Tasks.TaskCompletionSourceWithCancellation`1.WaitWithCancellationAsync(CancellationToken cancellationToken)
   at System.Net.Http.HttpConnectionPool.SendWithVersionDetectionAndRetryAsync(HttpRequestMessage request, Boolean async, Boolean doRequestAuth, CancellationToken cancellationToken)
   at System.Net.Http.DiagnosticsHandler.SendAsyncCore(HttpRequestMessage request, Boolean async, CancellationToken cancellationToken)
   at System.Net.Http.RedirectHandler.SendAsync(HttpRequestMessage request, Boolean async, CancellationToken cancellationToken)
   at System.Net.Http.DecompressionHandler.SendAsync(HttpRequestMessage request, Boolean async, CancellationToken cancellationToken)
   at System.Net.Http.HttpClient.<SendAsync>g__Core|83_0(HttpRequestMessage request, HttpCompletionOption completionOption, CancellationTokenSource cts, Boolean disposeCts, CancellationTokenSource pendingRequestsCts, CancellationToken originalCancellationToken)
   at System.ServiceModel.Channels.HttpChannelFactory`1.HttpClientRequestChannel.HttpClientChannelAsyncRequest.SendRequestAsync(Message message, TimeoutHelper timeoutHelper)
No connection could be made because the target machine actively refused it.
   at System.Net.Sockets.Socket.AwaitableSocketAsyncEventArgs.ThrowException(SocketError error, CancellationToken cancellationToken)
   at System.Net.Sockets.Socket.AwaitableSocketAsyncEventArgs.System.Threading.Tasks.Sources.IValueTaskSource.GetResult(Int16 token)
   at System.Net.Sockets.Socket.<ConnectAsync>g__WaitForConnectWithCancellation|285_0(AwaitableSocketAsyncEventArgs saea, ValueTask connectTask, CancellationToken cancellationToken)
   at System.Net.Http.HttpConnectionPool.ConnectToTcpHostAsync(String host, Int32 port, HttpRequestMessage initialRequest, Boolean async, CancellationToken cancellationToken)
14/11/2025 07:43:46==>Cotizacion Invalida
   at Applet.Nat.Api.Br.Models.DocumentExp.GetCotizacion(String vivstrMoneda, DateTime vivdtm) in C:\Users\Jaco2701\Documents\Visual Studio Projects\Nat\Nat.api\Models\BR\DocumentExp.cs:line 175
   at Applet.Nat.Api.Controllers.MiscController.Statics() in C:\Users\Jaco2701\Documents\Visual Studio Projects\Nat\Nat.api\Controllers\MiscController.cs:line 45
14/11/2025 07:43:46==>Valor de Lista FORMAT:dtmwsmtxca no encontrado
   at Applet.Nat.Api.Static.ListHelper.GetValue(String vivcodType, String vivcodId, NatContext vioContext) in C:\Users\Jaco2701\Documents\Visual Studio Projects\Nat\Nat.api\Static\ListHelper.cs:line 26
   at Applet.Nat.Api.Models.Afip.AfipService.get_ivstrDateformat() in C:\Users\Jaco2701\Documents\Visual Studio Projects\Nat\Nat.api\Models\Afip\AfipService.cs:line 74
   at Applet.Nat.BR.DocumentMTXCA.GetCotizacion(String vivstrMoneda, DateTime vivdtm) in C:\Users\Jaco2701\Documents\Visual Studio Projects\Nat\Nat.api\Models\BR\DocumentMtxca.cs:line 540
14/11/2025 07:43:46==>Cotizacion Invalida
   at Applet.Nat.BR.DocumentMTXCA.GetCotizacion(String vivstrMoneda, DateTime vivdtm) in C:\Users\Jaco2701\Documents\Visual Studio Projects\Nat\Nat.api\Models\BR\DocumentMtxca.cs:line 566
   at Applet.Nat.Api.Controllers.MiscController.Statics() in C:\Users\Jaco2701\Documents\Visual Studio Projects\Nat\Nat.api\Controllers\MiscController.cs:line 65
14/11/2025 07:43:48==>No connection could be made because the target machine actively refused it. (wsfe-homo.arca.gob.ar:443)
   at System.Runtime.AsyncResult.End[TAsyncResult](IAsyncResult result)
   at System.ServiceModel.Channels.ServiceChannel.SendAsyncResult.End(SendAsyncResult result)
   at System.ServiceModel.Channels.ServiceChannel.EndCall(String action, Object[] outs, IAsyncResult result)
   at System.ServiceModel.Channels.ServiceChannelProxy.TaskCreator.<>c__DisplayClass1_0.<CreateGenericTask>b__0(IAsyncResult asyncResult)
--- End of stack trace from previous location ---
   at Applet.Nat.Api.Br.Models.DocumentExp.GetCotizacion(String vivstrMoneda, DateTime vivdtm) in C:\Users\Jaco2701\Documents\Visual Studio Projects\Nat\Nat.api\Models\BR\DocumentExp.cs:line 156
No connection could be made because the target machine actively refused it. (wsfe-homo.arca.gob.ar:443)
   at System.Net.Http.HttpConnectionPool.ConnectToTcpHostAsync(String host, Int32 port, HttpRequestMessage initialRequest, Boolean async, CancellationToken cancellationToken)
   at System.Net.Http.HttpConnectionPool.ConnectAsync(HttpRequestMessage request, Boolean async, CancellationToken cancellationToken)
   at System.Net.Http.HttpConnectionPool.CreateHttp11ConnectionAsync(HttpRequestMessage request, Boolean async, CancellationToken cancellationToken)
   at System.Net.Http.HttpConnectionPool.AddHttp11ConnectionAsync(QueueItem queueItem)
   at System.Threading.Tasks.TaskCompletionSourceWithCancellation`1.WaitWithCancellationAsync(CancellationToken cancellationToken)
   at System.Net.Http.HttpConnectionPool.SendWithVersionDetectionAndRetryAsync(HttpRequestMessage request, Boolean async, Boolean doRequestAuth, CancellationToken cancellationToken)
   at System.Net.Http.DiagnosticsHandler.SendAsyncCore(HttpRequestMessage request, Boolean async, CancellationToken cancellationToken)
   at System.Net.Http.RedirectHandler.SendAsync(HttpRequestMessage request, Boolean async, CancellationToken cancellationToken)
   at System.Net.Http.DecompressionHandler.SendAsync(HttpRequestMessage request, Boolean async, CancellationToken cancellationToken)
   at System.Net.Http.HttpClient.<SendAsync>g__Core|83_0(HttpRequestMessage request, HttpCompletionOption completionOption, CancellationTokenSource cts, Boolean disposeCts, CancellationTokenSource pendingRequestsCts, CancellationToken originalCancellationToken)
   at System.ServiceModel.Channels.HttpChannelFactory`1.HttpClientRequestChannel.HttpClientChannelAsyncRequest.SendRequestAsync(Message message, TimeoutHelper timeoutHelper)
No connection could be made because the target machine actively refused it.
   at System.Net.Sockets.Socket.AwaitableSocketAsyncEventArgs.ThrowException(SocketError error, CancellationToken cancellationToken)
   at System.Net.Sockets.Socket.AwaitableSocketAsyncEventArgs.System.Threading.Tasks.Sources.IValueTaskSource.GetResult(Int16 token)
   at System.Net.Sockets.Socket.<ConnectAsync>g__WaitForConnectWithCancellation|285_0(AwaitableSocketAsyncEventArgs saea, ValueTask connectTask, CancellationToken cancellationToken)
   at System.Net.Http.HttpConnectionPool.ConnectToTcpHostAsync(String host, Int32 port, HttpRequestMessage initialRequest, Boolean async, CancellationToken cancellationToken)
14/11/2025 07:43:48==>Cotizacion Invalida
   at Applet.Nat.Api.Br.Models.DocumentExp.GetCotizacion(String vivstrMoneda, DateTime vivdtm) in C:\Users\Jaco2701\Documents\Visual Studio Projects\Nat\Nat.api\Models\BR\DocumentExp.cs:line 175
   at Applet.Nat.Api.Controllers.MiscController.Statics() in C:\Users\Jaco2701\Documents\Visual Studio Projects\Nat\Nat.api\Controllers\MiscController.cs:line 45
14/11/2025 07:43:48==>Valor de Lista FORMAT:dtmwsmtxca no encontrado
   at Applet.Nat.Api.Static.ListHelper.GetValue(String vivcodType, String vivcodId, NatContext vioContext) in C:\Users\Jaco2701\Documents\Visual Studio Projects\Nat\Nat.api\Static\ListHelper.cs:line 26
   at Applet.Nat.Api.Models.Afip.AfipService.get_ivstrDateformat() in C:\Users\Jaco2701\Documents\Visual Studio Projects\Nat\Nat.api\Models\Afip\AfipService.cs:line 74
   at Applet.Nat.BR.DocumentMTXCA.GetCotizacion(String vivstrMoneda, DateTime vivdtm) in C:\Users\Jaco2701\Documents\Visual Studio Projects\Nat\Nat.api\Models\BR\DocumentMtxca.cs:line 540
14/11/2025 07:43:48==>Cotizacion Invalida
   at Applet.Nat.BR.DocumentMTXCA.GetCotizacion(String vivstrMoneda, DateTime vivdtm) in C:\Users\Jaco2701\Documents\Visual Studio Projects\Nat\Nat.api\Models\BR\DocumentMtxca.cs:line 566
   at Applet.Nat.Api.Controllers.MiscController.Statics() in C:\Users\Jaco2701\Documents\Visual Studio Projects\Nat\Nat.api\Controllers\MiscController.cs:line 65
14/11/2025 07:44:42==>No connection could be made because the target machine actively refused it. (wsfe-homo.arca.gob.ar:443)
   at System.Runtime.AsyncResult.End[TAsyncResult](IAsyncResult result)
   at System.ServiceModel.Channels.ServiceChannel.SendAsyncResult.End(SendAsyncResult result)
   at System.ServiceModel.Channels.ServiceChannel.EndCall(String action, Object[] outs, IAsyncResult result)
   at System.ServiceModel.Channels.ServiceChannelProxy.TaskCreator.<>c__DisplayClass1_0.<CreateGenericTask>b__0(IAsyncResult asyncResult)
--- End of stack trace from previous location ---
   at Applet.Nat.Api.Br.Models.DocumentExp.GetCotizacion(String vivstrMoneda, DateTime vivdtm) in C:\Users\Jaco2701\Documents\Visual Studio Projects\Nat\Nat.api\Models\BR\DocumentExp.cs:line 156
No connection could be made because the target machine actively refused it. (wsfe-homo.arca.gob.ar:443)
   at System.Net.Http.HttpConnectionPool.ConnectToTcpHostAsync(String host, Int32 port, HttpRequestMessage initialRequest, Boolean async, CancellationToken cancellationToken)
   at System.Net.Http.HttpConnectionPool.ConnectAsync(HttpRequestMessage request, Boolean async, CancellationToken cancellationToken)
   at System.Net.Http.HttpConnectionPool.CreateHttp11ConnectionAsync(HttpRequestMessage request, Boolean async, CancellationToken cancellationToken)
   at System.Net.Http.HttpConnectionPool.AddHttp11ConnectionAsync(QueueItem queueItem)
   at System.Threading.Tasks.TaskCompletionSourceWithCancellation`1.WaitWithCancellationAsync(CancellationToken cancellationToken)
   at System.Net.Http.HttpConnectionPool.SendWithVersionDetectionAndRetryAsync(HttpRequestMessage request, Boolean async, Boolean doRequestAuth, CancellationToken cancellationToken)
   at System.Net.Http.DiagnosticsHandler.SendAsyncCore(HttpRequestMessage request, Boolean async, CancellationToken cancellationToken)
   at System.Net.Http.RedirectHandler.SendAsync(HttpRequestMessage request, Boolean async, CancellationToken cancellationToken)
   at System.Net.Http.DecompressionHandler.SendAsync(HttpRequestMessage request, Boolean async, CancellationToken cancellationToken)
   at System.Net.Http.HttpClient.<SendAsync>g__Core|83_0(HttpRequestMessage request, HttpCompletionOption completionOption, CancellationTokenSource cts, Boolean disposeCts, CancellationTokenSource pendingRequestsCts, CancellationToken originalCancellationToken)
   at System.ServiceModel.Channels.HttpChannelFactory`1.HttpClientRequestChannel.HttpClientChannelAsyncRequest.SendRequestAsync(Message message, TimeoutHelper timeoutHelper)
No connection could be made because the target machine actively refused it.
   at System.Net.Sockets.Socket.AwaitableSocketAsyncEventArgs.ThrowException(SocketError error, CancellationToken cancellationToken)
   at System.Net.Sockets.Socket.AwaitableSocketAsyncEventArgs.System.Threading.Tasks.Sources.IValueTaskSource.GetResult(Int16 token)
   at System.Net.Sockets.Socket.<ConnectAsync>g__WaitForConnectWithCancellation|285_0(AwaitableSocketAsyncEventArgs saea, ValueTask connectTask, CancellationToken cancellationToken)
   at System.Net.Http.HttpConnectionPool.ConnectToTcpHostAsync(String host, Int32 port, HttpRequestMessage initialRequest, Boolean async, CancellationToken cancellationToken)
14/11/2025 07:44:42==>Cotizacion Invalida
   at Applet.Nat.Api.Br.Models.DocumentExp.GetCotizacion(String vivstrMoneda, DateTime vivdtm) in C:\Users\Jaco2701\Documents\Visual Studio Projects\Nat\Nat.api\Models\BR\DocumentExp.cs:line 175
   at Applet.Nat.Api.Controllers.MiscController.Statics() in C:\Users\Jaco2701\Documents\Visual Studio Projects\Nat\Nat.api\Controllers\MiscController.cs:line 45
14/11/2025 07:44:42==>Valor de Lista FORMAT:dtmwsmtxca no encontrado
   at Applet.Nat.Api.Static.ListHelper.GetValue(String vivcodType, String vivcodId, NatContext vioContext) in C:\Users\Jaco2701\Documents\Visual Studio Projects\Nat\Nat.api\Static\ListHelper.cs:line 26
   at Applet.Nat.Api.Models.Afip.AfipService.get_ivstrDateformat() in C:\Users\Jaco2701\Documents\Visual Studio Projects\Nat\Nat.api\Models\Afip\AfipService.cs:line 74
   at Applet.Nat.BR.DocumentMTXCA.GetCotizacion(String vivstrMoneda, DateTime vivdtm) in C:\Users\Jaco2701\Documents\Visual Studio Projects\Nat\Nat.api\Models\BR\DocumentMtxca.cs:line 540
14/11/2025 07:44:42==>Cotizacion Invalida
   at Applet.Nat.BR.DocumentMTXCA.GetCotizacion(String vivstrMoneda, DateTime vivdtm) in C:\Users\Jaco2701\Documents\Visual Studio Projects\Nat\Nat.api\Models\BR\DocumentMtxca.cs:line 566
   at Applet.Nat.Api.Controllers.MiscController.Statics() in C:\Users\Jaco2701\Documents\Visual Studio Projects\Nat\Nat.api\Controllers\MiscController.cs:line 65
14/11/2025 07:44:44==>No connection could be made because the target machine actively refused it. (wsfe-homo.arca.gob.ar:443)
   at System.Runtime.AsyncResult.End[TAsyncResult](IAsyncResult result)
   at System.ServiceModel.Channels.ServiceChannel.SendAsyncResult.End(SendAsyncResult result)
   at System.ServiceModel.Channels.ServiceChannel.EndCall(String action, Object[] outs, IAsyncResult result)
   at System.ServiceModel.Channels.ServiceChannelProxy.TaskCreator.<>c__DisplayClass1_0.<CreateGenericTask>b__0(IAsyncResult asyncResult)
--- End of stack trace from previous location ---
   at Applet.Nat.Api.Br.Models.DocumentExp.GetCotizacion(String vivstrMoneda, DateTime vivdtm) in C:\Users\Jaco2701\Documents\Visual Studio Projects\Nat\Nat.api\Models\BR\DocumentExp.cs:line 156
No connection could be made because the target machine actively refused it. (wsfe-homo.arca.gob.ar:443)
   at System.Net.Http.HttpConnectionPool.ConnectToTcpHostAsync(String host, Int32 port, HttpRequestMessage initialRequest, Boolean async, CancellationToken cancellationToken)
   at System.Net.Http.HttpConnectionPool.ConnectAsync(HttpRequestMessage request, Boolean async, CancellationToken cancellationToken)
   at System.Net.Http.HttpConnectionPool.CreateHttp11ConnectionAsync(HttpRequestMessage request, Boolean async, CancellationToken cancellationToken)
   at System.Net.Http.HttpConnectionPool.AddHttp11ConnectionAsync(QueueItem queueItem)
   at System.Threading.Tasks.TaskCompletionSourceWithCancellation`1.WaitWithCancellationAsync(CancellationToken cancellationToken)
   at System.Net.Http.HttpConnectionPool.SendWithVersionDetectionAndRetryAsync(HttpRequestMessage request, Boolean async, Boolean doRequestAuth, CancellationToken cancellationToken)
   at System.Net.Http.DiagnosticsHandler.SendAsyncCore(HttpRequestMessage request, Boolean async, CancellationToken cancellationToken)
   at System.Net.Http.RedirectHandler.SendAsync(HttpRequestMessage request, Boolean async, CancellationToken cancellationToken)
   at System.Net.Http.DecompressionHandler.SendAsync(HttpRequestMessage request, Boolean async, CancellationToken cancellationToken)
   at System.Net.Http.HttpClient.<SendAsync>g__Core|83_0(HttpRequestMessage request, HttpCompletionOption completionOption, CancellationTokenSource cts, Boolean disposeCts, CancellationTokenSource pendingRequestsCts, CancellationToken originalCancellationToken)
   at System.ServiceModel.Channels.HttpChannelFactory`1.HttpClientRequestChannel.HttpClientChannelAsyncRequest.SendRequestAsync(Message message, TimeoutHelper timeoutHelper)
No connection could be made because the target machine actively refused it.
   at System.Net.Sockets.Socket.AwaitableSocketAsyncEventArgs.ThrowException(SocketError error, CancellationToken cancellationToken)
   at System.Net.Sockets.Socket.AwaitableSocketAsyncEventArgs.System.Threading.Tasks.Sources.IValueTaskSource.GetResult(Int16 token)
   at System.Net.Sockets.Socket.<ConnectAsync>g__WaitForConnectWithCancellation|285_0(AwaitableSocketAsyncEventArgs saea, ValueTask connectTask, CancellationToken cancellationToken)
   at System.Net.Http.HttpConnectionPool.ConnectToTcpHostAsync(String host, Int32 port, HttpRequestMessage initialRequest, Boolean async, CancellationToken cancellationToken)
14/11/2025 07:44:44==>Cotizacion Invalida
   at Applet.Nat.Api.Br.Models.DocumentExp.GetCotizacion(String vivstrMoneda, DateTime vivdtm) in C:\Users\Jaco2701\Documents\Visual Studio Projects\Nat\Nat.api\Models\BR\DocumentExp.cs:line 175
   at Applet.Nat.Api.Controllers.MiscController.Statics() in C:\Users\Jaco2701\Documents\Visual Studio Projects\Nat\Nat.api\Controllers\MiscController.cs:line 45
14/11/2025 07:44:44==>Valor de Lista FORMAT:dtmwsmtxca no encontrado
   at Applet.Nat.Api.Static.ListHelper.GetValue(String vivcodType, String vivcodId, NatContext vioContext) in C:\Users\Jaco2701\Documents\Visual Studio Projects\Nat\Nat.api\Static\ListHelper.cs:line 26
   at Applet.Nat.Api.Models.Afip.AfipService.get_ivstrDateformat() in C:\Users\Jaco2701\Documents\Visual Studio Projects\Nat\Nat.api\Models\Afip\AfipService.cs:line 74
   at Applet.Nat.BR.DocumentMTXCA.GetCotizacion(String vivstrMoneda, DateTime vivdtm) in C:\Users\Jaco2701\Documents\Visual Studio Projects\Nat\Nat.api\Models\BR\DocumentMtxca.cs:line 540
14/11/2025 07:44:44==>Cotizacion Invalida
   at Applet.Nat.BR.DocumentMTXCA.GetCotizacion(String vivstrMoneda, DateTime vivdtm) in C:\Users\Jaco2701\Documents\Visual Studio Projects\Nat\Nat.api\Models\BR\DocumentMtxca.cs:line 566
   at Applet.Nat.Api.Controllers.MiscController.Statics() in C:\Users\Jaco2701\Documents\Visual Studio Projects\Nat\Nat.api\Controllers\MiscController.cs:line 65
14/11/2025 07:45:25==>No connection could be made because the target machine actively refused it. (wsfe-homo.arca.gob.ar:443)
   at System.Runtime.AsyncResult.End[TAsyncResult](IAsyncResult result)
   at System.ServiceModel.Channels.ServiceChannel.SendAsyncResult.End(SendAsyncResult result)
   at System.ServiceModel.Channels.ServiceChannel.EndCall(String action, Object[] outs, IAsyncResult result)
   at System.ServiceModel.Channels.ServiceChannelProxy.TaskCreator.<>c__DisplayClass1_0.<CreateGenericTask>b__0(IAsyncResult asyncResult)
--- End of stack trace from previous location ---
   at Applet.Nat.Api.Br.Models.DocumentExp.GetCotizacion(String vivstrMoneda, DateTime vivdtm) in C:\Users\Jaco2701\Documents\Visual Studio Projects\Nat\Nat.api\Models\BR\DocumentExp.cs:line 156
No connection could be made because the target machine actively refused it. (wsfe-homo.arca.gob.ar:443)
   at System.Net.Http.HttpConnectionPool.ConnectToTcpHostAsync(String host, Int32 port, HttpRequestMessage initialRequest, Boolean async, CancellationToken cancellationToken)
   at System.Net.Http.HttpConnectionPool.ConnectAsync(HttpRequestMessage request, Boolean async, CancellationToken cancellationToken)
   at System.Net.Http.HttpConnectionPool.CreateHttp11ConnectionAsync(HttpRequestMessage request, Boolean async, CancellationToken cancellationToken)
   at System.Net.Http.HttpConnectionPool.AddHttp11ConnectionAsync(QueueItem queueItem)
   at System.Threading.Tasks.TaskCompletionSourceWithCancellation`1.WaitWithCancellationAsync(CancellationToken cancellationToken)
   at System.Net.Http.HttpConnectionPool.SendWithVersionDetectionAndRetryAsync(HttpRequestMessage request, Boolean async, Boolean doRequestAuth, CancellationToken cancellationToken)
   at System.Net.Http.DiagnosticsHandler.SendAsyncCore(HttpRequestMessage request, Boolean async, CancellationToken cancellationToken)
   at System.Net.Http.RedirectHandler.SendAsync(HttpRequestMessage request, Boolean async, CancellationToken cancellationToken)
   at System.Net.Http.DecompressionHandler.SendAsync(HttpRequestMessage request, Boolean async, CancellationToken cancellationToken)
   at System.Net.Http.HttpClient.<SendAsync>g__Core|83_0(HttpRequestMessage request, HttpCompletionOption completionOption, CancellationTokenSource cts, Boolean disposeCts, CancellationTokenSource pendingRequestsCts, CancellationToken originalCancellationToken)
   at System.ServiceModel.Channels.HttpChannelFactory`1.HttpClientRequestChannel.HttpClientChannelAsyncRequest.SendRequestAsync(Message message, TimeoutHelper timeoutHelper)
No connection could be made because the target machine actively refused it.
   at System.Net.Sockets.Socket.AwaitableSocketAsyncEventArgs.ThrowException(SocketError error, CancellationToken cancellationToken)
   at System.Net.Sockets.Socket.AwaitableSocketAsyncEventArgs.System.Threading.Tasks.Sources.IValueTaskSource.GetResult(Int16 token)
   at System.Net.Sockets.Socket.<ConnectAsync>g__WaitForConnectWithCancellation|285_0(AwaitableSocketAsyncEventArgs saea, ValueTask connectTask, CancellationToken cancellationToken)
   at System.Net.Http.HttpConnectionPool.ConnectToTcpHostAsync(String host, Int32 port, HttpRequestMessage initialRequest, Boolean async, CancellationToken cancellationToken)
14/11/2025 07:45:25==>Cotizacion Invalida
   at Applet.Nat.Api.Br.Models.DocumentExp.GetCotizacion(String vivstrMoneda, DateTime vivdtm) in C:\Users\Jaco2701\Documents\Visual Studio Projects\Nat\Nat.api\Models\BR\DocumentExp.cs:line 175
   at Applet.Nat.Api.Controllers.MiscController.Statics() in C:\Users\Jaco2701\Documents\Visual Studio Projects\Nat\Nat.api\Controllers\MiscController.cs:line 45
14/11/2025 07:45:25==>Valor de Lista FORMAT:dtmwsmtxca no encontrado
   at Applet.Nat.Api.Static.ListHelper.GetValue(String vivcodType, String vivcodId, NatContext vioContext) in C:\Users\Jaco2701\Documents\Visual Studio Projects\Nat\Nat.api\Static\ListHelper.cs:line 26
   at Applet.Nat.Api.Models.Afip.AfipService.get_ivstrDateformat() in C:\Users\Jaco2701\Documents\Visual Studio Projects\Nat\Nat.api\Models\Afip\AfipService.cs:line 74
   at Applet.Nat.BR.DocumentMTXCA.GetCotizacion(String vivstrMoneda, DateTime vivdtm) in C:\Users\Jaco2701\Documents\Visual Studio Projects\Nat\Nat.api\Models\BR\DocumentMtxca.cs:line 540
14/11/2025 07:45:25==>Cotizacion Invalida
   at Applet.Nat.BR.DocumentMTXCA.GetCotizacion(String vivstrMoneda, DateTime vivdtm) in C:\Users\Jaco2701\Documents\Visual Studio Projects\Nat\Nat.api\Models\BR\DocumentMtxca.cs:line 566
   at Applet.Nat.Api.Controllers.MiscController.Statics() in C:\Users\Jaco2701\Documents\Visual Studio Projects\Nat\Nat.api\Controllers\MiscController.cs:line 65
14/11/2025 07:45:27==>No connection could be made because the target machine actively refused it. (wsfe-homo.arca.gob.ar:443)
   at System.Runtime.AsyncResult.End[TAsyncResult](IAsyncResult result)
   at System.ServiceModel.Channels.ServiceChannel.SendAsyncResult.End(SendAsyncResult result)
   at System.ServiceModel.Channels.ServiceChannel.EndCall(String action, Object[] outs, IAsyncResult result)
   at System.ServiceModel.Channels.ServiceChannelProxy.TaskCreator.<>c__DisplayClass1_0.<CreateGenericTask>b__0(IAsyncResult asyncResult)
--- End of stack trace from previous location ---
   at Applet.Nat.Api.Br.Models.DocumentExp.GetCotizacion(String vivstrMoneda, DateTime vivdtm) in C:\Users\Jaco2701\Documents\Visual Studio Projects\Nat\Nat.api\Models\BR\DocumentExp.cs:line 156
No connection could be made because the target machine actively refused it. (wsfe-homo.arca.gob.ar:443)
   at System.Net.Http.HttpConnectionPool.ConnectToTcpHostAsync(String host, Int32 port, HttpRequestMessage initialRequest, Boolean async, CancellationToken cancellationToken)
   at System.Net.Http.HttpConnectionPool.ConnectAsync(HttpRequestMessage request, Boolean async, CancellationToken cancellationToken)
   at System.Net.Http.HttpConnectionPool.CreateHttp11ConnectionAsync(HttpRequestMessage request, Boolean async, CancellationToken cancellationToken)
   at System.Net.Http.HttpConnectionPool.AddHttp11ConnectionAsync(QueueItem queueItem)
   at System.Threading.Tasks.TaskCompletionSourceWithCancellation`1.WaitWithCancellationAsync(CancellationToken cancellationToken)
   at System.Net.Http.HttpConnectionPool.SendWithVersionDetectionAndRetryAsync(HttpRequestMessage request, Boolean async, Boolean doRequestAuth, CancellationToken cancellationToken)
   at System.Net.Http.DiagnosticsHandler.SendAsyncCore(HttpRequestMessage request, Boolean async, CancellationToken cancellationToken)
   at System.Net.Http.RedirectHandler.SendAsync(HttpRequestMessage request, Boolean async, CancellationToken cancellationToken)
   at System.Net.Http.DecompressionHandler.SendAsync(HttpRequestMessage request, Boolean async, CancellationToken cancellationToken)
   at System.Net.Http.HttpClient.<SendAsync>g__Core|83_0(HttpRequestMessage request, HttpCompletionOption completionOption, CancellationTokenSource cts, Boolean disposeCts, CancellationTokenSource pendingRequestsCts, CancellationToken originalCancellationToken)
   at System.ServiceModel.Channels.HttpChannelFactory`1.HttpClientRequestChannel.HttpClientChannelAsyncRequest.SendRequestAsync(Message message, TimeoutHelper timeoutHelper)
No connection could be made because the target machine actively refused it.
   at System.Net.Sockets.Socket.AwaitableSocketAsyncEventArgs.ThrowException(SocketError error, CancellationToken cancellationToken)
   at System.Net.Sockets.Socket.AwaitableSocketAsyncEventArgs.System.Threading.Tasks.Sources.IValueTaskSource.GetResult(Int16 token)
   at System.Net.Sockets.Socket.<ConnectAsync>g__WaitForConnectWithCancellation|285_0(AwaitableSocketAsyncEventArgs saea, ValueTask connectTask, CancellationToken cancellationToken)
   at System.Net.Http.HttpConnectionPool.ConnectToTcpHostAsync(String host, Int32 port, HttpRequestMessage initialRequest, Boolean async, CancellationToken cancellationToken)
14/11/2025 07:45:27==>Cotizacion Invalida
   at Applet.Nat.Api.Br.Models.DocumentExp.GetCotizacion(String vivstrMoneda, DateTime vivdtm) in C:\Users\Jaco2701\Documents\Visual Studio Projects\Nat\Nat.api\Models\BR\DocumentExp.cs:line 175
   at Applet.Nat.Api.Controllers.MiscController.Statics() in C:\Users\Jaco2701\Documents\Visual Studio Projects\Nat\Nat.api\Controllers\MiscController.cs:line 45
14/11/2025 07:45:28==>Valor de Lista FORMAT:dtmwsmtxca no encontrado
   at Applet.Nat.Api.Static.ListHelper.GetValue(String vivcodType, String vivcodId, NatContext vioContext) in C:\Users\Jaco2701\Documents\Visual Studio Projects\Nat\Nat.api\Static\ListHelper.cs:line 26
   at Applet.Nat.Api.Models.Afip.AfipService.get_ivstrDateformat() in C:\Users\Jaco2701\Documents\Visual Studio Projects\Nat\Nat.api\Models\Afip\AfipService.cs:line 74
   at Applet.Nat.BR.DocumentMTXCA.GetCotizacion(String vivstrMoneda, DateTime vivdtm) in C:\Users\Jaco2701\Documents\Visual Studio Projects\Nat\Nat.api\Models\BR\DocumentMtxca.cs:line 540
14/11/2025 07:45:28==>Cotizacion Invalida
   at Applet.Nat.BR.DocumentMTXCA.GetCotizacion(String vivstrMoneda, DateTime vivdtm) in C:\Users\Jaco2701\Documents\Visual Studio Projects\Nat\Nat.api\Models\BR\DocumentMtxca.cs:line 566
   at Applet.Nat.Api.Controllers.MiscController.Statics() in C:\Users\Jaco2701\Documents\Visual Studio Projects\Nat\Nat.api\Controllers\MiscController.cs:line 65
14/11/2025 07:47:09==>No connection could be made because the target machine actively refused it. (wsfe-homo.arca.gob.ar:443)
   at System.Runtime.AsyncResult.End[TAsyncResult](IAsyncResult result)
   at System.ServiceModel.Channels.ServiceChannel.SendAsyncResult.End(SendAsyncResult result)
   at System.ServiceModel.Channels.ServiceChannel.EndCall(String action, Object[] outs, IAsyncResult result)
   at System.ServiceModel.Channels.ServiceChannelProxy.TaskCreator.<>c__DisplayClass1_0.<CreateGenericTask>b__0(IAsyncResult asyncResult)
--- End of stack trace from previous location ---
   at Applet.Nat.Api.Br.Models.DocumentExp.GetCotizacion(String vivstrMoneda, DateTime vivdtm) in C:\Users\Jaco2701\Documents\Visual Studio Projects\Nat\Nat.api\Models\BR\DocumentExp.cs:line 156
No connection could be made because the target machine actively refused it. (wsfe-homo.arca.gob.ar:443)
   at System.Net.Http.HttpConnectionPool.ConnectToTcpHostAsync(String host, Int32 port, HttpRequestMessage initialRequest, Boolean async, CancellationToken cancellationToken)
   at System.Net.Http.HttpConnectionPool.ConnectAsync(HttpRequestMessage request, Boolean async, CancellationToken cancellationToken)
   at System.Net.Http.HttpConnectionPool.CreateHttp11ConnectionAsync(HttpRequestMessage request, Boolean async, CancellationToken cancellationToken)
   at System.Net.Http.HttpConnectionPool.AddHttp11ConnectionAsync(QueueItem queueItem)
   at System.Threading.Tasks.TaskCompletionSourceWithCancellation`1.WaitWithCancellationAsync(CancellationToken cancellationToken)
   at System.Net.Http.HttpConnectionPool.SendWithVersionDetectionAndRetryAsync(HttpRequestMessage request, Boolean async, Boolean doRequestAuth, CancellationToken cancellationToken)
   at System.Net.Http.DiagnosticsHandler.SendAsyncCore(HttpRequestMessage request, Boolean async, CancellationToken cancellationToken)
   at System.Net.Http.RedirectHandler.SendAsync(HttpRequestMessage request, Boolean async, CancellationToken cancellationToken)
   at System.Net.Http.DecompressionHandler.SendAsync(HttpRequestMessage request, Boolean async, CancellationToken cancellationToken)
   at System.Net.Http.HttpClient.<SendAsync>g__Core|83_0(HttpRequestMessage request, HttpCompletionOption completionOption, CancellationTokenSource cts, Boolean disposeCts, CancellationTokenSource pendingRequestsCts, CancellationToken originalCancellationToken)
   at System.ServiceModel.Channels.HttpChannelFactory`1.HttpClientRequestChannel.HttpClientChannelAsyncRequest.SendRequestAsync(Message message, TimeoutHelper timeoutHelper)
No connection could be made because the target machine actively refused it.
   at System.Net.Sockets.Socket.AwaitableSocketAsyncEventArgs.ThrowException(SocketError error, CancellationToken cancellationToken)
   at System.Net.Sockets.Socket.AwaitableSocketAsyncEventArgs.System.Threading.Tasks.Sources.IValueTaskSource.GetResult(Int16 token)
   at System.Net.Sockets.Socket.<ConnectAsync>g__WaitForConnectWithCancellation|285_0(AwaitableSocketAsyncEventArgs saea, ValueTask connectTask, CancellationToken cancellationToken)
   at System.Net.Http.HttpConnectionPool.ConnectToTcpHostAsync(String host, Int32 port, HttpRequestMessage initialRequest, Boolean async, CancellationToken cancellationToken)
14/11/2025 07:47:09==>Cotizacion Invalida
   at Applet.Nat.Api.Br.Models.DocumentExp.GetCotizacion(String vivstrMoneda, DateTime vivdtm) in C:\Users\Jaco2701\Documents\Visual Studio Projects\Nat\Nat.api\Models\BR\DocumentExp.cs:line 175
   at Applet.Nat.Api.Controllers.MiscController.Statics() in C:\Users\Jaco2701\Documents\Visual Studio Projects\Nat\Nat.api\Controllers\MiscController.cs:line 45
14/11/2025 07:47:09==>Valor de Lista FORMAT:dtmwsmtxca no encontrado
   at Applet.Nat.Api.Static.ListHelper.GetValue(String vivcodType, String vivcodId, NatContext vioContext) in C:\Users\Jaco2701\Documents\Visual Studio Projects\Nat\Nat.api\Static\ListHelper.cs:line 26
   at Applet.Nat.Api.Models.Afip.AfipService.get_ivstrDateformat() in C:\Users\Jaco2701\Documents\Visual Studio Projects\Nat\Nat.api\Models\Afip\AfipService.cs:line 74
   at Applet.Nat.BR.DocumentMTXCA.GetCotizacion(String vivstrMoneda, DateTime vivdtm) in C:\Users\Jaco2701\Documents\Visual Studio Projects\Nat\Nat.api\Models\BR\DocumentMtxca.cs:line 540
14/11/2025 07:47:09==>Cotizacion Invalida
   at Applet.Nat.BR.DocumentMTXCA.GetCotizacion(String vivstrMoneda, DateTime vivdtm) in C:\Users\Jaco2701\Documents\Visual Studio Projects\Nat\Nat.api\Models\BR\DocumentMtxca.cs:line 566
   at Applet.Nat.Api.Controllers.MiscController.Statics() in C:\Users\Jaco2701\Documents\Visual Studio Projects\Nat\Nat.api\Controllers\MiscController.cs:line 65
14/11/2025 07:47:11==>No connection could be made because the target machine actively refused it. (wsfe-homo.arca.gob.ar:443)
   at System.Runtime.AsyncResult.End[TAsyncResult](IAsyncResult result)
   at System.ServiceModel.Channels.ServiceChannel.SendAsyncResult.End(SendAsyncResult result)
   at System.ServiceModel.Channels.ServiceChannel.EndCall(String action, Object[] outs, IAsyncResult result)
   at System.ServiceModel.Channels.ServiceChannelProxy.TaskCreator.<>c__DisplayClass1_0.<CreateGenericTask>b__0(IAsyncResult asyncResult)
--- End of stack trace from previous location ---
   at Applet.Nat.Api.Br.Models.DocumentExp.GetCotizacion(String vivstrMoneda, DateTime vivdtm) in C:\Users\Jaco2701\Documents\Visual Studio Projects\Nat\Nat.api\Models\BR\DocumentExp.cs:line 156
No connection could be made because the target machine actively refused it. (wsfe-homo.arca.gob.ar:443)
   at System.Net.Http.HttpConnectionPool.ConnectToTcpHostAsync(String host, Int32 port, HttpRequestMessage initialRequest, Boolean async, CancellationToken cancellationToken)
   at System.Net.Http.HttpConnectionPool.ConnectAsync(HttpRequestMessage request, Boolean async, CancellationToken cancellationToken)
   at System.Net.Http.HttpConnectionPool.CreateHttp11ConnectionAsync(HttpRequestMessage request, Boolean async, CancellationToken cancellationToken)
   at System.Net.Http.HttpConnectionPool.AddHttp11ConnectionAsync(QueueItem queueItem)
   at System.Threading.Tasks.TaskCompletionSourceWithCancellation`1.WaitWithCancellationAsync(CancellationToken cancellationToken)
   at System.Net.Http.HttpConnectionPool.SendWithVersionDetectionAndRetryAsync(HttpRequestMessage request, Boolean async, Boolean doRequestAuth, CancellationToken cancellationToken)
   at System.Net.Http.DiagnosticsHandler.SendAsyncCore(HttpRequestMessage request, Boolean async, CancellationToken cancellationToken)
   at System.Net.Http.RedirectHandler.SendAsync(HttpRequestMessage request, Boolean async, CancellationToken cancellationToken)
   at System.Net.Http.DecompressionHandler.SendAsync(HttpRequestMessage request, Boolean async, CancellationToken cancellationToken)
   at System.Net.Http.HttpClient.<SendAsync>g__Core|83_0(HttpRequestMessage request, HttpCompletionOption completionOption, CancellationTokenSource cts, Boolean disposeCts, CancellationTokenSource pendingRequestsCts, CancellationToken originalCancellationToken)
   at System.ServiceModel.Channels.HttpChannelFactory`1.HttpClientRequestChannel.HttpClientChannelAsyncRequest.SendRequestAsync(Message message, TimeoutHelper timeoutHelper)
No connection could be made because the target machine actively refused it.
   at System.Net.Sockets.Socket.AwaitableSocketAsyncEventArgs.ThrowException(SocketError error, CancellationToken cancellationToken)
   at System.Net.Sockets.Socket.AwaitableSocketAsyncEventArgs.System.Threading.Tasks.Sources.IValueTaskSource.GetResult(Int16 token)
   at System.Net.Sockets.Socket.<ConnectAsync>g__WaitForConnectWithCancellation|285_0(AwaitableSocketAsyncEventArgs saea, ValueTask connectTask, CancellationToken cancellationToken)
   at System.Net.Http.HttpConnectionPool.ConnectToTcpHostAsync(String host, Int32 port, HttpRequestMessage initialRequest, Boolean async, CancellationToken cancellationToken)
14/11/2025 07:47:11==>Cotizacion Invalida
   at Applet.Nat.Api.Br.Models.DocumentExp.GetCotizacion(String vivstrMoneda, DateTime vivdtm) in C:\Users\Jaco2701\Documents\Visual Studio Projects\Nat\Nat.api\Models\BR\DocumentExp.cs:line 175
   at Applet.Nat.Api.Controllers.MiscController.Statics() in C:\Users\Jaco2701\Documents\Visual Studio Projects\Nat\Nat.api\Controllers\MiscController.cs:line 45
14/11/2025 07:47:11==>Valor de Lista FORMAT:dtmwsmtxca no encontrado
   at Applet.Nat.Api.Static.ListHelper.GetValue(String vivcodType, String vivcodId, NatContext vioContext) in C:\Users\Jaco2701\Documents\Visual Studio Projects\Nat\Nat.api\Static\ListHelper.cs:line 26
   at Applet.Nat.Api.Models.Afip.AfipService.get_ivstrDateformat() in C:\Users\Jaco2701\Documents\Visual Studio Projects\Nat\Nat.api\Models\Afip\AfipService.cs:line 74
   at Applet.Nat.BR.DocumentMTXCA.GetCotizacion(String vivstrMoneda, DateTime vivdtm) in C:\Users\Jaco2701\Documents\Visual Studio Projects\Nat\Nat.api\Models\BR\DocumentMtxca.cs:line 540
14/11/2025 07:47:11==>Cotizacion Invalida
   at Applet.Nat.BR.DocumentMTXCA.GetCotizacion(String vivstrMoneda, DateTime vivdtm) in C:\Users\Jaco2701\Documents\Visual Studio Projects\Nat\Nat.api\Models\BR\DocumentMtxca.cs:line 566
   at Applet.Nat.Api.Controllers.MiscController.Statics() in C:\Users\Jaco2701\Documents\Visual Studio Projects\Nat\Nat.api\Controllers\MiscController.cs:line 65
14/11/2025 07:48:24==>No connection could be made because the target machine actively refused it. (wsfe-homo.arca.gob.ar:443)
   at System.Runtime.AsyncResult.End[TAsyncResult](IAsyncResult result)
   at System.ServiceModel.Channels.ServiceChannel.SendAsyncResult.End(SendAsyncResult result)
   at System.ServiceModel.Channels.ServiceChannel.EndCall(String action, Object[] outs, IAsyncResult result)
   at System.ServiceModel.Channels.ServiceChannelProxy.TaskCreator.<>c__DisplayClass1_0.<CreateGenericTask>b__0(IAsyncResult asyncResult)
--- End of stack trace from previous location ---
   at Applet.Nat.Api.Br.Models.DocumentExp.GetCotizacion(String vivstrMoneda, DateTime vivdtm) in C:\Users\Jaco2701\Documents\Visual Studio Projects\Nat\Nat.api\Models\BR\DocumentExp.cs:line 156
No connection could be made because the target machine actively refused it. (wsfe-homo.arca.gob.ar:443)
   at System.Net.Http.HttpConnectionPool.ConnectToTcpHostAsync(String host, Int32 port, HttpRequestMessage initialRequest, Boolean async, CancellationToken cancellationToken)
   at System.Net.Http.HttpConnectionPool.ConnectAsync(HttpRequestMessage request, Boolean async, CancellationToken cancellationToken)
   at System.Net.Http.HttpConnectionPool.CreateHttp11ConnectionAsync(HttpRequestMessage request, Boolean async, CancellationToken cancellationToken)
   at System.Net.Http.HttpConnectionPool.AddHttp11ConnectionAsync(QueueItem queueItem)
   at System.Threading.Tasks.TaskCompletionSourceWithCancellation`1.WaitWithCancellationAsync(CancellationToken cancellationToken)
   at System.Net.Http.HttpConnectionPool.SendWithVersionDetectionAndRetryAsync(HttpRequestMessage request, Boolean async, Boolean doRequestAuth, CancellationToken cancellationToken)
   at System.Net.Http.DiagnosticsHandler.SendAsyncCore(HttpRequestMessage request, Boolean async, CancellationToken cancellationToken)
   at System.Net.Http.RedirectHandler.SendAsync(HttpRequestMessage request, Boolean async, CancellationToken cancellationToken)
   at System.Net.Http.DecompressionHandler.SendAsync(HttpRequestMessage request, Boolean async, CancellationToken cancellationToken)
   at System.Net.Http.HttpClient.<SendAsync>g__Core|83_0(HttpRequestMessage request, HttpCompletionOption completionOption, CancellationTokenSource cts, Boolean disposeCts, CancellationTokenSource pendingRequestsCts, CancellationToken originalCancellationToken)
   at System.ServiceModel.Channels.HttpChannelFactory`1.HttpClientRequestChannel.HttpClientChannelAsyncRequest.SendRequestAsync(Message message, TimeoutHelper timeoutHelper)
No connection could be made because the target machine actively refused it.
   at System.Net.Sockets.Socket.AwaitableSocketAsyncEventArgs.ThrowException(SocketError error, CancellationToken cancellationToken)
   at System.Net.Sockets.Socket.AwaitableSocketAsyncEventArgs.System.Threading.Tasks.Sources.IValueTaskSource.GetResult(Int16 token)
   at System.Net.Sockets.Socket.<ConnectAsync>g__WaitForConnectWithCancellation|285_0(AwaitableSocketAsyncEventArgs saea, ValueTask connectTask, CancellationToken cancellationToken)
   at System.Net.Http.HttpConnectionPool.ConnectToTcpHostAsync(String host, Int32 port, HttpRequestMessage initialRequest, Boolean async, CancellationToken cancellationToken)
14/11/2025 07:48:24==>Cotizacion Invalida
   at Applet.Nat.Api.Br.Models.DocumentExp.GetCotizacion(String vivstrMoneda, DateTime vivdtm) in C:\Users\Jaco2701\Documents\Visual Studio Projects\Nat\Nat.api\Models\BR\DocumentExp.cs:line 175
   at Applet.Nat.Api.Controllers.MiscController.Statics() in C:\Users\Jaco2701\Documents\Visual Studio Projects\Nat\Nat.api\Controllers\MiscController.cs:line 45
14/11/2025 07:48:24==>Valor de Lista FORMAT:dtmwsmtxca no encontrado
   at Applet.Nat.Api.Static.ListHelper.GetValue(String vivcodType, String vivcodId, NatContext vioContext) in C:\Users\Jaco2701\Documents\Visual Studio Projects\Nat\Nat.api\Static\ListHelper.cs:line 26
   at Applet.Nat.Api.Models.Afip.AfipService.get_ivstrDateformat() in C:\Users\Jaco2701\Documents\Visual Studio Projects\Nat\Nat.api\Models\Afip\AfipService.cs:line 74
   at Applet.Nat.BR.DocumentMTXCA.GetCotizacion(String vivstrMoneda, DateTime vivdtm) in C:\Users\Jaco2701\Documents\Visual Studio Projects\Nat\Nat.api\Models\BR\DocumentMtxca.cs:line 540
14/11/2025 07:48:24==>Cotizacion Invalida
   at Applet.Nat.BR.DocumentMTXCA.GetCotizacion(String vivstrMoneda, DateTime vivdtm) in C:\Users\Jaco2701\Documents\Visual Studio Projects\Nat\Nat.api\Models\BR\DocumentMtxca.cs:line 566
   at Applet.Nat.Api.Controllers.MiscController.Statics() in C:\Users\Jaco2701\Documents\Visual Studio Projects\Nat\Nat.api\Controllers\MiscController.cs:line 65
14/11/2025 07:48:26==>No connection could be made because the target machine actively refused it. (wsfe-homo.arca.gob.ar:443)
   at System.Runtime.AsyncResult.End[TAsyncResult](IAsyncResult result)
   at System.ServiceModel.Channels.ServiceChannel.SendAsyncResult.End(SendAsyncResult result)
   at System.ServiceModel.Channels.ServiceChannel.EndCall(String action, Object[] outs, IAsyncResult result)
   at System.ServiceModel.Channels.ServiceChannelProxy.TaskCreator.<>c__DisplayClass1_0.<CreateGenericTask>b__0(IAsyncResult asyncResult)
--- End of stack trace from previous location ---
   at Applet.Nat.Api.Br.Models.DocumentExp.GetCotizacion(String vivstrMoneda, DateTime vivdtm) in C:\Users\Jaco2701\Documents\Visual Studio Projects\Nat\Nat.api\Models\BR\DocumentExp.cs:line 156
No connection could be made because the target machine actively refused it. (wsfe-homo.arca.gob.ar:443)
   at System.Net.Http.HttpConnectionPool.ConnectToTcpHostAsync(String host, Int32 port, HttpRequestMessage initialRequest, Boolean async, CancellationToken cancellationToken)
   at System.Net.Http.HttpConnectionPool.ConnectAsync(HttpRequestMessage request, Boolean async, CancellationToken cancellationToken)
   at System.Net.Http.HttpConnectionPool.CreateHttp11ConnectionAsync(HttpRequestMessage request, Boolean async, CancellationToken cancellationToken)
   at System.Net.Http.HttpConnectionPool.AddHttp11ConnectionAsync(QueueItem queueItem)
   at System.Threading.Tasks.TaskCompletionSourceWithCancellation`1.WaitWithCancellationAsync(CancellationToken cancellationToken)
   at System.Net.Http.HttpConnectionPool.SendWithVersionDetectionAndRetryAsync(HttpRequestMessage request, Boolean async, Boolean doRequestAuth, CancellationToken cancellationToken)
   at System.Net.Http.DiagnosticsHandler.SendAsyncCore(HttpRequestMessage request, Boolean async, CancellationToken cancellationToken)
   at System.Net.Http.RedirectHandler.SendAsync(HttpRequestMessage request, Boolean async, CancellationToken cancellationToken)
   at System.Net.Http.DecompressionHandler.SendAsync(HttpRequestMessage request, Boolean async, CancellationToken cancellationToken)
   at System.Net.Http.HttpClient.<SendAsync>g__Core|83_0(HttpRequestMessage request, HttpCompletionOption completionOption, CancellationTokenSource cts, Boolean disposeCts, CancellationTokenSource pendingRequestsCts, CancellationToken originalCancellationToken)
   at System.ServiceModel.Channels.HttpChannelFactory`1.HttpClientRequestChannel.HttpClientChannelAsyncRequest.SendRequestAsync(Message message, TimeoutHelper timeoutHelper)
No connection could be made because the target machine actively refused it.
   at System.Net.Sockets.Socket.AwaitableSocketAsyncEventArgs.ThrowException(SocketError error, CancellationToken cancellationToken)
   at System.Net.Sockets.Socket.AwaitableSocketAsyncEventArgs.System.Threading.Tasks.Sources.IValueTaskSource.GetResult(Int16 token)
   at System.Net.Sockets.Socket.<ConnectAsync>g__WaitForConnectWithCancellation|285_0(AwaitableSocketAsyncEventArgs saea, ValueTask connectTask, CancellationToken cancellationToken)
   at System.Net.Http.HttpConnectionPool.ConnectToTcpHostAsync(String host, Int32 port, HttpRequestMessage initialRequest, Boolean async, CancellationToken cancellationToken)
14/11/2025 07:48:26==>Cotizacion Invalida
   at Applet.Nat.Api.Br.Models.DocumentExp.GetCotizacion(String vivstrMoneda, DateTime vivdtm) in C:\Users\Jaco2701\Documents\Visual Studio Projects\Nat\Nat.api\Models\BR\DocumentExp.cs:line 175
   at Applet.Nat.Api.Controllers.MiscController.Statics() in C:\Users\Jaco2701\Documents\Visual Studio Projects\Nat\Nat.api\Controllers\MiscController.cs:line 45
14/11/2025 07:48:26==>Valor de Lista FORMAT:dtmwsmtxca no encontrado
   at Applet.Nat.Api.Static.ListHelper.GetValue(String vivcodType, String vivcodId, NatContext vioContext) in C:\Users\Jaco2701\Documents\Visual Studio Projects\Nat\Nat.api\Static\ListHelper.cs:line 26
   at Applet.Nat.Api.Models.Afip.AfipService.get_ivstrDateformat() in C:\Users\Jaco2701\Documents\Visual Studio Projects\Nat\Nat.api\Models\Afip\AfipService.cs:line 74
   at Applet.Nat.BR.DocumentMTXCA.GetCotizacion(String vivstrMoneda, DateTime vivdtm) in C:\Users\Jaco2701\Documents\Visual Studio Projects\Nat\Nat.api\Models\BR\DocumentMtxca.cs:line 540
14/11/2025 07:48:26==>Cotizacion Invalida
   at Applet.Nat.BR.DocumentMTXCA.GetCotizacion(String vivstrMoneda, DateTime vivdtm) in C:\Users\Jaco2701\Documents\Visual Studio Projects\Nat\Nat.api\Models\BR\DocumentMtxca.cs:line 566
   at Applet.Nat.Api.Controllers.MiscController.Statics() in C:\Users\Jaco2701\Documents\Visual Studio Projects\Nat\Nat.api\Controllers\MiscController.cs:line 65
14/11/2025 07:49:28==>No connection could be made because the target machine actively refused it. (wsfe-homo.arca.gob.ar:443)
   at System.Runtime.AsyncResult.End[TAsyncResult](IAsyncResult result)
   at System.ServiceModel.Channels.ServiceChannel.SendAsyncResult.End(SendAsyncResult result)
   at System.ServiceModel.Channels.ServiceChannel.EndCall(String action, Object[] outs, IAsyncResult result)
   at System.ServiceModel.Channels.ServiceChannelProxy.TaskCreator.<>c__DisplayClass1_0.<CreateGenericTask>b__0(IAsyncResult asyncResult)
--- End of stack trace from previous location ---
   at Applet.Nat.Api.Br.Models.DocumentExp.GetCotizacion(String vivstrMoneda, DateTime vivdtm) in C:\Users\Jaco2701\Documents\Visual Studio Projects\Nat\Nat.api\Models\BR\DocumentExp.cs:line 156
No connection could be made because the target machine actively refused it. (wsfe-homo.arca.gob.ar:443)
   at System.Net.Http.HttpConnectionPool.ConnectToTcpHostAsync(String host, Int32 port, HttpRequestMessage initialRequest, Boolean async, CancellationToken cancellationToken)
   at System.Net.Http.HttpConnectionPool.ConnectAsync(HttpRequestMessage request, Boolean async, CancellationToken cancellationToken)
   at System.Net.Http.HttpConnectionPool.CreateHttp11ConnectionAsync(HttpRequestMessage request, Boolean async, CancellationToken cancellationToken)
   at System.Net.Http.HttpConnectionPool.AddHttp11ConnectionAsync(QueueItem queueItem)
   at System.Threading.Tasks.TaskCompletionSourceWithCancellation`1.WaitWithCancellationAsync(CancellationToken cancellationToken)
   at System.Net.Http.HttpConnectionPool.SendWithVersionDetectionAndRetryAsync(HttpRequestMessage request, Boolean async, Boolean doRequestAuth, CancellationToken cancellationToken)
   at System.Net.Http.DiagnosticsHandler.SendAsyncCore(HttpRequestMessage request, Boolean async, CancellationToken cancellationToken)
   at System.Net.Http.RedirectHandler.SendAsync(HttpRequestMessage request, Boolean async, CancellationToken cancellationToken)
   at System.Net.Http.DecompressionHandler.SendAsync(HttpRequestMessage request, Boolean async, CancellationToken cancellationToken)
   at System.Net.Http.HttpClient.<SendAsync>g__Core|83_0(HttpRequestMessage request, HttpCompletionOption completionOption, CancellationTokenSource cts, Boolean disposeCts, CancellationTokenSource pendingRequestsCts, CancellationToken originalCancellationToken)
   at System.ServiceModel.Channels.HttpChannelFactory`1.HttpClientRequestChannel.HttpClientChannelAsyncRequest.SendRequestAsync(Message message, TimeoutHelper timeoutHelper)
No connection could be made because the target machine actively refused it.
   at System.Net.Sockets.Socket.AwaitableSocketAsyncEventArgs.ThrowException(SocketError error, CancellationToken cancellationToken)
   at System.Net.Sockets.Socket.AwaitableSocketAsyncEventArgs.System.Threading.Tasks.Sources.IValueTaskSource.GetResult(Int16 token)
   at System.Net.Sockets.Socket.<ConnectAsync>g__WaitForConnectWithCancellation|285_0(AwaitableSocketAsyncEventArgs saea, ValueTask connectTask, CancellationToken cancellationToken)
   at System.Net.Http.HttpConnectionPool.ConnectToTcpHostAsync(String host, Int32 port, HttpRequestMessage initialRequest, Boolean async, CancellationToken cancellationToken)
14/11/2025 07:49:28==>Cotizacion Invalida
   at Applet.Nat.Api.Br.Models.DocumentExp.GetCotizacion(String vivstrMoneda, DateTime vivdtm) in C:\Users\Jaco2701\Documents\Visual Studio Projects\Nat\Nat.api\Models\BR\DocumentExp.cs:line 175
   at Applet.Nat.Api.Controllers.MiscController.Statics() in C:\Users\Jaco2701\Documents\Visual Studio Projects\Nat\Nat.api\Controllers\MiscController.cs:line 45
14/11/2025 07:49:28==>Valor de Lista FORMAT:dtmwsmtxca no encontrado
   at Applet.Nat.Api.Static.ListHelper.GetValue(String vivcodType, String vivcodId, NatContext vioContext) in C:\Users\Jaco2701\Documents\Visual Studio Projects\Nat\Nat.api\Static\ListHelper.cs:line 26
   at Applet.Nat.Api.Models.Afip.AfipService.get_ivstrDateformat() in C:\Users\Jaco2701\Documents\Visual Studio Projects\Nat\Nat.api\Models\Afip\AfipService.cs:line 74
   at Applet.Nat.BR.DocumentMTXCA.GetCotizacion(String vivstrMoneda, DateTime vivdtm) in C:\Users\Jaco2701\Documents\Visual Studio Projects\Nat\Nat.api\Models\BR\DocumentMtxca.cs:line 540
14/11/2025 07:49:28==>Cotizacion Invalida
   at Applet.Nat.BR.DocumentMTXCA.GetCotizacion(String vivstrMoneda, DateTime vivdtm) in C:\Users\Jaco2701\Documents\Visual Studio Projects\Nat\Nat.api\Models\BR\DocumentMtxca.cs:line 566
   at Applet.Nat.Api.Controllers.MiscController.Statics() in C:\Users\Jaco2701\Documents\Visual Studio Projects\Nat\Nat.api\Controllers\MiscController.cs:line 65
14/11/2025 07:49:31==>No connection could be made because the target machine actively refused it. (wsfe-homo.arca.gob.ar:443)
   at System.Runtime.AsyncResult.End[TAsyncResult](IAsyncResult result)
   at System.ServiceModel.Channels.ServiceChannel.SendAsyncResult.End(SendAsyncResult result)
   at System.ServiceModel.Channels.ServiceChannel.EndCall(String action, Object[] outs, IAsyncResult result)
   at System.ServiceModel.Channels.ServiceChannelProxy.TaskCreator.<>c__DisplayClass1_0.<CreateGenericTask>b__0(IAsyncResult asyncResult)
--- End of stack trace from previous location ---
   at Applet.Nat.Api.Br.Models.DocumentExp.GetCotizacion(String vivstrMoneda, DateTime vivdtm) in C:\Users\Jaco2701\Documents\Visual Studio Projects\Nat\Nat.api\Models\BR\DocumentExp.cs:line 156
No connection could be made because the target machine actively refused it. (wsfe-homo.arca.gob.ar:443)
   at System.Net.Http.HttpConnectionPool.ConnectToTcpHostAsync(String host, Int32 port, HttpRequestMessage initialRequest, Boolean async, CancellationToken cancellationToken)
   at System.Net.Http.HttpConnectionPool.ConnectAsync(HttpRequestMessage request, Boolean async, CancellationToken cancellationToken)
   at System.Net.Http.HttpConnectionPool.CreateHttp11ConnectionAsync(HttpRequestMessage request, Boolean async, CancellationToken cancellationToken)
   at System.Net.Http.HttpConnectionPool.AddHttp11ConnectionAsync(QueueItem queueItem)
   at System.Threading.Tasks.TaskCompletionSourceWithCancellation`1.WaitWithCancellationAsync(CancellationToken cancellationToken)
   at System.Net.Http.HttpConnectionPool.SendWithVersionDetectionAndRetryAsync(HttpRequestMessage request, Boolean async, Boolean doRequestAuth, CancellationToken cancellationToken)
   at System.Net.Http.DiagnosticsHandler.SendAsyncCore(HttpRequestMessage request, Boolean async, CancellationToken cancellationToken)
   at System.Net.Http.RedirectHandler.SendAsync(HttpRequestMessage request, Boolean async, CancellationToken cancellationToken)
   at System.Net.Http.DecompressionHandler.SendAsync(HttpRequestMessage request, Boolean async, CancellationToken cancellationToken)
   at System.Net.Http.HttpClient.<SendAsync>g__Core|83_0(HttpRequestMessage request, HttpCompletionOption completionOption, CancellationTokenSource cts, Boolean disposeCts, CancellationTokenSource pendingRequestsCts, CancellationToken originalCancellationToken)
   at System.ServiceModel.Channels.HttpChannelFactory`1.HttpClientRequestChannel.HttpClientChannelAsyncRequest.SendRequestAsync(Message message, TimeoutHelper timeoutHelper)
No connection could be made because the target machine actively refused it.
   at System.Net.Sockets.Socket.AwaitableSocketAsyncEventArgs.ThrowException(SocketError error, CancellationToken cancellationToken)
   at System.Net.Sockets.Socket.AwaitableSocketAsyncEventArgs.System.Threading.Tasks.Sources.IValueTaskSource.GetResult(Int16 token)
   at System.Net.Sockets.Socket.<ConnectAsync>g__WaitForConnectWithCancellation|285_0(AwaitableSocketAsyncEventArgs saea, ValueTask connectTask, CancellationToken cancellationToken)
   at System.Net.Http.HttpConnectionPool.ConnectToTcpHostAsync(String host, Int32 port, HttpRequestMessage initialRequest, Boolean async, CancellationToken cancellationToken)
14/11/2025 07:49:31==>Cotizacion Invalida
   at Applet.Nat.Api.Br.Models.DocumentExp.GetCotizacion(String vivstrMoneda, DateTime vivdtm) in C:\Users\Jaco2701\Documents\Visual Studio Projects\Nat\Nat.api\Models\BR\DocumentExp.cs:line 175
   at Applet.Nat.Api.Controllers.MiscController.Statics() in C:\Users\Jaco2701\Documents\Visual Studio Projects\Nat\Nat.api\Controllers\MiscController.cs:line 45
14/11/2025 07:49:31==>Valor de Lista FORMAT:dtmwsmtxca no encontrado
   at Applet.Nat.Api.Static.ListHelper.GetValue(String vivcodType, String vivcodId, NatContext vioContext) in C:\Users\Jaco2701\Documents\Visual Studio Projects\Nat\Nat.api\Static\ListHelper.cs:line 26
   at Applet.Nat.Api.Models.Afip.AfipService.get_ivstrDateformat() in C:\Users\Jaco2701\Documents\Visual Studio Projects\Nat\Nat.api\Models\Afip\AfipService.cs:line 74
   at Applet.Nat.BR.DocumentMTXCA.GetCotizacion(String vivstrMoneda, DateTime vivdtm) in C:\Users\Jaco2701\Documents\Visual Studio Projects\Nat\Nat.api\Models\BR\DocumentMtxca.cs:line 540
14/11/2025 07:49:31==>Cotizacion Invalida
   at Applet.Nat.BR.DocumentMTXCA.GetCotizacion(String vivstrMoneda, DateTime vivdtm) in C:\Users\Jaco2701\Documents\Visual Studio Projects\Nat\Nat.api\Models\BR\DocumentMtxca.cs:line 566
   at Applet.Nat.Api.Controllers.MiscController.Statics() in C:\Users\Jaco2701\Documents\Visual Studio Projects\Nat\Nat.api\Controllers\MiscController.cs:line 65
14/11/2025 07:49:52==>No connection could be made because the target machine actively refused it. (wsfe-homo.arca.gob.ar:443)
   at System.Runtime.AsyncResult.End[TAsyncResult](IAsyncResult result)
   at System.ServiceModel.Channels.ServiceChannel.SendAsyncResult.End(SendAsyncResult result)
   at System.ServiceModel.Channels.ServiceChannel.EndCall(String action, Object[] outs, IAsyncResult result)
   at System.ServiceModel.Channels.ServiceChannelProxy.TaskCreator.<>c__DisplayClass1_0.<CreateGenericTask>b__0(IAsyncResult asyncResult)
--- End of stack trace from previous location ---
   at Applet.Nat.Api.Br.Models.DocumentExp.GetCotizacion(String vivstrMoneda, DateTime vivdtm) in C:\Users\Jaco2701\Documents\Visual Studio Projects\Nat\Nat.api\Models\BR\DocumentExp.cs:line 156
No connection could be made because the target machine actively refused it. (wsfe-homo.arca.gob.ar:443)
   at System.Net.Http.HttpConnectionPool.ConnectToTcpHostAsync(String host, Int32 port, HttpRequestMessage initialRequest, Boolean async, CancellationToken cancellationToken)
   at System.Net.Http.HttpConnectionPool.ConnectAsync(HttpRequestMessage request, Boolean async, CancellationToken cancellationToken)
   at System.Net.Http.HttpConnectionPool.CreateHttp11ConnectionAsync(HttpRequestMessage request, Boolean async, CancellationToken cancellationToken)
   at System.Net.Http.HttpConnectionPool.AddHttp11ConnectionAsync(QueueItem queueItem)
   at System.Threading.Tasks.TaskCompletionSourceWithCancellation`1.WaitWithCancellationAsync(CancellationToken cancellationToken)
   at System.Net.Http.HttpConnectionPool.SendWithVersionDetectionAndRetryAsync(HttpRequestMessage request, Boolean async, Boolean doRequestAuth, CancellationToken cancellationToken)
   at System.Net.Http.DiagnosticsHandler.SendAsyncCore(HttpRequestMessage request, Boolean async, CancellationToken cancellationToken)
   at System.Net.Http.RedirectHandler.SendAsync(HttpRequestMessage request, Boolean async, CancellationToken cancellationToken)
   at System.Net.Http.DecompressionHandler.SendAsync(HttpRequestMessage request, Boolean async, CancellationToken cancellationToken)
   at System.Net.Http.HttpClient.<SendAsync>g__Core|83_0(HttpRequestMessage request, HttpCompletionOption completionOption, CancellationTokenSource cts, Boolean disposeCts, CancellationTokenSource pendingRequestsCts, CancellationToken originalCancellationToken)
   at System.ServiceModel.Channels.HttpChannelFactory`1.HttpClientRequestChannel.HttpClientChannelAsyncRequest.SendRequestAsync(Message message, TimeoutHelper timeoutHelper)
No connection could be made because the target machine actively refused it.
   at System.Net.Sockets.Socket.AwaitableSocketAsyncEventArgs.ThrowException(SocketError error, CancellationToken cancellationToken)
   at System.Net.Sockets.Socket.AwaitableSocketAsyncEventArgs.System.Threading.Tasks.Sources.IValueTaskSource.GetResult(Int16 token)
   at System.Net.Sockets.Socket.<ConnectAsync>g__WaitForConnectWithCancellation|285_0(AwaitableSocketAsyncEventArgs saea, ValueTask connectTask, CancellationToken cancellationToken)
   at System.Net.Http.HttpConnectionPool.ConnectToTcpHostAsync(String host, Int32 port, HttpRequestMessage initialRequest, Boolean async, CancellationToken cancellationToken)
14/11/2025 07:49:52==>Cotizacion Invalida
   at Applet.Nat.Api.Br.Models.DocumentExp.GetCotizacion(String vivstrMoneda, DateTime vivdtm) in C:\Users\Jaco2701\Documents\Visual Studio Projects\Nat\Nat.api\Models\BR\DocumentExp.cs:line 175
   at Applet.Nat.Api.Controllers.MiscController.Statics() in C:\Users\Jaco2701\Documents\Visual Studio Projects\Nat\Nat.api\Controllers\MiscController.cs:line 45
14/11/2025 07:49:52==>Valor de Lista FORMAT:dtmwsmtxca no encontrado
   at Applet.Nat.Api.Static.ListHelper.GetValue(String vivcodType, String vivcodId, NatContext vioContext) in C:\Users\Jaco2701\Documents\Visual Studio Projects\Nat\Nat.api\Static\ListHelper.cs:line 26
   at Applet.Nat.Api.Models.Afip.AfipService.get_ivstrDateformat() in C:\Users\Jaco2701\Documents\Visual Studio Projects\Nat\Nat.api\Models\Afip\AfipService.cs:line 74
   at Applet.Nat.BR.DocumentMTXCA.GetCotizacion(String vivstrMoneda, DateTime vivdtm) in C:\Users\Jaco2701\Documents\Visual Studio Projects\Nat\Nat.api\Models\BR\DocumentMtxca.cs:line 540
14/11/2025 07:49:52==>Cotizacion Invalida
   at Applet.Nat.BR.DocumentMTXCA.GetCotizacion(String vivstrMoneda, DateTime vivdtm) in C:\Users\Jaco2701\Documents\Visual Studio Projects\Nat\Nat.api\Models\BR\DocumentMtxca.cs:line 566
   at Applet.Nat.Api.Controllers.MiscController.Statics() in C:\Users\Jaco2701\Documents\Visual Studio Projects\Nat\Nat.api\Controllers\MiscController.cs:line 65
14/11/2025 07:50:57==>No connection could be made because the target machine actively refused it. (wsfe-homo.arca.gob.ar:443)
   at System.Runtime.AsyncResult.End[TAsyncResult](IAsyncResult result)
   at System.ServiceModel.Channels.ServiceChannel.SendAsyncResult.End(SendAsyncResult result)
   at System.ServiceModel.Channels.ServiceChannel.EndCall(String action, Object[] outs, IAsyncResult result)
   at System.ServiceModel.Channels.ServiceChannelProxy.TaskCreator.<>c__DisplayClass1_0.<CreateGenericTask>b__0(IAsyncResult asyncResult)
--- End of stack trace from previous location ---
   at Applet.Nat.Api.Br.Models.DocumentExp.GetCotizacion(String vivstrMoneda, DateTime vivdtm) in C:\Users\Jaco2701\Documents\Visual Studio Projects\Nat\Nat.api\Models\BR\DocumentExp.cs:line 156
No connection could be made because the target machine actively refused it. (wsfe-homo.arca.gob.ar:443)
   at System.Net.Http.HttpConnectionPool.ConnectToTcpHostAsync(String host, Int32 port, HttpRequestMessage initialRequest, Boolean async, CancellationToken cancellationToken)
   at System.Net.Http.HttpConnectionPool.ConnectAsync(HttpRequestMessage request, Boolean async, CancellationToken cancellationToken)
   at System.Net.Http.HttpConnectionPool.CreateHttp11ConnectionAsync(HttpRequestMessage request, Boolean async, CancellationToken cancellationToken)
   at System.Net.Http.HttpConnectionPool.AddHttp11ConnectionAsync(QueueItem queueItem)
   at System.Threading.Tasks.TaskCompletionSourceWithCancellation`1.WaitWithCancellationAsync(CancellationToken cancellationToken)
   at System.Net.Http.HttpConnectionPool.SendWithVersionDetectionAndRetryAsync(HttpRequestMessage request, Boolean async, Boolean doRequestAuth, CancellationToken cancellationToken)
   at System.Net.Http.DiagnosticsHandler.SendAsyncCore(HttpRequestMessage request, Boolean async, CancellationToken cancellationToken)
   at System.Net.Http.RedirectHandler.SendAsync(HttpRequestMessage request, Boolean async, CancellationToken cancellationToken)
   at System.Net.Http.DecompressionHandler.SendAsync(HttpRequestMessage request, Boolean async, CancellationToken cancellationToken)
   at System.Net.Http.HttpClient.<SendAsync>g__Core|83_0(HttpRequestMessage request, HttpCompletionOption completionOption, CancellationTokenSource cts, Boolean disposeCts, CancellationTokenSource pendingRequestsCts, CancellationToken originalCancellationToken)
   at System.ServiceModel.Channels.HttpChannelFactory`1.HttpClientRequestChannel.HttpClientChannelAsyncRequest.SendRequestAsync(Message message, TimeoutHelper timeoutHelper)
No connection could be made because the target machine actively refused it.
   at System.Net.Sockets.Socket.AwaitableSocketAsyncEventArgs.ThrowException(SocketError error, CancellationToken cancellationToken)
   at System.Net.Sockets.Socket.AwaitableSocketAsyncEventArgs.System.Threading.Tasks.Sources.IValueTaskSource.GetResult(Int16 token)
   at System.Net.Sockets.Socket.<ConnectAsync>g__WaitForConnectWithCancellation|285_0(AwaitableSocketAsyncEventArgs saea, ValueTask connectTask, CancellationToken cancellationToken)
   at System.Net.Http.HttpConnectionPool.ConnectToTcpHostAsync(String host, Int32 port, HttpRequestMessage initialRequest, Boolean async, CancellationToken cancellationToken)
14/11/2025 07:50:57==>Cotizacion Invalida
   at Applet.Nat.Api.Br.Models.DocumentExp.GetCotizacion(String vivstrMoneda, DateTime vivdtm) in C:\Users\Jaco2701\Documents\Visual Studio Projects\Nat\Nat.api\Models\BR\DocumentExp.cs:line 175
   at Applet.Nat.Api.Controllers.MiscController.Statics() in C:\Users\Jaco2701\Documents\Visual Studio Projects\Nat\Nat.api\Controllers\MiscController.cs:line 45
14/11/2025 07:50:57==>Valor de Lista FORMAT:dtmwsmtxca no encontrado
   at Applet.Nat.Api.Static.ListHelper.GetValue(String vivcodType, String vivcodId, NatContext vioContext) in C:\Users\Jaco2701\Documents\Visual Studio Projects\Nat\Nat.api\Static\ListHelper.cs:line 26
   at Applet.Nat.Api.Models.Afip.AfipService.get_ivstrDateformat() in C:\Users\Jaco2701\Documents\Visual Studio Projects\Nat\Nat.api\Models\Afip\AfipService.cs:line 74
   at Applet.Nat.BR.DocumentMTXCA.GetCotizacion(String vivstrMoneda, DateTime vivdtm) in C:\Users\Jaco2701\Documents\Visual Studio Projects\Nat\Nat.api\Models\BR\DocumentMtxca.cs:line 540
14/11/2025 07:50:57==>Cotizacion Invalida
   at Applet.Nat.BR.DocumentMTXCA.GetCotizacion(String vivstrMoneda, DateTime vivdtm) in C:\Users\Jaco2701\Documents\Visual Studio Projects\Nat\Nat.api\Models\BR\DocumentMtxca.cs:line 566
   at Applet.Nat.Api.Controllers.MiscController.Statics() in C:\Users\Jaco2701\Documents\Visual Studio Projects\Nat\Nat.api\Controllers\MiscController.cs:line 65
14/11/2025 07:51:00==>No connection could be made because the target machine actively refused it. (wsfe-homo.arca.gob.ar:443)
   at System.Runtime.AsyncResult.End[TAsyncResult](IAsyncResult result)
   at System.ServiceModel.Channels.ServiceChannel.SendAsyncResult.End(SendAsyncResult result)
   at System.ServiceModel.Channels.ServiceChannel.EndCall(String action, Object[] outs, IAsyncResult result)
   at System.ServiceModel.Channels.ServiceChannelProxy.TaskCreator.<>c__DisplayClass1_0.<CreateGenericTask>b__0(IAsyncResult asyncResult)
--- End of stack trace from previous location ---
   at Applet.Nat.Api.Br.Models.DocumentExp.GetCotizacion(String vivstrMoneda, DateTime vivdtm) in C:\Users\Jaco2701\Documents\Visual Studio Projects\Nat\Nat.api\Models\BR\DocumentExp.cs:line 156
No connection could be made because the target machine actively refused it. (wsfe-homo.arca.gob.ar:443)
   at System.Net.Http.HttpConnectionPool.ConnectToTcpHostAsync(String host, Int32 port, HttpRequestMessage initialRequest, Boolean async, CancellationToken cancellationToken)
   at System.Net.Http.HttpConnectionPool.ConnectAsync(HttpRequestMessage request, Boolean async, CancellationToken cancellationToken)
   at System.Net.Http.HttpConnectionPool.CreateHttp11ConnectionAsync(HttpRequestMessage request, Boolean async, CancellationToken cancellationToken)
   at System.Net.Http.HttpConnectionPool.AddHttp11ConnectionAsync(QueueItem queueItem)
   at System.Threading.Tasks.TaskCompletionSourceWithCancellation`1.WaitWithCancellationAsync(CancellationToken cancellationToken)
   at System.Net.Http.HttpConnectionPool.SendWithVersionDetectionAndRetryAsync(HttpRequestMessage request, Boolean async, Boolean doRequestAuth, CancellationToken cancellationToken)
   at System.Net.Http.DiagnosticsHandler.SendAsyncCore(HttpRequestMessage request, Boolean async, CancellationToken cancellationToken)
   at System.Net.Http.RedirectHandler.SendAsync(HttpRequestMessage request, Boolean async, CancellationToken cancellationToken)
   at System.Net.Http.DecompressionHandler.SendAsync(HttpRequestMessage request, Boolean async, CancellationToken cancellationToken)
   at System.Net.Http.HttpClient.<SendAsync>g__Core|83_0(HttpRequestMessage request, HttpCompletionOption completionOption, CancellationTokenSource cts, Boolean disposeCts, CancellationTokenSource pendingRequestsCts, CancellationToken originalCancellationToken)
   at System.ServiceModel.Channels.HttpChannelFactory`1.HttpClientRequestChannel.HttpClientChannelAsyncRequest.SendRequestAsync(Message message, TimeoutHelper timeoutHelper)
No connection could be made because the target machine actively refused it.
   at System.Net.Sockets.Socket.AwaitableSocketAsyncEventArgs.ThrowException(SocketError error, CancellationToken cancellationToken)
   at System.Net.Sockets.Socket.AwaitableSocketAsyncEventArgs.System.Threading.Tasks.Sources.IValueTaskSource.GetResult(Int16 token)
   at System.Net.Sockets.Socket.<ConnectAsync>g__WaitForConnectWithCancellation|285_0(AwaitableSocketAsyncEventArgs saea, ValueTask connectTask, CancellationToken cancellationToken)
   at System.Net.Http.HttpConnectionPool.ConnectToTcpHostAsync(String host, Int32 port, HttpRequestMessage initialRequest, Boolean async, CancellationToken cancellationToken)
14/11/2025 07:51:00==>Cotizacion Invalida
   at Applet.Nat.Api.Br.Models.DocumentExp.GetCotizacion(String vivstrMoneda, DateTime vivdtm) in C:\Users\Jaco2701\Documents\Visual Studio Projects\Nat\Nat.api\Models\BR\DocumentExp.cs:line 175
   at Applet.Nat.Api.Controllers.MiscController.Statics() in C:\Users\Jaco2701\Documents\Visual Studio Projects\Nat\Nat.api\Controllers\MiscController.cs:line 45
14/11/2025 07:51:00==>Valor de Lista FORMAT:dtmwsmtxca no encontrado
   at Applet.Nat.Api.Static.ListHelper.GetValue(String vivcodType, String vivcodId, NatContext vioContext) in C:\Users\Jaco2701\Documents\Visual Studio Projects\Nat\Nat.api\Static\ListHelper.cs:line 26
   at Applet.Nat.Api.Models.Afip.AfipService.get_ivstrDateformat() in C:\Users\Jaco2701\Documents\Visual Studio Projects\Nat\Nat.api\Models\Afip\AfipService.cs:line 74
   at Applet.Nat.BR.DocumentMTXCA.GetCotizacion(String vivstrMoneda, DateTime vivdtm) in C:\Users\Jaco2701\Documents\Visual Studio Projects\Nat\Nat.api\Models\BR\DocumentMtxca.cs:line 540
14/11/2025 07:51:00==>Cotizacion Invalida
   at Applet.Nat.BR.DocumentMTXCA.GetCotizacion(String vivstrMoneda, DateTime vivdtm) in C:\Users\Jaco2701\Documents\Visual Studio Projects\Nat\Nat.api\Models\BR\DocumentMtxca.cs:line 566
   at Applet.Nat.Api.Controllers.MiscController.Statics() in C:\Users\Jaco2701\Documents\Visual Studio Projects\Nat\Nat.api\Controllers\MiscController.cs:line 65
14/11/2025 07:52:37==>No connection could be made because the target machine actively refused it. (wsfe-homo.arca.gob.ar:443)
   at System.Runtime.AsyncResult.End[TAsyncResult](IAsyncResult result)
   at System.ServiceModel.Channels.ServiceChannel.SendAsyncResult.End(SendAsyncResult result)
   at System.ServiceModel.Channels.ServiceChannel.EndCall(String action, Object[] outs, IAsyncResult result)
   at System.ServiceModel.Channels.ServiceChannelProxy.TaskCreator.<>c__DisplayClass1_0.<CreateGenericTask>b__0(IAsyncResult asyncResult)
--- End of stack trace from previous location ---
   at Applet.Nat.Api.Br.Models.DocumentExp.GetCotizacion(String vivstrMoneda, DateTime vivdtm) in C:\Users\Jaco2701\Documents\Visual Studio Projects\Nat\Nat.api\Models\BR\DocumentExp.cs:line 156
No connection could be made because the target machine actively refused it. (wsfe-homo.arca.gob.ar:443)
   at System.Net.Http.HttpConnectionPool.ConnectToTcpHostAsync(String host, Int32 port, HttpRequestMessage initialRequest, Boolean async, CancellationToken cancellationToken)
   at System.Net.Http.HttpConnectionPool.ConnectAsync(HttpRequestMessage request, Boolean async, CancellationToken cancellationToken)
   at System.Net.Http.HttpConnectionPool.CreateHttp11ConnectionAsync(HttpRequestMessage request, Boolean async, CancellationToken cancellationToken)
   at System.Net.Http.HttpConnectionPool.AddHttp11ConnectionAsync(QueueItem queueItem)
   at System.Threading.Tasks.TaskCompletionSourceWithCancellation`1.WaitWithCancellationAsync(CancellationToken cancellationToken)
   at System.Net.Http.HttpConnectionPool.SendWithVersionDetectionAndRetryAsync(HttpRequestMessage request, Boolean async, Boolean doRequestAuth, CancellationToken cancellationToken)
   at System.Net.Http.DiagnosticsHandler.SendAsyncCore(HttpRequestMessage request, Boolean async, CancellationToken cancellationToken)
   at System.Net.Http.RedirectHandler.SendAsync(HttpRequestMessage request, Boolean async, CancellationToken cancellationToken)
   at System.Net.Http.DecompressionHandler.SendAsync(HttpRequestMessage request, Boolean async, CancellationToken cancellationToken)
   at System.Net.Http.HttpClient.<SendAsync>g__Core|83_0(HttpRequestMessage request, HttpCompletionOption completionOption, CancellationTokenSource cts, Boolean disposeCts, CancellationTokenSource pendingRequestsCts, CancellationToken originalCancellationToken)
   at System.ServiceModel.Channels.HttpChannelFactory`1.HttpClientRequestChannel.HttpClientChannelAsyncRequest.SendRequestAsync(Message message, TimeoutHelper timeoutHelper)
No connection could be made because the target machine actively refused it.
   at System.Net.Sockets.Socket.AwaitableSocketAsyncEventArgs.ThrowException(SocketError error, CancellationToken cancellationToken)
   at System.Net.Sockets.Socket.AwaitableSocketAsyncEventArgs.System.Threading.Tasks.Sources.IValueTaskSource.GetResult(Int16 token)
   at System.Net.Sockets.Socket.<ConnectAsync>g__WaitForConnectWithCancellation|285_0(AwaitableSocketAsyncEventArgs saea, ValueTask connectTask, CancellationToken cancellationToken)
   at System.Net.Http.HttpConnectionPool.ConnectToTcpHostAsync(String host, Int32 port, HttpRequestMessage initialRequest, Boolean async, CancellationToken cancellationToken)
14/11/2025 07:52:37==>Cotizacion Invalida
   at Applet.Nat.Api.Br.Models.DocumentExp.GetCotizacion(String vivstrMoneda, DateTime vivdtm) in C:\Users\Jaco2701\Documents\Visual Studio Projects\Nat\Nat.api\Models\BR\DocumentExp.cs:line 175
   at Applet.Nat.Api.Controllers.MiscController.Statics() in C:\Users\Jaco2701\Documents\Visual Studio Projects\Nat\Nat.api\Controllers\MiscController.cs:line 45
14/11/2025 07:52:37==>Valor de Lista FORMAT:dtmwsmtxca no encontrado
   at Applet.Nat.Api.Static.ListHelper.GetValue(String vivcodType, String vivcodId, NatContext vioContext) in C:\Users\Jaco2701\Documents\Visual Studio Projects\Nat\Nat.api\Static\ListHelper.cs:line 26
   at Applet.Nat.Api.Models.Afip.AfipService.get_ivstrDateformat() in C:\Users\Jaco2701\Documents\Visual Studio Projects\Nat\Nat.api\Models\Afip\AfipService.cs:line 74
   at Applet.Nat.BR.DocumentMTXCA.GetCotizacion(String vivstrMoneda, DateTime vivdtm) in C:\Users\Jaco2701\Documents\Visual Studio Projects\Nat\Nat.api\Models\BR\DocumentMtxca.cs:line 540
14/11/2025 07:52:37==>Cotizacion Invalida
   at Applet.Nat.BR.DocumentMTXCA.GetCotizacion(String vivstrMoneda, DateTime vivdtm) in C:\Users\Jaco2701\Documents\Visual Studio Projects\Nat\Nat.api\Models\BR\DocumentMtxca.cs:line 566
   at Applet.Nat.Api.Controllers.MiscController.Statics() in C:\Users\Jaco2701\Documents\Visual Studio Projects\Nat\Nat.api\Controllers\MiscController.cs:line 65
14/11/2025 07:52:39==>No connection could be made because the target machine actively refused it. (wsfe-homo.arca.gob.ar:443)
   at System.Runtime.AsyncResult.End[TAsyncResult](IAsyncResult result)
   at System.ServiceModel.Channels.ServiceChannel.SendAsyncResult.End(SendAsyncResult result)
   at System.ServiceModel.Channels.ServiceChannel.EndCall(String action, Object[] outs, IAsyncResult result)
   at System.ServiceModel.Channels.ServiceChannelProxy.TaskCreator.<>c__DisplayClass1_0.<CreateGenericTask>b__0(IAsyncResult asyncResult)
--- End of stack trace from previous location ---
   at Applet.Nat.Api.Br.Models.DocumentExp.GetCotizacion(String vivstrMoneda, DateTime vivdtm) in C:\Users\Jaco2701\Documents\Visual Studio Projects\Nat\Nat.api\Models\BR\DocumentExp.cs:line 156
No connection could be made because the target machine actively refused it. (wsfe-homo.arca.gob.ar:443)
   at System.Net.Http.HttpConnectionPool.ConnectToTcpHostAsync(String host, Int32 port, HttpRequestMessage initialRequest, Boolean async, CancellationToken cancellationToken)
   at System.Net.Http.HttpConnectionPool.ConnectAsync(HttpRequestMessage request, Boolean async, CancellationToken cancellationToken)
   at System.Net.Http.HttpConnectionPool.CreateHttp11ConnectionAsync(HttpRequestMessage request, Boolean async, CancellationToken cancellationToken)
   at System.Net.Http.HttpConnectionPool.AddHttp11ConnectionAsync(QueueItem queueItem)
   at System.Threading.Tasks.TaskCompletionSourceWithCancellation`1.WaitWithCancellationAsync(CancellationToken cancellationToken)
   at System.Net.Http.HttpConnectionPool.SendWithVersionDetectionAndRetryAsync(HttpRequestMessage request, Boolean async, Boolean doRequestAuth, CancellationToken cancellationToken)
   at System.Net.Http.DiagnosticsHandler.SendAsyncCore(HttpRequestMessage request, Boolean async, CancellationToken cancellationToken)
   at System.Net.Http.RedirectHandler.SendAsync(HttpRequestMessage request, Boolean async, CancellationToken cancellationToken)
   at System.Net.Http.DecompressionHandler.SendAsync(HttpRequestMessage request, Boolean async, CancellationToken cancellationToken)
   at System.Net.Http.HttpClient.<SendAsync>g__Core|83_0(HttpRequestMessage request, HttpCompletionOption completionOption, CancellationTokenSource cts, Boolean disposeCts, CancellationTokenSource pendingRequestsCts, CancellationToken originalCancellationToken)
   at System.ServiceModel.Channels.HttpChannelFactory`1.HttpClientRequestChannel.HttpClientChannelAsyncRequest.SendRequestAsync(Message message, TimeoutHelper timeoutHelper)
No connection could be made because the target machine actively refused it.
   at System.Net.Sockets.Socket.AwaitableSocketAsyncEventArgs.ThrowException(SocketError error, CancellationToken cancellationToken)
   at System.Net.Sockets.Socket.AwaitableSocketAsyncEventArgs.System.Threading.Tasks.Sources.IValueTaskSource.GetResult(Int16 token)
   at System.Net.Sockets.Socket.<ConnectAsync>g__WaitForConnectWithCancellation|285_0(AwaitableSocketAsyncEventArgs saea, ValueTask connectTask, CancellationToken cancellationToken)
   at System.Net.Http.HttpConnectionPool.ConnectToTcpHostAsync(String host, Int32 port, HttpRequestMessage initialRequest, Boolean async, CancellationToken cancellationToken)
14/11/2025 07:52:39==>Cotizacion Invalida
   at Applet.Nat.Api.Br.Models.DocumentExp.GetCotizacion(String vivstrMoneda, DateTime vivdtm) in C:\Users\Jaco2701\Documents\Visual Studio Projects\Nat\Nat.api\Models\BR\DocumentExp.cs:line 175
   at Applet.Nat.Api.Controllers.MiscController.Statics() in C:\Users\Jaco2701\Documents\Visual Studio Projects\Nat\Nat.api\Controllers\MiscController.cs:line 45
14/11/2025 07:52:39==>Valor de Lista FORMAT:dtmwsmtxca no encontrado
   at Applet.Nat.Api.Static.ListHelper.GetValue(String vivcodType, String vivcodId, NatContext vioContext) in C:\Users\Jaco2701\Documents\Visual Studio Projects\Nat\Nat.api\Static\ListHelper.cs:line 26
   at Applet.Nat.Api.Models.Afip.AfipService.get_ivstrDateformat() in C:\Users\Jaco2701\Documents\Visual Studio Projects\Nat\Nat.api\Models\Afip\AfipService.cs:line 74
   at Applet.Nat.BR.DocumentMTXCA.GetCotizacion(String vivstrMoneda, DateTime vivdtm) in C:\Users\Jaco2701\Documents\Visual Studio Projects\Nat\Nat.api\Models\BR\DocumentMtxca.cs:line 540
14/11/2025 07:52:39==>Cotizacion Invalida
   at Applet.Nat.BR.DocumentMTXCA.GetCotizacion(String vivstrMoneda, DateTime vivdtm) in C:\Users\Jaco2701\Documents\Visual Studio Projects\Nat\Nat.api\Models\BR\DocumentMtxca.cs:line 566
   at Applet.Nat.Api.Controllers.MiscController.Statics() in C:\Users\Jaco2701\Documents\Visual Studio Projects\Nat\Nat.api\Controllers\MiscController.cs:line 65
14/11/2025 07:53:58==>No connection could be made because the target machine actively refused it. (wsfe-homo.arca.gob.ar:443)
   at System.Runtime.AsyncResult.End[TAsyncResult](IAsyncResult result)
   at System.ServiceModel.Channels.ServiceChannel.SendAsyncResult.End(SendAsyncResult result)
   at System.ServiceModel.Channels.ServiceChannel.EndCall(String action, Object[] outs, IAsyncResult result)
   at System.ServiceModel.Channels.ServiceChannelProxy.TaskCreator.<>c__DisplayClass1_0.<CreateGenericTask>b__0(IAsyncResult asyncResult)
--- End of stack trace from previous location ---
   at Applet.Nat.Api.Br.Models.DocumentExp.GetCotizacion(String vivstrMoneda, DateTime vivdtm) in C:\Users\Jaco2701\Documents\Visual Studio Projects\Nat\Nat.api\Models\BR\DocumentExp.cs:line 156
No connection could be made because the target machine actively refused it. (wsfe-homo.arca.gob.ar:443)
   at System.Net.Http.HttpConnectionPool.ConnectToTcpHostAsync(String host, Int32 port, HttpRequestMessage initialRequest, Boolean async, CancellationToken cancellationToken)
   at System.Net.Http.HttpConnectionPool.ConnectAsync(HttpRequestMessage request, Boolean async, CancellationToken cancellationToken)
   at System.Net.Http.HttpConnectionPool.CreateHttp11ConnectionAsync(HttpRequestMessage request, Boolean async, CancellationToken cancellationToken)
   at System.Net.Http.HttpConnectionPool.AddHttp11ConnectionAsync(QueueItem queueItem)
   at System.Threading.Tasks.TaskCompletionSourceWithCancellation`1.WaitWithCancellationAsync(CancellationToken cancellationToken)
   at System.Net.Http.HttpConnectionPool.SendWithVersionDetectionAndRetryAsync(HttpRequestMessage request, Boolean async, Boolean doRequestAuth, CancellationToken cancellationToken)
   at System.Net.Http.DiagnosticsHandler.SendAsyncCore(HttpRequestMessage request, Boolean async, CancellationToken cancellationToken)
   at System.Net.Http.RedirectHandler.SendAsync(HttpRequestMessage request, Boolean async, CancellationToken cancellationToken)
   at System.Net.Http.DecompressionHandler.SendAsync(HttpRequestMessage request, Boolean async, CancellationToken cancellationToken)
   at System.Net.Http.HttpClient.<SendAsync>g__Core|83_0(HttpRequestMessage request, HttpCompletionOption completionOption, CancellationTokenSource cts, Boolean disposeCts, CancellationTokenSource pendingRequestsCts, CancellationToken originalCancellationToken)
   at System.ServiceModel.Channels.HttpChannelFactory`1.HttpClientRequestChannel.HttpClientChannelAsyncRequest.SendRequestAsync(Message message, TimeoutHelper timeoutHelper)
No connection could be made because the target machine actively refused it.
   at System.Net.Sockets.Socket.AwaitableSocketAsyncEventArgs.ThrowException(SocketError error, CancellationToken cancellationToken)
   at System.Net.Sockets.Socket.AwaitableSocketAsyncEventArgs.System.Threading.Tasks.Sources.IValueTaskSource.GetResult(Int16 token)
   at System.Net.Sockets.Socket.<ConnectAsync>g__WaitForConnectWithCancellation|285_0(AwaitableSocketAsyncEventArgs saea, ValueTask connectTask, CancellationToken cancellationToken)
   at System.Net.Http.HttpConnectionPool.ConnectToTcpHostAsync(String host, Int32 port, HttpRequestMessage initialRequest, Boolean async, CancellationToken cancellationToken)
14/11/2025 07:53:58==>Cotizacion Invalida
   at Applet.Nat.Api.Br.Models.DocumentExp.GetCotizacion(String vivstrMoneda, DateTime vivdtm) in C:\Users\Jaco2701\Documents\Visual Studio Projects\Nat\Nat.api\Models\BR\DocumentExp.cs:line 175
   at Applet.Nat.Api.Controllers.MiscController.Statics() in C:\Users\Jaco2701\Documents\Visual Studio Projects\Nat\Nat.api\Controllers\MiscController.cs:line 45
14/11/2025 07:53:58==>Valor de Lista FORMAT:dtmwsmtxca no encontrado
   at Applet.Nat.Api.Static.ListHelper.GetValue(String vivcodType, String vivcodId, NatContext vioContext) in C:\Users\Jaco2701\Documents\Visual Studio Projects\Nat\Nat.api\Static\ListHelper.cs:line 26
   at Applet.Nat.Api.Models.Afip.AfipService.get_ivstrDateformat() in C:\Users\Jaco2701\Documents\Visual Studio Projects\Nat\Nat.api\Models\Afip\AfipService.cs:line 74
   at Applet.Nat.BR.DocumentMTXCA.GetCotizacion(String vivstrMoneda, DateTime vivdtm) in C:\Users\Jaco2701\Documents\Visual Studio Projects\Nat\Nat.api\Models\BR\DocumentMtxca.cs:line 540
14/11/2025 07:53:58==>Cotizacion Invalida
   at Applet.Nat.BR.DocumentMTXCA.GetCotizacion(String vivstrMoneda, DateTime vivdtm) in C:\Users\Jaco2701\Documents\Visual Studio Projects\Nat\Nat.api\Models\BR\DocumentMtxca.cs:line 566
   at Applet.Nat.Api.Controllers.MiscController.Statics() in C:\Users\Jaco2701\Documents\Visual Studio Projects\Nat\Nat.api\Controllers\MiscController.cs:line 65
14/11/2025 07:54:00==>No connection could be made because the target machine actively refused it. (wsfe-homo.arca.gob.ar:443)
   at System.Runtime.AsyncResult.End[TAsyncResult](IAsyncResult result)
   at System.ServiceModel.Channels.ServiceChannel.SendAsyncResult.End(SendAsyncResult result)
   at System.ServiceModel.Channels.ServiceChannel.EndCall(String action, Object[] outs, IAsyncResult result)
   at System.ServiceModel.Channels.ServiceChannelProxy.TaskCreator.<>c__DisplayClass1_0.<CreateGenericTask>b__0(IAsyncResult asyncResult)
--- End of stack trace from previous location ---
   at Applet.Nat.Api.Br.Models.DocumentExp.GetCotizacion(String vivstrMoneda, DateTime vivdtm) in C:\Users\Jaco2701\Documents\Visual Studio Projects\Nat\Nat.api\Models\BR\DocumentExp.cs:line 156
No connection could be made because the target machine actively refused it. (wsfe-homo.arca.gob.ar:443)
   at System.Net.Http.HttpConnectionPool.ConnectToTcpHostAsync(String host, Int32 port, HttpRequestMessage initialRequest, Boolean async, CancellationToken cancellationToken)
   at System.Net.Http.HttpConnectionPool.ConnectAsync(HttpRequestMessage request, Boolean async, CancellationToken cancellationToken)
   at System.Net.Http.HttpConnectionPool.CreateHttp11ConnectionAsync(HttpRequestMessage request, Boolean async, CancellationToken cancellationToken)
   at System.Net.Http.HttpConnectionPool.AddHttp11ConnectionAsync(QueueItem queueItem)
   at System.Threading.Tasks.TaskCompletionSourceWithCancellation`1.WaitWithCancellationAsync(CancellationToken cancellationToken)
   at System.Net.Http.HttpConnectionPool.SendWithVersionDetectionAndRetryAsync(HttpRequestMessage request, Boolean async, Boolean doRequestAuth, CancellationToken cancellationToken)
   at System.Net.Http.DiagnosticsHandler.SendAsyncCore(HttpRequestMessage request, Boolean async, CancellationToken cancellationToken)
   at System.Net.Http.RedirectHandler.SendAsync(HttpRequestMessage request, Boolean async, CancellationToken cancellationToken)
   at System.Net.Http.DecompressionHandler.SendAsync(HttpRequestMessage request, Boolean async, CancellationToken cancellationToken)
   at System.Net.Http.HttpClient.<SendAsync>g__Core|83_0(HttpRequestMessage request, HttpCompletionOption completionOption, CancellationTokenSource cts, Boolean disposeCts, CancellationTokenSource pendingRequestsCts, CancellationToken originalCancellationToken)
   at System.ServiceModel.Channels.HttpChannelFactory`1.HttpClientRequestChannel.HttpClientChannelAsyncRequest.SendRequestAsync(Message message, TimeoutHelper timeoutHelper)
No connection could be made because the target machine actively refused it.
   at System.Net.Sockets.Socket.AwaitableSocketAsyncEventArgs.ThrowException(SocketError error, CancellationToken cancellationToken)
   at System.Net.Sockets.Socket.AwaitableSocketAsyncEventArgs.System.Threading.Tasks.Sources.IValueTaskSource.GetResult(Int16 token)
   at System.Net.Sockets.Socket.<ConnectAsync>g__WaitForConnectWithCancellation|285_0(AwaitableSocketAsyncEventArgs saea, ValueTask connectTask, CancellationToken cancellationToken)
   at System.Net.Http.HttpConnectionPool.ConnectToTcpHostAsync(String host, Int32 port, HttpRequestMessage initialRequest, Boolean async, CancellationToken cancellationToken)
14/11/2025 07:54:00==>Cotizacion Invalida
   at Applet.Nat.Api.Br.Models.DocumentExp.GetCotizacion(String vivstrMoneda, DateTime vivdtm) in C:\Users\Jaco2701\Documents\Visual Studio Projects\Nat\Nat.api\Models\BR\DocumentExp.cs:line 175
   at Applet.Nat.Api.Controllers.MiscController.Statics() in C:\Users\Jaco2701\Documents\Visual Studio Projects\Nat\Nat.api\Controllers\MiscController.cs:line 45
14/11/2025 07:54:01==>Valor de Lista FORMAT:dtmwsmtxca no encontrado
   at Applet.Nat.Api.Static.ListHelper.GetValue(String vivcodType, String vivcodId, NatContext vioContext) in C:\Users\Jaco2701\Documents\Visual Studio Projects\Nat\Nat.api\Static\ListHelper.cs:line 26
   at Applet.Nat.Api.Models.Afip.AfipService.get_ivstrDateformat() in C:\Users\Jaco2701\Documents\Visual Studio Projects\Nat\Nat.api\Models\Afip\AfipService.cs:line 74
   at Applet.Nat.BR.DocumentMTXCA.GetCotizacion(String vivstrMoneda, DateTime vivdtm) in C:\Users\Jaco2701\Documents\Visual Studio Projects\Nat\Nat.api\Models\BR\DocumentMtxca.cs:line 540
14/11/2025 07:54:01==>Cotizacion Invalida
   at Applet.Nat.BR.DocumentMTXCA.GetCotizacion(String vivstrMoneda, DateTime vivdtm) in C:\Users\Jaco2701\Documents\Visual Studio Projects\Nat\Nat.api\Models\BR\DocumentMtxca.cs:line 566
   at Applet.Nat.Api.Controllers.MiscController.Statics() in C:\Users\Jaco2701\Documents\Visual Studio Projects\Nat\Nat.api\Controllers\MiscController.cs:line 65
14/11/2025 07:54:34==>No connection could be made because the target machine actively refused it. (wsfe-homo.arca.gob.ar:443)
   at System.Runtime.AsyncResult.End[TAsyncResult](IAsyncResult result)
   at System.ServiceModel.Channels.ServiceChannel.SendAsyncResult.End(SendAsyncResult result)
   at System.ServiceModel.Channels.ServiceChannel.EndCall(String action, Object[] outs, IAsyncResult result)
   at System.ServiceModel.Channels.ServiceChannelProxy.TaskCreator.<>c__DisplayClass1_0.<CreateGenericTask>b__0(IAsyncResult asyncResult)
--- End of stack trace from previous location ---
   at Applet.Nat.Api.Br.Models.DocumentExp.GetCotizacion(String vivstrMoneda, DateTime vivdtm) in C:\Users\Jaco2701\Documents\Visual Studio Projects\Nat\Nat.api\Models\BR\DocumentExp.cs:line 156
No connection could be made because the target machine actively refused it. (wsfe-homo.arca.gob.ar:443)
   at System.Net.Http.HttpConnectionPool.ConnectToTcpHostAsync(String host, Int32 port, HttpRequestMessage initialRequest, Boolean async, CancellationToken cancellationToken)
   at System.Net.Http.HttpConnectionPool.ConnectAsync(HttpRequestMessage request, Boolean async, CancellationToken cancellationToken)
   at System.Net.Http.HttpConnectionPool.CreateHttp11ConnectionAsync(HttpRequestMessage request, Boolean async, CancellationToken cancellationToken)
   at System.Net.Http.HttpConnectionPool.AddHttp11ConnectionAsync(QueueItem queueItem)
   at System.Threading.Tasks.TaskCompletionSourceWithCancellation`1.WaitWithCancellationAsync(CancellationToken cancellationToken)
   at System.Net.Http.HttpConnectionPool.SendWithVersionDetectionAndRetryAsync(HttpRequestMessage request, Boolean async, Boolean doRequestAuth, CancellationToken cancellationToken)
   at System.Net.Http.DiagnosticsHandler.SendAsyncCore(HttpRequestMessage request, Boolean async, CancellationToken cancellationToken)
   at System.Net.Http.RedirectHandler.SendAsync(HttpRequestMessage request, Boolean async, CancellationToken cancellationToken)
   at System.Net.Http.DecompressionHandler.SendAsync(HttpRequestMessage request, Boolean async, CancellationToken cancellationToken)
   at System.Net.Http.HttpClient.<SendAsync>g__Core|83_0(HttpRequestMessage request, HttpCompletionOption completionOption, CancellationTokenSource cts, Boolean disposeCts, CancellationTokenSource pendingRequestsCts, CancellationToken originalCancellationToken)
   at System.ServiceModel.Channels.HttpChannelFactory`1.HttpClientRequestChannel.HttpClientChannelAsyncRequest.SendRequestAsync(Message message, TimeoutHelper timeoutHelper)
No connection could be made because the target machine actively refused it.
   at System.Net.Sockets.Socket.AwaitableSocketAsyncEventArgs.ThrowException(SocketError error, CancellationToken cancellationToken)
   at System.Net.Sockets.Socket.AwaitableSocketAsyncEventArgs.System.Threading.Tasks.Sources.IValueTaskSource.GetResult(Int16 token)
   at System.Net.Sockets.Socket.<ConnectAsync>g__WaitForConnectWithCancellation|285_0(AwaitableSocketAsyncEventArgs saea, ValueTask connectTask, CancellationToken cancellationToken)
   at System.Net.Http.HttpConnectionPool.ConnectToTcpHostAsync(String host, Int32 port, HttpRequestMessage initialRequest, Boolean async, CancellationToken cancellationToken)
14/11/2025 07:54:34==>Cotizacion Invalida
   at Applet.Nat.Api.Br.Models.DocumentExp.GetCotizacion(String vivstrMoneda, DateTime vivdtm) in C:\Users\Jaco2701\Documents\Visual Studio Projects\Nat\Nat.api\Models\BR\DocumentExp.cs:line 175
   at Applet.Nat.Api.Controllers.MiscController.Statics() in C:\Users\Jaco2701\Documents\Visual Studio Projects\Nat\Nat.api\Controllers\MiscController.cs:line 45
14/11/2025 07:54:34==>Valor de Lista FORMAT:dtmwsmtxca no encontrado
   at Applet.Nat.Api.Static.ListHelper.GetValue(String vivcodType, String vivcodId, NatContext vioContext) in C:\Users\Jaco2701\Documents\Visual Studio Projects\Nat\Nat.api\Static\ListHelper.cs:line 26
   at Applet.Nat.Api.Models.Afip.AfipService.get_ivstrDateformat() in C:\Users\Jaco2701\Documents\Visual Studio Projects\Nat\Nat.api\Models\Afip\AfipService.cs:line 74
   at Applet.Nat.BR.DocumentMTXCA.GetCotizacion(String vivstrMoneda, DateTime vivdtm) in C:\Users\Jaco2701\Documents\Visual Studio Projects\Nat\Nat.api\Models\BR\DocumentMtxca.cs:line 540
14/11/2025 07:54:34==>Cotizacion Invalida
   at Applet.Nat.BR.DocumentMTXCA.GetCotizacion(String vivstrMoneda, DateTime vivdtm) in C:\Users\Jaco2701\Documents\Visual Studio Projects\Nat\Nat.api\Models\BR\DocumentMtxca.cs:line 566
   at Applet.Nat.Api.Controllers.MiscController.Statics() in C:\Users\Jaco2701\Documents\Visual Studio Projects\Nat\Nat.api\Controllers\MiscController.cs:line 65
14/11/2025 07:54:36==>No connection could be made because the target machine actively refused it. (wsfe-homo.arca.gob.ar:443)
   at System.Runtime.AsyncResult.End[TAsyncResult](IAsyncResult result)
   at System.ServiceModel.Channels.ServiceChannel.SendAsyncResult.End(SendAsyncResult result)
   at System.ServiceModel.Channels.ServiceChannel.EndCall(String action, Object[] outs, IAsyncResult result)
   at System.ServiceModel.Channels.ServiceChannelProxy.TaskCreator.<>c__DisplayClass1_0.<CreateGenericTask>b__0(IAsyncResult asyncResult)
--- End of stack trace from previous location ---
   at Applet.Nat.Api.Br.Models.DocumentExp.GetCotizacion(String vivstrMoneda, DateTime vivdtm) in C:\Users\Jaco2701\Documents\Visual Studio Projects\Nat\Nat.api\Models\BR\DocumentExp.cs:line 156
No connection could be made because the target machine actively refused it. (wsfe-homo.arca.gob.ar:443)
   at System.Net.Http.HttpConnectionPool.ConnectToTcpHostAsync(String host, Int32 port, HttpRequestMessage initialRequest, Boolean async, CancellationToken cancellationToken)
   at System.Net.Http.HttpConnectionPool.ConnectAsync(HttpRequestMessage request, Boolean async, CancellationToken cancellationToken)
   at System.Net.Http.HttpConnectionPool.CreateHttp11ConnectionAsync(HttpRequestMessage request, Boolean async, CancellationToken cancellationToken)
   at System.Net.Http.HttpConnectionPool.AddHttp11ConnectionAsync(QueueItem queueItem)
   at System.Threading.Tasks.TaskCompletionSourceWithCancellation`1.WaitWithCancellationAsync(CancellationToken cancellationToken)
   at System.Net.Http.HttpConnectionPool.SendWithVersionDetectionAndRetryAsync(HttpRequestMessage request, Boolean async, Boolean doRequestAuth, CancellationToken cancellationToken)
   at System.Net.Http.DiagnosticsHandler.SendAsyncCore(HttpRequestMessage request, Boolean async, CancellationToken cancellationToken)
   at System.Net.Http.RedirectHandler.SendAsync(HttpRequestMessage request, Boolean async, CancellationToken cancellationToken)
   at System.Net.Http.DecompressionHandler.SendAsync(HttpRequestMessage request, Boolean async, CancellationToken cancellationToken)
   at System.Net.Http.HttpClient.<SendAsync>g__Core|83_0(HttpRequestMessage request, HttpCompletionOption completionOption, CancellationTokenSource cts, Boolean disposeCts, CancellationTokenSource pendingRequestsCts, CancellationToken originalCancellationToken)
   at System.ServiceModel.Channels.HttpChannelFactory`1.HttpClientRequestChannel.HttpClientChannelAsyncRequest.SendRequestAsync(Message message, TimeoutHelper timeoutHelper)
No connection could be made because the target machine actively refused it.
   at System.Net.Sockets.Socket.AwaitableSocketAsyncEventArgs.ThrowException(SocketError error, CancellationToken cancellationToken)
   at System.Net.Sockets.Socket.AwaitableSocketAsyncEventArgs.System.Threading.Tasks.Sources.IValueTaskSource.GetResult(Int16 token)
   at System.Net.Sockets.Socket.<ConnectAsync>g__WaitForConnectWithCancellation|285_0(AwaitableSocketAsyncEventArgs saea, ValueTask connectTask, CancellationToken cancellationToken)
   at System.Net.Http.HttpConnectionPool.ConnectToTcpHostAsync(String host, Int32 port, HttpRequestMessage initialRequest, Boolean async, CancellationToken cancellationToken)
14/11/2025 07:54:36==>Cotizacion Invalida
   at Applet.Nat.Api.Br.Models.DocumentExp.GetCotizacion(String vivstrMoneda, DateTime vivdtm) in C:\Users\Jaco2701\Documents\Visual Studio Projects\Nat\Nat.api\Models\BR\DocumentExp.cs:line 175
   at Applet.Nat.Api.Controllers.MiscController.Statics() in C:\Users\Jaco2701\Documents\Visual Studio Projects\Nat\Nat.api\Controllers\MiscController.cs:line 45
14/11/2025 07:54:37==>Valor de Lista FORMAT:dtmwsmtxca no encontrado
   at Applet.Nat.Api.Static.ListHelper.GetValue(String vivcodType, String vivcodId, NatContext vioContext) in C:\Users\Jaco2701\Documents\Visual Studio Projects\Nat\Nat.api\Static\ListHelper.cs:line 26
   at Applet.Nat.Api.Models.Afip.AfipService.get_ivstrDateformat() in C:\Users\Jaco2701\Documents\Visual Studio Projects\Nat\Nat.api\Models\Afip\AfipService.cs:line 74
   at Applet.Nat.BR.DocumentMTXCA.GetCotizacion(String vivstrMoneda, DateTime vivdtm) in C:\Users\Jaco2701\Documents\Visual Studio Projects\Nat\Nat.api\Models\BR\DocumentMtxca.cs:line 540
14/11/2025 07:54:37==>Cotizacion Invalida
   at Applet.Nat.BR.DocumentMTXCA.GetCotizacion(String vivstrMoneda, DateTime vivdtm) in C:\Users\Jaco2701\Documents\Visual Studio Projects\Nat\Nat.api\Models\BR\DocumentMtxca.cs:line 566
   at Applet.Nat.Api.Controllers.MiscController.Statics() in C:\Users\Jaco2701\Documents\Visual Studio Projects\Nat\Nat.api\Controllers\MiscController.cs:line 65
14/11/2025 07:57:08==>No connection could be made because the target machine actively refused it. (wsfe-homo.arca.gob.ar:443)
   at System.Runtime.AsyncResult.End[TAsyncResult](IAsyncResult result)
   at System.ServiceModel.Channels.ServiceChannel.SendAsyncResult.End(SendAsyncResult result)
   at System.ServiceModel.Channels.ServiceChannel.EndCall(String action, Object[] outs, IAsyncResult result)
   at System.ServiceModel.Channels.ServiceChannelProxy.TaskCreator.<>c__DisplayClass1_0.<CreateGenericTask>b__0(IAsyncResult asyncResult)
--- End of stack trace from previous location ---
   at Applet.Nat.Api.Br.Models.DocumentExp.GetCotizacion(String vivstrMoneda, DateTime vivdtm) in C:\Users\Jaco2701\Documents\Visual Studio Projects\Nat\Nat.api\Models\BR\DocumentExp.cs:line 156
No connection could be made because the target machine actively refused it. (wsfe-homo.arca.gob.ar:443)
   at System.Net.Http.HttpConnectionPool.ConnectToTcpHostAsync(String host, Int32 port, HttpRequestMessage initialRequest, Boolean async, CancellationToken cancellationToken)
   at System.Net.Http.HttpConnectionPool.ConnectAsync(HttpRequestMessage request, Boolean async, CancellationToken cancellationToken)
   at System.Net.Http.HttpConnectionPool.CreateHttp11ConnectionAsync(HttpRequestMessage request, Boolean async, CancellationToken cancellationToken)
   at System.Net.Http.HttpConnectionPool.AddHttp11ConnectionAsync(QueueItem queueItem)
   at System.Threading.Tasks.TaskCompletionSourceWithCancellation`1.WaitWithCancellationAsync(CancellationToken cancellationToken)
   at System.Net.Http.HttpConnectionPool.SendWithVersionDetectionAndRetryAsync(HttpRequestMessage request, Boolean async, Boolean doRequestAuth, CancellationToken cancellationToken)
   at System.Net.Http.DiagnosticsHandler.SendAsyncCore(HttpRequestMessage request, Boolean async, CancellationToken cancellationToken)
   at System.Net.Http.RedirectHandler.SendAsync(HttpRequestMessage request, Boolean async, CancellationToken cancellationToken)
   at System.Net.Http.DecompressionHandler.SendAsync(HttpRequestMessage request, Boolean async, CancellationToken cancellationToken)
   at System.Net.Http.HttpClient.<SendAsync>g__Core|83_0(HttpRequestMessage request, HttpCompletionOption completionOption, CancellationTokenSource cts, Boolean disposeCts, CancellationTokenSource pendingRequestsCts, CancellationToken originalCancellationToken)
   at System.ServiceModel.Channels.HttpChannelFactory`1.HttpClientRequestChannel.HttpClientChannelAsyncRequest.SendRequestAsync(Message message, TimeoutHelper timeoutHelper)
No connection could be made because the target machine actively refused it.
   at System.Net.Sockets.Socket.AwaitableSocketAsyncEventArgs.ThrowException(SocketError error, CancellationToken cancellationToken)
   at System.Net.Sockets.Socket.AwaitableSocketAsyncEventArgs.System.Threading.Tasks.Sources.IValueTaskSource.GetResult(Int16 token)
   at System.Net.Sockets.Socket.<ConnectAsync>g__WaitForConnectWithCancellation|285_0(AwaitableSocketAsyncEventArgs saea, ValueTask connectTask, CancellationToken cancellationToken)
   at System.Net.Http.HttpConnectionPool.ConnectToTcpHostAsync(String host, Int32 port, HttpRequestMessage initialRequest, Boolean async, CancellationToken cancellationToken)
14/11/2025 07:57:08==>Cotizacion Invalida
   at Applet.Nat.Api.Br.Models.DocumentExp.GetCotizacion(String vivstrMoneda, DateTime vivdtm) in C:\Users\Jaco2701\Documents\Visual Studio Projects\Nat\Nat.api\Models\BR\DocumentExp.cs:line 175
   at Applet.Nat.Api.Controllers.MiscController.Statics() in C:\Users\Jaco2701\Documents\Visual Studio Projects\Nat\Nat.api\Controllers\MiscController.cs:line 45
14/11/2025 07:57:08==>Valor de Lista FORMAT:dtmwsmtxca no encontrado
   at Applet.Nat.Api.Static.ListHelper.GetValue(String vivcodType, String vivcodId, NatContext vioContext) in C:\Users\Jaco2701\Documents\Visual Studio Projects\Nat\Nat.api\Static\ListHelper.cs:line 26
   at Applet.Nat.Api.Models.Afip.AfipService.get_ivstrDateformat() in C:\Users\Jaco2701\Documents\Visual Studio Projects\Nat\Nat.api\Models\Afip\AfipService.cs:line 74
   at Applet.Nat.BR.DocumentMTXCA.GetCotizacion(String vivstrMoneda, DateTime vivdtm) in C:\Users\Jaco2701\Documents\Visual Studio Projects\Nat\Nat.api\Models\BR\DocumentMtxca.cs:line 540
14/11/2025 07:57:08==>Cotizacion Invalida
   at Applet.Nat.BR.DocumentMTXCA.GetCotizacion(String vivstrMoneda, DateTime vivdtm) in C:\Users\Jaco2701\Documents\Visual Studio Projects\Nat\Nat.api\Models\BR\DocumentMtxca.cs:line 566
   at Applet.Nat.Api.Controllers.MiscController.Statics() in C:\Users\Jaco2701\Documents\Visual Studio Projects\Nat\Nat.api\Controllers\MiscController.cs:line 65
14/11/2025 07:57:11==>No connection could be made because the target machine actively refused it. (wsfe-homo.arca.gob.ar:443)
   at System.Runtime.AsyncResult.End[TAsyncResult](IAsyncResult result)
   at System.ServiceModel.Channels.ServiceChannel.SendAsyncResult.End(SendAsyncResult result)
   at System.ServiceModel.Channels.ServiceChannel.EndCall(String action, Object[] outs, IAsyncResult result)
   at System.ServiceModel.Channels.ServiceChannelProxy.TaskCreator.<>c__DisplayClass1_0.<CreateGenericTask>b__0(IAsyncResult asyncResult)
--- End of stack trace from previous location ---
   at Applet.Nat.Api.Br.Models.DocumentExp.GetCotizacion(String vivstrMoneda, DateTime vivdtm) in C:\Users\Jaco2701\Documents\Visual Studio Projects\Nat\Nat.api\Models\BR\DocumentExp.cs:line 156
No connection could be made because the target machine actively refused it. (wsfe-homo.arca.gob.ar:443)
   at System.Net.Http.HttpConnectionPool.ConnectToTcpHostAsync(String host, Int32 port, HttpRequestMessage initialRequest, Boolean async, CancellationToken cancellationToken)
   at System.Net.Http.HttpConnectionPool.ConnectAsync(HttpRequestMessage request, Boolean async, CancellationToken cancellationToken)
   at System.Net.Http.HttpConnectionPool.CreateHttp11ConnectionAsync(HttpRequestMessage request, Boolean async, CancellationToken cancellationToken)
   at System.Net.Http.HttpConnectionPool.AddHttp11ConnectionAsync(QueueItem queueItem)
   at System.Threading.Tasks.TaskCompletionSourceWithCancellation`1.WaitWithCancellationAsync(CancellationToken cancellationToken)
   at System.Net.Http.HttpConnectionPool.SendWithVersionDetectionAndRetryAsync(HttpRequestMessage request, Boolean async, Boolean doRequestAuth, CancellationToken cancellationToken)
   at System.Net.Http.DiagnosticsHandler.SendAsyncCore(HttpRequestMessage request, Boolean async, CancellationToken cancellationToken)
   at System.Net.Http.RedirectHandler.SendAsync(HttpRequestMessage request, Boolean async, CancellationToken cancellationToken)
   at System.Net.Http.DecompressionHandler.SendAsync(HttpRequestMessage request, Boolean async, CancellationToken cancellationToken)
   at System.Net.Http.HttpClient.<SendAsync>g__Core|83_0(HttpRequestMessage request, HttpCompletionOption completionOption, CancellationTokenSource cts, Boolean disposeCts, CancellationTokenSource pendingRequestsCts, CancellationToken originalCancellationToken)
   at System.ServiceModel.Channels.HttpChannelFactory`1.HttpClientRequestChannel.HttpClientChannelAsyncRequest.SendRequestAsync(Message message, TimeoutHelper timeoutHelper)
No connection could be made because the target machine actively refused it.
   at System.Net.Sockets.Socket.AwaitableSocketAsyncEventArgs.ThrowException(SocketError error, CancellationToken cancellationToken)
   at System.Net.Sockets.Socket.AwaitableSocketAsyncEventArgs.System.Threading.Tasks.Sources.IValueTaskSource.GetResult(Int16 token)
   at System.Net.Sockets.Socket.<ConnectAsync>g__WaitForConnectWithCancellation|285_0(AwaitableSocketAsyncEventArgs saea, ValueTask connectTask, CancellationToken cancellationToken)
   at System.Net.Http.HttpConnectionPool.ConnectToTcpHostAsync(String host, Int32 port, HttpRequestMessage initialRequest, Boolean async, CancellationToken cancellationToken)
14/11/2025 07:57:11==>Cotizacion Invalida
   at Applet.Nat.Api.Br.Models.DocumentExp.GetCotizacion(String vivstrMoneda, DateTime vivdtm) in C:\Users\Jaco2701\Documents\Visual Studio Projects\Nat\Nat.api\Models\BR\DocumentExp.cs:line 175
   at Applet.Nat.Api.Controllers.MiscController.Statics() in C:\Users\Jaco2701\Documents\Visual Studio Projects\Nat\Nat.api\Controllers\MiscController.cs:line 45
14/11/2025 07:57:11==>Valor de Lista FORMAT:dtmwsmtxca no encontrado
   at Applet.Nat.Api.Static.ListHelper.GetValue(String vivcodType, String vivcodId, NatContext vioContext) in C:\Users\Jaco2701\Documents\Visual Studio Projects\Nat\Nat.api\Static\ListHelper.cs:line 26
   at Applet.Nat.Api.Models.Afip.AfipService.get_ivstrDateformat() in C:\Users\Jaco2701\Documents\Visual Studio Projects\Nat\Nat.api\Models\Afip\AfipService.cs:line 74
   at Applet.Nat.BR.DocumentMTXCA.GetCotizacion(String vivstrMoneda, DateTime vivdtm) in C:\Users\Jaco2701\Documents\Visual Studio Projects\Nat\Nat.api\Models\BR\DocumentMtxca.cs:line 540
14/11/2025 07:57:11==>Cotizacion Invalida
   at Applet.Nat.BR.DocumentMTXCA.GetCotizacion(String vivstrMoneda, DateTime vivdtm) in C:\Users\Jaco2701\Documents\Visual Studio Projects\Nat\Nat.api\Models\BR\DocumentMtxca.cs:line 566
   at Applet.Nat.Api.Controllers.MiscController.Statics() in C:\Users\Jaco2701\Documents\Visual Studio Projects\Nat\Nat.api\Controllers\MiscController.cs:line 65
14/11/2025 07:59:25==>No connection could be made because the target machine actively refused it. (wsfe-homo.arca.gob.ar:443)
   at System.Runtime.AsyncResult.End[TAsyncResult](IAsyncResult result)
   at System.ServiceModel.Channels.ServiceChannel.SendAsyncResult.End(SendAsyncResult result)
   at System.ServiceModel.Channels.ServiceChannel.EndCall(String action, Object[] outs, IAsyncResult result)
   at System.ServiceModel.Channels.ServiceChannelProxy.TaskCreator.<>c__DisplayClass1_0.<CreateGenericTask>b__0(IAsyncResult asyncResult)
--- End of stack trace from previous location ---
   at Applet.Nat.Api.Br.Models.DocumentExp.GetCotizacion(String vivstrMoneda, DateTime vivdtm) in C:\Users\Jaco2701\Documents\Visual Studio Projects\Nat\Nat.api\Models\BR\DocumentExp.cs:line 156
No connection could be made because the target machine actively refused it. (wsfe-homo.arca.gob.ar:443)
   at System.Net.Http.HttpConnectionPool.ConnectToTcpHostAsync(String host, Int32 port, HttpRequestMessage initialRequest, Boolean async, CancellationToken cancellationToken)
   at System.Net.Http.HttpConnectionPool.ConnectAsync(HttpRequestMessage request, Boolean async, CancellationToken cancellationToken)
   at System.Net.Http.HttpConnectionPool.CreateHttp11ConnectionAsync(HttpRequestMessage request, Boolean async, CancellationToken cancellationToken)
   at System.Net.Http.HttpConnectionPool.AddHttp11ConnectionAsync(QueueItem queueItem)
   at System.Threading.Tasks.TaskCompletionSourceWithCancellation`1.WaitWithCancellationAsync(CancellationToken cancellationToken)
   at System.Net.Http.HttpConnectionPool.SendWithVersionDetectionAndRetryAsync(HttpRequestMessage request, Boolean async, Boolean doRequestAuth, CancellationToken cancellationToken)
   at System.Net.Http.DiagnosticsHandler.SendAsyncCore(HttpRequestMessage request, Boolean async, CancellationToken cancellationToken)
   at System.Net.Http.RedirectHandler.SendAsync(HttpRequestMessage request, Boolean async, CancellationToken cancellationToken)
   at System.Net.Http.DecompressionHandler.SendAsync(HttpRequestMessage request, Boolean async, CancellationToken cancellationToken)
   at System.Net.Http.HttpClient.<SendAsync>g__Core|83_0(HttpRequestMessage request, HttpCompletionOption completionOption, CancellationTokenSource cts, Boolean disposeCts, CancellationTokenSource pendingRequestsCts, CancellationToken originalCancellationToken)
   at System.ServiceModel.Channels.HttpChannelFactory`1.HttpClientRequestChannel.HttpClientChannelAsyncRequest.SendRequestAsync(Message message, TimeoutHelper timeoutHelper)
No connection could be made because the target machine actively refused it.
   at System.Net.Sockets.Socket.AwaitableSocketAsyncEventArgs.ThrowException(SocketError error, CancellationToken cancellationToken)
   at System.Net.Sockets.Socket.AwaitableSocketAsyncEventArgs.System.Threading.Tasks.Sources.IValueTaskSource.GetResult(Int16 token)
   at System.Net.Sockets.Socket.<ConnectAsync>g__WaitForConnectWithCancellation|285_0(AwaitableSocketAsyncEventArgs saea, ValueTask connectTask, CancellationToken cancellationToken)
   at System.Net.Http.HttpConnectionPool.ConnectToTcpHostAsync(String host, Int32 port, HttpRequestMessage initialRequest, Boolean async, CancellationToken cancellationToken)
14/11/2025 07:59:25==>Cotizacion Invalida
   at Applet.Nat.Api.Br.Models.DocumentExp.GetCotizacion(String vivstrMoneda, DateTime vivdtm) in C:\Users\Jaco2701\Documents\Visual Studio Projects\Nat\Nat.api\Models\BR\DocumentExp.cs:line 175
   at Applet.Nat.Api.Controllers.MiscController.Statics() in C:\Users\Jaco2701\Documents\Visual Studio Projects\Nat\Nat.api\Controllers\MiscController.cs:line 45
14/11/2025 07:59:25==>Valor de Lista FORMAT:dtmwsmtxca no encontrado
   at Applet.Nat.Api.Static.ListHelper.GetValue(String vivcodType, String vivcodId, NatContext vioContext) in C:\Users\Jaco2701\Documents\Visual Studio Projects\Nat\Nat.api\Static\ListHelper.cs:line 26
   at Applet.Nat.Api.Models.Afip.AfipService.get_ivstrDateformat() in C:\Users\Jaco2701\Documents\Visual Studio Projects\Nat\Nat.api\Models\Afip\AfipService.cs:line 74
   at Applet.Nat.BR.DocumentMTXCA.GetCotizacion(String vivstrMoneda, DateTime vivdtm) in C:\Users\Jaco2701\Documents\Visual Studio Projects\Nat\Nat.api\Models\BR\DocumentMtxca.cs:line 540
14/11/2025 07:59:25==>Cotizacion Invalida
   at Applet.Nat.BR.DocumentMTXCA.GetCotizacion(String vivstrMoneda, DateTime vivdtm) in C:\Users\Jaco2701\Documents\Visual Studio Projects\Nat\Nat.api\Models\BR\DocumentMtxca.cs:line 566
   at Applet.Nat.Api.Controllers.MiscController.Statics() in C:\Users\Jaco2701\Documents\Visual Studio Projects\Nat\Nat.api\Controllers\MiscController.cs:line 65
14/11/2025 07:59:28==>No connection could be made because the target machine actively refused it. (wsfe-homo.arca.gob.ar:443)
   at System.Runtime.AsyncResult.End[TAsyncResult](IAsyncResult result)
   at System.ServiceModel.Channels.ServiceChannel.SendAsyncResult.End(SendAsyncResult result)
   at System.ServiceModel.Channels.ServiceChannel.EndCall(String action, Object[] outs, IAsyncResult result)
   at System.ServiceModel.Channels.ServiceChannelProxy.TaskCreator.<>c__DisplayClass1_0.<CreateGenericTask>b__0(IAsyncResult asyncResult)
--- End of stack trace from previous location ---
   at Applet.Nat.Api.Br.Models.DocumentExp.GetCotizacion(String vivstrMoneda, DateTime vivdtm) in C:\Users\Jaco2701\Documents\Visual Studio Projects\Nat\Nat.api\Models\BR\DocumentExp.cs:line 156
No connection could be made because the target machine actively refused it. (wsfe-homo.arca.gob.ar:443)
   at System.Net.Http.HttpConnectionPool.ConnectToTcpHostAsync(String host, Int32 port, HttpRequestMessage initialRequest, Boolean async, CancellationToken cancellationToken)
   at System.Net.Http.HttpConnectionPool.ConnectAsync(HttpRequestMessage request, Boolean async, CancellationToken cancellationToken)
   at System.Net.Http.HttpConnectionPool.CreateHttp11ConnectionAsync(HttpRequestMessage request, Boolean async, CancellationToken cancellationToken)
   at System.Net.Http.HttpConnectionPool.AddHttp11ConnectionAsync(QueueItem queueItem)
   at System.Threading.Tasks.TaskCompletionSourceWithCancellation`1.WaitWithCancellationAsync(CancellationToken cancellationToken)
   at System.Net.Http.HttpConnectionPool.SendWithVersionDetectionAndRetryAsync(HttpRequestMessage request, Boolean async, Boolean doRequestAuth, CancellationToken cancellationToken)
   at System.Net.Http.DiagnosticsHandler.SendAsyncCore(HttpRequestMessage request, Boolean async, CancellationToken cancellationToken)
   at System.Net.Http.RedirectHandler.SendAsync(HttpRequestMessage request, Boolean async, CancellationToken cancellationToken)
   at System.Net.Http.DecompressionHandler.SendAsync(HttpRequestMessage request, Boolean async, CancellationToken cancellationToken)
   at System.Net.Http.HttpClient.<SendAsync>g__Core|83_0(HttpRequestMessage request, HttpCompletionOption completionOption, CancellationTokenSource cts, Boolean disposeCts, CancellationTokenSource pendingRequestsCts, CancellationToken originalCancellationToken)
   at System.ServiceModel.Channels.HttpChannelFactory`1.HttpClientRequestChannel.HttpClientChannelAsyncRequest.SendRequestAsync(Message message, TimeoutHelper timeoutHelper)
No connection could be made because the target machine actively refused it.
   at System.Net.Sockets.Socket.AwaitableSocketAsyncEventArgs.ThrowException(SocketError error, CancellationToken cancellationToken)
   at System.Net.Sockets.Socket.AwaitableSocketAsyncEventArgs.System.Threading.Tasks.Sources.IValueTaskSource.GetResult(Int16 token)
   at System.Net.Sockets.Socket.<ConnectAsync>g__WaitForConnectWithCancellation|285_0(AwaitableSocketAsyncEventArgs saea, ValueTask connectTask, CancellationToken cancellationToken)
   at System.Net.Http.HttpConnectionPool.ConnectToTcpHostAsync(String host, Int32 port, HttpRequestMessage initialRequest, Boolean async, CancellationToken cancellationToken)
14/11/2025 07:59:28==>Cotizacion Invalida
   at Applet.Nat.Api.Br.Models.DocumentExp.GetCotizacion(String vivstrMoneda, DateTime vivdtm) in C:\Users\Jaco2701\Documents\Visual Studio Projects\Nat\Nat.api\Models\BR\DocumentExp.cs:line 175
   at Applet.Nat.Api.Controllers.MiscController.Statics() in C:\Users\Jaco2701\Documents\Visual Studio Projects\Nat\Nat.api\Controllers\MiscController.cs:line 45
14/11/2025 07:59:28==>Valor de Lista FORMAT:dtmwsmtxca no encontrado
   at Applet.Nat.Api.Static.ListHelper.GetValue(String vivcodType, String vivcodId, NatContext vioContext) in C:\Users\Jaco2701\Documents\Visual Studio Projects\Nat\Nat.api\Static\ListHelper.cs:line 26
   at Applet.Nat.Api.Models.Afip.AfipService.get_ivstrDateformat() in C:\Users\Jaco2701\Documents\Visual Studio Projects\Nat\Nat.api\Models\Afip\AfipService.cs:line 74
   at Applet.Nat.BR.DocumentMTXCA.GetCotizacion(String vivstrMoneda, DateTime vivdtm) in C:\Users\Jaco2701\Documents\Visual Studio Projects\Nat\Nat.api\Models\BR\DocumentMtxca.cs:line 540
14/11/2025 07:59:28==>Cotizacion Invalida
   at Applet.Nat.BR.DocumentMTXCA.GetCotizacion(String vivstrMoneda, DateTime vivdtm) in C:\Users\Jaco2701\Documents\Visual Studio Projects\Nat\Nat.api\Models\BR\DocumentMtxca.cs:line 566
   at Applet.Nat.Api.Controllers.MiscController.Statics() in C:\Users\Jaco2701\Documents\Visual Studio Projects\Nat\Nat.api\Controllers\MiscController.cs:line 65
14/11/2025 07:59:53==>No connection could be made because the target machine actively refused it. (wsfe-homo.arca.gob.ar:443)
   at System.Runtime.AsyncResult.End[TAsyncResult](IAsyncResult result)
   at System.ServiceModel.Channels.ServiceChannel.SendAsyncResult.End(SendAsyncResult result)
   at System.ServiceModel.Channels.ServiceChannel.EndCall(String action, Object[] outs, IAsyncResult result)
   at System.ServiceModel.Channels.ServiceChannelProxy.TaskCreator.<>c__DisplayClass1_0.<CreateGenericTask>b__0(IAsyncResult asyncResult)
--- End of stack trace from previous location ---
   at Applet.Nat.Api.Br.Models.DocumentExp.GetCotizacion(String vivstrMoneda, DateTime vivdtm) in C:\Users\Jaco2701\Documents\Visual Studio Projects\Nat\Nat.api\Models\BR\DocumentExp.cs:line 156
No connection could be made because the target machine actively refused it. (wsfe-homo.arca.gob.ar:443)
   at System.Net.Http.HttpConnectionPool.ConnectToTcpHostAsync(String host, Int32 port, HttpRequestMessage initialRequest, Boolean async, CancellationToken cancellationToken)
   at System.Net.Http.HttpConnectionPool.ConnectAsync(HttpRequestMessage request, Boolean async, CancellationToken cancellationToken)
   at System.Net.Http.HttpConnectionPool.CreateHttp11ConnectionAsync(HttpRequestMessage request, Boolean async, CancellationToken cancellationToken)
   at System.Net.Http.HttpConnectionPool.AddHttp11ConnectionAsync(QueueItem queueItem)
   at System.Threading.Tasks.TaskCompletionSourceWithCancellation`1.WaitWithCancellationAsync(CancellationToken cancellationToken)
   at System.Net.Http.HttpConnectionPool.SendWithVersionDetectionAndRetryAsync(HttpRequestMessage request, Boolean async, Boolean doRequestAuth, CancellationToken cancellationToken)
   at System.Net.Http.DiagnosticsHandler.SendAsyncCore(HttpRequestMessage request, Boolean async, CancellationToken cancellationToken)
   at System.Net.Http.RedirectHandler.SendAsync(HttpRequestMessage request, Boolean async, CancellationToken cancellationToken)
   at System.Net.Http.DecompressionHandler.SendAsync(HttpRequestMessage request, Boolean async, CancellationToken cancellationToken)
   at System.Net.Http.HttpClient.<SendAsync>g__Core|83_0(HttpRequestMessage request, HttpCompletionOption completionOption, CancellationTokenSource cts, Boolean disposeCts, CancellationTokenSource pendingRequestsCts, CancellationToken originalCancellationToken)
   at System.ServiceModel.Channels.HttpChannelFactory`1.HttpClientRequestChannel.HttpClientChannelAsyncRequest.SendRequestAsync(Message message, TimeoutHelper timeoutHelper)
No connection could be made because the target machine actively refused it.
   at System.Net.Sockets.Socket.AwaitableSocketAsyncEventArgs.ThrowException(SocketError error, CancellationToken cancellationToken)
   at System.Net.Sockets.Socket.AwaitableSocketAsyncEventArgs.System.Threading.Tasks.Sources.IValueTaskSource.GetResult(Int16 token)
   at System.Net.Sockets.Socket.<ConnectAsync>g__WaitForConnectWithCancellation|285_0(AwaitableSocketAsyncEventArgs saea, ValueTask connectTask, CancellationToken cancellationToken)
   at System.Net.Http.HttpConnectionPool.ConnectToTcpHostAsync(String host, Int32 port, HttpRequestMessage initialRequest, Boolean async, CancellationToken cancellationToken)
14/11/2025 07:59:53==>Cotizacion Invalida
   at Applet.Nat.Api.Br.Models.DocumentExp.GetCotizacion(String vivstrMoneda, DateTime vivdtm) in C:\Users\Jaco2701\Documents\Visual Studio Projects\Nat\Nat.api\Models\BR\DocumentExp.cs:line 175
   at Applet.Nat.Api.Controllers.MiscController.Statics() in C:\Users\Jaco2701\Documents\Visual Studio Projects\Nat\Nat.api\Controllers\MiscController.cs:line 45
14/11/2025 07:59:53==>Valor de Lista FORMAT:dtmwsmtxca no encontrado
   at Applet.Nat.Api.Static.ListHelper.GetValue(String vivcodType, String vivcodId, NatContext vioContext) in C:\Users\Jaco2701\Documents\Visual Studio Projects\Nat\Nat.api\Static\ListHelper.cs:line 26
   at Applet.Nat.Api.Models.Afip.AfipService.get_ivstrDateformat() in C:\Users\Jaco2701\Documents\Visual Studio Projects\Nat\Nat.api\Models\Afip\AfipService.cs:line 74
   at Applet.Nat.BR.DocumentMTXCA.GetCotizacion(String vivstrMoneda, DateTime vivdtm) in C:\Users\Jaco2701\Documents\Visual Studio Projects\Nat\Nat.api\Models\BR\DocumentMtxca.cs:line 540
14/11/2025 07:59:53==>Cotizacion Invalida
   at Applet.Nat.BR.DocumentMTXCA.GetCotizacion(String vivstrMoneda, DateTime vivdtm) in C:\Users\Jaco2701\Documents\Visual Studio Projects\Nat\Nat.api\Models\BR\DocumentMtxca.cs:line 566
   at Applet.Nat.Api.Controllers.MiscController.Statics() in C:\Users\Jaco2701\Documents\Visual Studio Projects\Nat\Nat.api\Controllers\MiscController.cs:line 65
14/11/2025 07:59:56==>No connection could be made because the target machine actively refused it. (wsfe-homo.arca.gob.ar:443)
   at System.Runtime.AsyncResult.End[TAsyncResult](IAsyncResult result)
   at System.ServiceModel.Channels.ServiceChannel.SendAsyncResult.End(SendAsyncResult result)
   at System.ServiceModel.Channels.ServiceChannel.EndCall(String action, Object[] outs, IAsyncResult result)
   at System.ServiceModel.Channels.ServiceChannelProxy.TaskCreator.<>c__DisplayClass1_0.<CreateGenericTask>b__0(IAsyncResult asyncResult)
--- End of stack trace from previous location ---
   at Applet.Nat.Api.Br.Models.DocumentExp.GetCotizacion(String vivstrMoneda, DateTime vivdtm) in C:\Users\Jaco2701\Documents\Visual Studio Projects\Nat\Nat.api\Models\BR\DocumentExp.cs:line 156
No connection could be made because the target machine actively refused it. (wsfe-homo.arca.gob.ar:443)
   at System.Net.Http.HttpConnectionPool.ConnectToTcpHostAsync(String host, Int32 port, HttpRequestMessage initialRequest, Boolean async, CancellationToken cancellationToken)
   at System.Net.Http.HttpConnectionPool.ConnectAsync(HttpRequestMessage request, Boolean async, CancellationToken cancellationToken)
   at System.Net.Http.HttpConnectionPool.CreateHttp11ConnectionAsync(HttpRequestMessage request, Boolean async, CancellationToken cancellationToken)
   at System.Net.Http.HttpConnectionPool.AddHttp11ConnectionAsync(QueueItem queueItem)
   at System.Threading.Tasks.TaskCompletionSourceWithCancellation`1.WaitWithCancellationAsync(CancellationToken cancellationToken)
   at System.Net.Http.HttpConnectionPool.SendWithVersionDetectionAndRetryAsync(HttpRequestMessage request, Boolean async, Boolean doRequestAuth, CancellationToken cancellationToken)
   at System.Net.Http.DiagnosticsHandler.SendAsyncCore(HttpRequestMessage request, Boolean async, CancellationToken cancellationToken)
   at System.Net.Http.RedirectHandler.SendAsync(HttpRequestMessage request, Boolean async, CancellationToken cancellationToken)
   at System.Net.Http.DecompressionHandler.SendAsync(HttpRequestMessage request, Boolean async, CancellationToken cancellationToken)
   at System.Net.Http.HttpClient.<SendAsync>g__Core|83_0(HttpRequestMessage request, HttpCompletionOption completionOption, CancellationTokenSource cts, Boolean disposeCts, CancellationTokenSource pendingRequestsCts, CancellationToken originalCancellationToken)
   at System.ServiceModel.Channels.HttpChannelFactory`1.HttpClientRequestChannel.HttpClientChannelAsyncRequest.SendRequestAsync(Message message, TimeoutHelper timeoutHelper)
No connection could be made because the target machine actively refused it.
   at System.Net.Sockets.Socket.AwaitableSocketAsyncEventArgs.ThrowException(SocketError error, CancellationToken cancellationToken)
   at System.Net.Sockets.Socket.AwaitableSocketAsyncEventArgs.System.Threading.Tasks.Sources.IValueTaskSource.GetResult(Int16 token)
   at System.Net.Sockets.Socket.<ConnectAsync>g__WaitForConnectWithCancellation|285_0(AwaitableSocketAsyncEventArgs saea, ValueTask connectTask, CancellationToken cancellationToken)
   at System.Net.Http.HttpConnectionPool.ConnectToTcpHostAsync(String host, Int32 port, HttpRequestMessage initialRequest, Boolean async, CancellationToken cancellationToken)
14/11/2025 07:59:56==>Cotizacion Invalida
   at Applet.Nat.Api.Br.Models.DocumentExp.GetCotizacion(String vivstrMoneda, DateTime vivdtm) in C:\Users\Jaco2701\Documents\Visual Studio Projects\Nat\Nat.api\Models\BR\DocumentExp.cs:line 175
   at Applet.Nat.Api.Controllers.MiscController.Statics() in C:\Users\Jaco2701\Documents\Visual Studio Projects\Nat\Nat.api\Controllers\MiscController.cs:line 45
14/11/2025 07:59:56==>Valor de Lista FORMAT:dtmwsmtxca no encontrado
   at Applet.Nat.Api.Static.ListHelper.GetValue(String vivcodType, String vivcodId, NatContext vioContext) in C:\Users\Jaco2701\Documents\Visual Studio Projects\Nat\Nat.api\Static\ListHelper.cs:line 26
   at Applet.Nat.Api.Models.Afip.AfipService.get_ivstrDateformat() in C:\Users\Jaco2701\Documents\Visual Studio Projects\Nat\Nat.api\Models\Afip\AfipService.cs:line 74
   at Applet.Nat.BR.DocumentMTXCA.GetCotizacion(String vivstrMoneda, DateTime vivdtm) in C:\Users\Jaco2701\Documents\Visual Studio Projects\Nat\Nat.api\Models\BR\DocumentMtxca.cs:line 540
14/11/2025 07:59:56==>Cotizacion Invalida
   at Applet.Nat.BR.DocumentMTXCA.GetCotizacion(String vivstrMoneda, DateTime vivdtm) in C:\Users\Jaco2701\Documents\Visual Studio Projects\Nat\Nat.api\Models\BR\DocumentMtxca.cs:line 566
   at Applet.Nat.Api.Controllers.MiscController.Statics() in C:\Users\Jaco2701\Documents\Visual Studio Projects\Nat\Nat.api\Controllers\MiscController.cs:line 65
