13/11/2025 04:09:19==>No connection could be made because the target machine actively refused it. (wsfe-homo.arca.gob.ar:443)
   at System.Runtime.AsyncResult.End[TAsyncResult](IAsyncResult result)
   at System.ServiceModel.Channels.ServiceChannel.SendAsyncResult.End(SendAsyncResult result)
   at System.ServiceModel.Channels.ServiceChannel.EndCall(String action, Object[] outs, IAsyncResult result)
   at System.ServiceModel.Channels.ServiceChannelProxy.TaskCreator.<>c__DisplayClass1_0.<CreateGenericTask>b__0(IAsyncResult asyncResult)
--- End of stack trace from previous location ---
   at Applet.Nat.Api.Br.Models.DocumentExp.GetCotizacion(String vivstrMoneda, DateTime vivdtm) in C:\Users\Jaco2701\Documents\Visual Studio Projects\Nat\Nat.api\Models\BR\DocumentExp.cs:line 156
No connection could be made because the target machine actively refused it. (wsfe-homo.arca.gob.ar:443)
   at System.Net.Http.HttpConnectionPool.ConnectToTcpHostAsync(String host, Int32 port, HttpRequestMessage initialRequest, Boolean async, CancellationToken cancellationToken)
   at System.Net.Http.HttpConnectionPool.ConnectAsync(HttpRequestMessage request, Boolean async, CancellationToken cancellationToken)
   at System.Net.Http.HttpConnectionPool.CreateHttp11ConnectionAsync(HttpRequestMessage request, Boolean async, CancellationToken cancellationToken)
   at System.Net.Http.HttpConnectionPool.AddHttp11ConnectionAsync(QueueItem queueItem)
   at System.Threading.Tasks.TaskCompletionSourceWithCancellation`1.WaitWithCancellationAsync(CancellationToken cancellationToken)
   at System.Net.Http.HttpConnectionPool.SendWithVersionDetectionAndRetryAsync(HttpRequestMessage request, Boolean async, Boolean doRequestAuth, CancellationToken cancellationToken)
   at System.Net.Http.DiagnosticsHandler.SendAsyncCore(HttpRequestMessage request, Boolean async, CancellationToken cancellationToken)
   at System.Net.Http.RedirectHandler.SendAsync(HttpRequestMessage request, Boolean async, CancellationToken cancellationToken)
   at System.Net.Http.DecompressionHandler.SendAsync(HttpRequestMessage request, Boolean async, CancellationToken cancellationToken)
   at System.Net.Http.HttpClient.<SendAsync>g__Core|83_0(HttpRequestMessage request, HttpCompletionOption completionOption, CancellationTokenSource cts, Boolean disposeCts, CancellationTokenSource pendingRequestsCts, CancellationToken originalCancellationToken)
   at System.ServiceModel.Channels.HttpChannelFactory`1.HttpClientRequestChannel.HttpClientChannelAsyncRequest.SendRequestAsync(Message message, TimeoutHelper timeoutHelper)
No connection could be made because the target machine actively refused it.
   at System.Net.Sockets.Socket.AwaitableSocketAsyncEventArgs.ThrowException(SocketError error, CancellationToken cancellationToken)
   at System.Net.Sockets.Socket.AwaitableSocketAsyncEventArgs.System.Threading.Tasks.Sources.IValueTaskSource.GetResult(Int16 token)
   at System.Net.Sockets.Socket.<ConnectAsync>g__WaitForConnectWithCancellation|285_0(AwaitableSocketAsyncEventArgs saea, ValueTask connectTask, CancellationToken cancellationToken)
   at System.Net.Http.HttpConnectionPool.ConnectToTcpHostAsync(String host, Int32 port, HttpRequestMessage initialRequest, Boolean async, CancellationToken cancellationToken)
13/11/2025 04:09:19==>Cotizacion Invalida
   at Applet.Nat.Api.Br.Models.DocumentExp.GetCotizacion(String vivstrMoneda, DateTime vivdtm) in C:\Users\Jaco2701\Documents\Visual Studio Projects\Nat\Nat.api\Models\BR\DocumentExp.cs:line 175
   at Applet.Nat.Api.Controllers.MiscController.Statics() in C:\Users\Jaco2701\Documents\Visual Studio Projects\Nat\Nat.api\Controllers\MiscController.cs:line 45
13/11/2025 04:09:19==>Valor de Lista FORMAT:dtmwsmtxca no encontrado
   at Applet.Nat.Api.Static.ListHelper.GetValue(String vivcodType, String vivcodId, NatContext vioContext) in C:\Users\Jaco2701\Documents\Visual Studio Projects\Nat\Nat.api\Static\ListHelper.cs:line 26
   at Applet.Nat.Api.Models.Afip.AfipService.get_ivstrDateformat() in C:\Users\Jaco2701\Documents\Visual Studio Projects\Nat\Nat.api\Models\Afip\AfipService.cs:line 74
   at Applet.Nat.BR.DocumentMTXCA.GetCotizacion(String vivstrMoneda, DateTime vivdtm) in C:\Users\Jaco2701\Documents\Visual Studio Projects\Nat\Nat.api\Models\BR\DocumentMtxca.cs:line 540
13/11/2025 04:09:19==>Cotizacion Invalida
   at Applet.Nat.BR.DocumentMTXCA.GetCotizacion(String vivstrMoneda, DateTime vivdtm) in C:\Users\Jaco2701\Documents\Visual Studio Projects\Nat\Nat.api\Models\BR\DocumentMtxca.cs:line 566
   at Applet.Nat.Api.Controllers.MiscController.Statics() in C:\Users\Jaco2701\Documents\Visual Studio Projects\Nat\Nat.api\Controllers\MiscController.cs:line 65
13/11/2025 04:09:22==>No connection could be made because the target machine actively refused it. (wsfe-homo.arca.gob.ar:443)
   at System.Runtime.AsyncResult.End[TAsyncResult](IAsyncResult result)
   at System.ServiceModel.Channels.ServiceChannel.SendAsyncResult.End(SendAsyncResult result)
   at System.ServiceModel.Channels.ServiceChannel.EndCall(String action, Object[] outs, IAsyncResult result)
   at System.ServiceModel.Channels.ServiceChannelProxy.TaskCreator.<>c__DisplayClass1_0.<CreateGenericTask>b__0(IAsyncResult asyncResult)
--- End of stack trace from previous location ---
   at Applet.Nat.Api.Br.Models.DocumentExp.GetCotizacion(String vivstrMoneda, DateTime vivdtm) in C:\Users\Jaco2701\Documents\Visual Studio Projects\Nat\Nat.api\Models\BR\DocumentExp.cs:line 156
No connection could be made because the target machine actively refused it. (wsfe-homo.arca.gob.ar:443)
   at System.Net.Http.HttpConnectionPool.ConnectToTcpHostAsync(String host, Int32 port, HttpRequestMessage initialRequest, Boolean async, CancellationToken cancellationToken)
   at System.Net.Http.HttpConnectionPool.ConnectAsync(HttpRequestMessage request, Boolean async, CancellationToken cancellationToken)
   at System.Net.Http.HttpConnectionPool.CreateHttp11ConnectionAsync(HttpRequestMessage request, Boolean async, CancellationToken cancellationToken)
   at System.Net.Http.HttpConnectionPool.AddHttp11ConnectionAsync(QueueItem queueItem)
   at System.Threading.Tasks.TaskCompletionSourceWithCancellation`1.WaitWithCancellationAsync(CancellationToken cancellationToken)
   at System.Net.Http.HttpConnectionPool.SendWithVersionDetectionAndRetryAsync(HttpRequestMessage request, Boolean async, Boolean doRequestAuth, CancellationToken cancellationToken)
   at System.Net.Http.DiagnosticsHandler.SendAsyncCore(HttpRequestMessage request, Boolean async, CancellationToken cancellationToken)
   at System.Net.Http.RedirectHandler.SendAsync(HttpRequestMessage request, Boolean async, CancellationToken cancellationToken)
   at System.Net.Http.DecompressionHandler.SendAsync(HttpRequestMessage request, Boolean async, CancellationToken cancellationToken)
   at System.Net.Http.HttpClient.<SendAsync>g__Core|83_0(HttpRequestMessage request, HttpCompletionOption completionOption, CancellationTokenSource cts, Boolean disposeCts, CancellationTokenSource pendingRequestsCts, CancellationToken originalCancellationToken)
   at System.ServiceModel.Channels.HttpChannelFactory`1.HttpClientRequestChannel.HttpClientChannelAsyncRequest.SendRequestAsync(Message message, TimeoutHelper timeoutHelper)
No connection could be made because the target machine actively refused it.
   at System.Net.Sockets.Socket.AwaitableSocketAsyncEventArgs.ThrowException(SocketError error, CancellationToken cancellationToken)
   at System.Net.Sockets.Socket.AwaitableSocketAsyncEventArgs.System.Threading.Tasks.Sources.IValueTaskSource.GetResult(Int16 token)
   at System.Net.Sockets.Socket.<ConnectAsync>g__WaitForConnectWithCancellation|285_0(AwaitableSocketAsyncEventArgs saea, ValueTask connectTask, CancellationToken cancellationToken)
   at System.Net.Http.HttpConnectionPool.ConnectToTcpHostAsync(String host, Int32 port, HttpRequestMessage initialRequest, Boolean async, CancellationToken cancellationToken)
13/11/2025 04:09:22==>Cotizacion Invalida
   at Applet.Nat.Api.Br.Models.DocumentExp.GetCotizacion(String vivstrMoneda, DateTime vivdtm) in C:\Users\Jaco2701\Documents\Visual Studio Projects\Nat\Nat.api\Models\BR\DocumentExp.cs:line 175
   at Applet.Nat.Api.Controllers.MiscController.Statics() in C:\Users\Jaco2701\Documents\Visual Studio Projects\Nat\Nat.api\Controllers\MiscController.cs:line 45
13/11/2025 04:09:22==>Valor de Lista FORMAT:dtmwsmtxca no encontrado
   at Applet.Nat.Api.Static.ListHelper.GetValue(String vivcodType, String vivcodId, NatContext vioContext) in C:\Users\Jaco2701\Documents\Visual Studio Projects\Nat\Nat.api\Static\ListHelper.cs:line 26
   at Applet.Nat.Api.Models.Afip.AfipService.get_ivstrDateformat() in C:\Users\Jaco2701\Documents\Visual Studio Projects\Nat\Nat.api\Models\Afip\AfipService.cs:line 74
   at Applet.Nat.BR.DocumentMTXCA.GetCotizacion(String vivstrMoneda, DateTime vivdtm) in C:\Users\Jaco2701\Documents\Visual Studio Projects\Nat\Nat.api\Models\BR\DocumentMtxca.cs:line 540
13/11/2025 04:09:22==>Cotizacion Invalida
   at Applet.Nat.BR.DocumentMTXCA.GetCotizacion(String vivstrMoneda, DateTime vivdtm) in C:\Users\Jaco2701\Documents\Visual Studio Projects\Nat\Nat.api\Models\BR\DocumentMtxca.cs:line 566
   at Applet.Nat.Api.Controllers.MiscController.Statics() in C:\Users\Jaco2701\Documents\Visual Studio Projects\Nat\Nat.api\Controllers\MiscController.cs:line 65
13/11/2025 04:09:24==>No connection could be made because the target machine actively refused it. (wsfe-homo.arca.gob.ar:443)
   at System.Runtime.AsyncResult.End[TAsyncResult](IAsyncResult result)
   at System.ServiceModel.Channels.ServiceChannel.SendAsyncResult.End(SendAsyncResult result)
   at System.ServiceModel.Channels.ServiceChannel.EndCall(String action, Object[] outs, IAsyncResult result)
   at System.ServiceModel.Channels.ServiceChannelProxy.TaskCreator.<>c__DisplayClass1_0.<CreateGenericTask>b__0(IAsyncResult asyncResult)
--- End of stack trace from previous location ---
   at Applet.Nat.Api.Br.Models.DocumentExp.GetCotizacion(String vivstrMoneda, DateTime vivdtm) in C:\Users\Jaco2701\Documents\Visual Studio Projects\Nat\Nat.api\Models\BR\DocumentExp.cs:line 156
No connection could be made because the target machine actively refused it. (wsfe-homo.arca.gob.ar:443)
   at System.Net.Http.HttpConnectionPool.ConnectToTcpHostAsync(String host, Int32 port, HttpRequestMessage initialRequest, Boolean async, CancellationToken cancellationToken)
   at System.Net.Http.HttpConnectionPool.ConnectAsync(HttpRequestMessage request, Boolean async, CancellationToken cancellationToken)
   at System.Net.Http.HttpConnectionPool.CreateHttp11ConnectionAsync(HttpRequestMessage request, Boolean async, CancellationToken cancellationToken)
   at System.Net.Http.HttpConnectionPool.AddHttp11ConnectionAsync(QueueItem queueItem)
   at System.Threading.Tasks.TaskCompletionSourceWithCancellation`1.WaitWithCancellationAsync(CancellationToken cancellationToken)
   at System.Net.Http.HttpConnectionPool.SendWithVersionDetectionAndRetryAsync(HttpRequestMessage request, Boolean async, Boolean doRequestAuth, CancellationToken cancellationToken)
   at System.Net.Http.DiagnosticsHandler.SendAsyncCore(HttpRequestMessage request, Boolean async, CancellationToken cancellationToken)
   at System.Net.Http.RedirectHandler.SendAsync(HttpRequestMessage request, Boolean async, CancellationToken cancellationToken)
   at System.Net.Http.DecompressionHandler.SendAsync(HttpRequestMessage request, Boolean async, CancellationToken cancellationToken)
   at System.Net.Http.HttpClient.<SendAsync>g__Core|83_0(HttpRequestMessage request, HttpCompletionOption completionOption, CancellationTokenSource cts, Boolean disposeCts, CancellationTokenSource pendingRequestsCts, CancellationToken originalCancellationToken)
   at System.ServiceModel.Channels.HttpChannelFactory`1.HttpClientRequestChannel.HttpClientChannelAsyncRequest.SendRequestAsync(Message message, TimeoutHelper timeoutHelper)
No connection could be made because the target machine actively refused it.
   at System.Net.Sockets.Socket.AwaitableSocketAsyncEventArgs.ThrowException(SocketError error, CancellationToken cancellationToken)
   at System.Net.Sockets.Socket.AwaitableSocketAsyncEventArgs.System.Threading.Tasks.Sources.IValueTaskSource.GetResult(Int16 token)
   at System.Net.Sockets.Socket.<ConnectAsync>g__WaitForConnectWithCancellation|285_0(AwaitableSocketAsyncEventArgs saea, ValueTask connectTask, CancellationToken cancellationToken)
   at System.Net.Http.HttpConnectionPool.ConnectToTcpHostAsync(String host, Int32 port, HttpRequestMessage initialRequest, Boolean async, CancellationToken cancellationToken)
13/11/2025 04:09:24==>Cotizacion Invalida
   at Applet.Nat.Api.Br.Models.DocumentExp.GetCotizacion(String vivstrMoneda, DateTime vivdtm) in C:\Users\Jaco2701\Documents\Visual Studio Projects\Nat\Nat.api\Models\BR\DocumentExp.cs:line 175
   at Applet.Nat.Api.Controllers.MiscController.Statics() in C:\Users\Jaco2701\Documents\Visual Studio Projects\Nat\Nat.api\Controllers\MiscController.cs:line 45
13/11/2025 04:09:24==>Valor de Lista FORMAT:dtmwsmtxca no encontrado
   at Applet.Nat.Api.Static.ListHelper.GetValue(String vivcodType, String vivcodId, NatContext vioContext) in C:\Users\Jaco2701\Documents\Visual Studio Projects\Nat\Nat.api\Static\ListHelper.cs:line 26
   at Applet.Nat.Api.Models.Afip.AfipService.get_ivstrDateformat() in C:\Users\Jaco2701\Documents\Visual Studio Projects\Nat\Nat.api\Models\Afip\AfipService.cs:line 74
   at Applet.Nat.BR.DocumentMTXCA.GetCotizacion(String vivstrMoneda, DateTime vivdtm) in C:\Users\Jaco2701\Documents\Visual Studio Projects\Nat\Nat.api\Models\BR\DocumentMtxca.cs:line 540
13/11/2025 04:09:24==>Cotizacion Invalida
   at Applet.Nat.BR.DocumentMTXCA.GetCotizacion(String vivstrMoneda, DateTime vivdtm) in C:\Users\Jaco2701\Documents\Visual Studio Projects\Nat\Nat.api\Models\BR\DocumentMtxca.cs:line 566
   at Applet.Nat.Api.Controllers.MiscController.Statics() in C:\Users\Jaco2701\Documents\Visual Studio Projects\Nat\Nat.api\Controllers\MiscController.cs:line 65
13/11/2025 04:09:36==>No connection could be made because the target machine actively refused it. (wsfe-homo.arca.gob.ar:443)
   at System.Runtime.AsyncResult.End[TAsyncResult](IAsyncResult result)
   at System.ServiceModel.Channels.ServiceChannel.SendAsyncResult.End(SendAsyncResult result)
   at System.ServiceModel.Channels.ServiceChannel.EndCall(String action, Object[] outs, IAsyncResult result)
   at System.ServiceModel.Channels.ServiceChannelProxy.TaskCreator.<>c__DisplayClass1_0.<CreateGenericTask>b__0(IAsyncResult asyncResult)
--- End of stack trace from previous location ---
   at Applet.Nat.Api.Br.Models.DocumentExp.GetCotizacion(String vivstrMoneda, DateTime vivdtm) in C:\Users\Jaco2701\Documents\Visual Studio Projects\Nat\Nat.api\Models\BR\DocumentExp.cs:line 156
No connection could be made because the target machine actively refused it. (wsfe-homo.arca.gob.ar:443)
   at System.Net.Http.HttpConnectionPool.ConnectToTcpHostAsync(String host, Int32 port, HttpRequestMessage initialRequest, Boolean async, CancellationToken cancellationToken)
   at System.Net.Http.HttpConnectionPool.ConnectAsync(HttpRequestMessage request, Boolean async, CancellationToken cancellationToken)
   at System.Net.Http.HttpConnectionPool.CreateHttp11ConnectionAsync(HttpRequestMessage request, Boolean async, CancellationToken cancellationToken)
   at System.Net.Http.HttpConnectionPool.AddHttp11ConnectionAsync(QueueItem queueItem)
   at System.Threading.Tasks.TaskCompletionSourceWithCancellation`1.WaitWithCancellationAsync(CancellationToken cancellationToken)
   at System.Net.Http.HttpConnectionPool.SendWithVersionDetectionAndRetryAsync(HttpRequestMessage request, Boolean async, Boolean doRequestAuth, CancellationToken cancellationToken)
   at System.Net.Http.DiagnosticsHandler.SendAsyncCore(HttpRequestMessage request, Boolean async, CancellationToken cancellationToken)
   at System.Net.Http.RedirectHandler.SendAsync(HttpRequestMessage request, Boolean async, CancellationToken cancellationToken)
   at System.Net.Http.DecompressionHandler.SendAsync(HttpRequestMessage request, Boolean async, CancellationToken cancellationToken)
   at System.Net.Http.HttpClient.<SendAsync>g__Core|83_0(HttpRequestMessage request, HttpCompletionOption completionOption, CancellationTokenSource cts, Boolean disposeCts, CancellationTokenSource pendingRequestsCts, CancellationToken originalCancellationToken)
   at System.ServiceModel.Channels.HttpChannelFactory`1.HttpClientRequestChannel.HttpClientChannelAsyncRequest.SendRequestAsync(Message message, TimeoutHelper timeoutHelper)
No connection could be made because the target machine actively refused it.
   at System.Net.Sockets.Socket.AwaitableSocketAsyncEventArgs.ThrowException(SocketError error, CancellationToken cancellationToken)
   at System.Net.Sockets.Socket.AwaitableSocketAsyncEventArgs.System.Threading.Tasks.Sources.IValueTaskSource.GetResult(Int16 token)
   at System.Net.Sockets.Socket.<ConnectAsync>g__WaitForConnectWithCancellation|285_0(AwaitableSocketAsyncEventArgs saea, ValueTask connectTask, CancellationToken cancellationToken)
   at System.Net.Http.HttpConnectionPool.ConnectToTcpHostAsync(String host, Int32 port, HttpRequestMessage initialRequest, Boolean async, CancellationToken cancellationToken)
13/11/2025 04:09:36==>Cotizacion Invalida
   at Applet.Nat.Api.Br.Models.DocumentExp.GetCotizacion(String vivstrMoneda, DateTime vivdtm) in C:\Users\Jaco2701\Documents\Visual Studio Projects\Nat\Nat.api\Models\BR\DocumentExp.cs:line 175
   at Applet.Nat.Api.Controllers.MiscController.Statics() in C:\Users\Jaco2701\Documents\Visual Studio Projects\Nat\Nat.api\Controllers\MiscController.cs:line 45
13/11/2025 04:09:36==>Valor de Lista FORMAT:dtmwsmtxca no encontrado
   at Applet.Nat.Api.Static.ListHelper.GetValue(String vivcodType, String vivcodId, NatContext vioContext) in C:\Users\Jaco2701\Documents\Visual Studio Projects\Nat\Nat.api\Static\ListHelper.cs:line 26
   at Applet.Nat.Api.Models.Afip.AfipService.get_ivstrDateformat() in C:\Users\Jaco2701\Documents\Visual Studio Projects\Nat\Nat.api\Models\Afip\AfipService.cs:line 74
   at Applet.Nat.BR.DocumentMTXCA.GetCotizacion(String vivstrMoneda, DateTime vivdtm) in C:\Users\Jaco2701\Documents\Visual Studio Projects\Nat\Nat.api\Models\BR\DocumentMtxca.cs:line 540
13/11/2025 04:09:36==>Cotizacion Invalida
   at Applet.Nat.BR.DocumentMTXCA.GetCotizacion(String vivstrMoneda, DateTime vivdtm) in C:\Users\Jaco2701\Documents\Visual Studio Projects\Nat\Nat.api\Models\BR\DocumentMtxca.cs:line 566
   at Applet.Nat.Api.Controllers.MiscController.Statics() in C:\Users\Jaco2701\Documents\Visual Studio Projects\Nat\Nat.api\Controllers\MiscController.cs:line 65
13/11/2025 04:09:39==>No connection could be made because the target machine actively refused it. (wsfe-homo.arca.gob.ar:443)
   at System.Runtime.AsyncResult.End[TAsyncResult](IAsyncResult result)
   at System.ServiceModel.Channels.ServiceChannel.SendAsyncResult.End(SendAsyncResult result)
   at System.ServiceModel.Channels.ServiceChannel.EndCall(String action, Object[] outs, IAsyncResult result)
   at System.ServiceModel.Channels.ServiceChannelProxy.TaskCreator.<>c__DisplayClass1_0.<CreateGenericTask>b__0(IAsyncResult asyncResult)
--- End of stack trace from previous location ---
   at Applet.Nat.Api.Br.Models.DocumentExp.GetCotizacion(String vivstrMoneda, DateTime vivdtm) in C:\Users\Jaco2701\Documents\Visual Studio Projects\Nat\Nat.api\Models\BR\DocumentExp.cs:line 156
No connection could be made because the target machine actively refused it. (wsfe-homo.arca.gob.ar:443)
   at System.Net.Http.HttpConnectionPool.ConnectToTcpHostAsync(String host, Int32 port, HttpRequestMessage initialRequest, Boolean async, CancellationToken cancellationToken)
   at System.Net.Http.HttpConnectionPool.ConnectAsync(HttpRequestMessage request, Boolean async, CancellationToken cancellationToken)
   at System.Net.Http.HttpConnectionPool.CreateHttp11ConnectionAsync(HttpRequestMessage request, Boolean async, CancellationToken cancellationToken)
   at System.Net.Http.HttpConnectionPool.AddHttp11ConnectionAsync(QueueItem queueItem)
   at System.Threading.Tasks.TaskCompletionSourceWithCancellation`1.WaitWithCancellationAsync(CancellationToken cancellationToken)
   at System.Net.Http.HttpConnectionPool.SendWithVersionDetectionAndRetryAsync(HttpRequestMessage request, Boolean async, Boolean doRequestAuth, CancellationToken cancellationToken)
   at System.Net.Http.DiagnosticsHandler.SendAsyncCore(HttpRequestMessage request, Boolean async, CancellationToken cancellationToken)
   at System.Net.Http.RedirectHandler.SendAsync(HttpRequestMessage request, Boolean async, CancellationToken cancellationToken)
   at System.Net.Http.DecompressionHandler.SendAsync(HttpRequestMessage request, Boolean async, CancellationToken cancellationToken)
   at System.Net.Http.HttpClient.<SendAsync>g__Core|83_0(HttpRequestMessage request, HttpCompletionOption completionOption, CancellationTokenSource cts, Boolean disposeCts, CancellationTokenSource pendingRequestsCts, CancellationToken originalCancellationToken)
   at System.ServiceModel.Channels.HttpChannelFactory`1.HttpClientRequestChannel.HttpClientChannelAsyncRequest.SendRequestAsync(Message message, TimeoutHelper timeoutHelper)
No connection could be made because the target machine actively refused it.
   at System.Net.Sockets.Socket.AwaitableSocketAsyncEventArgs.ThrowException(SocketError error, CancellationToken cancellationToken)
   at System.Net.Sockets.Socket.AwaitableSocketAsyncEventArgs.System.Threading.Tasks.Sources.IValueTaskSource.GetResult(Int16 token)
   at System.Net.Sockets.Socket.<ConnectAsync>g__WaitForConnectWithCancellation|285_0(AwaitableSocketAsyncEventArgs saea, ValueTask connectTask, CancellationToken cancellationToken)
   at System.Net.Http.HttpConnectionPool.ConnectToTcpHostAsync(String host, Int32 port, HttpRequestMessage initialRequest, Boolean async, CancellationToken cancellationToken)
13/11/2025 04:09:39==>Cotizacion Invalida
   at Applet.Nat.Api.Br.Models.DocumentExp.GetCotizacion(String vivstrMoneda, DateTime vivdtm) in C:\Users\Jaco2701\Documents\Visual Studio Projects\Nat\Nat.api\Models\BR\DocumentExp.cs:line 175
   at Applet.Nat.Api.Controllers.MiscController.Statics() in C:\Users\Jaco2701\Documents\Visual Studio Projects\Nat\Nat.api\Controllers\MiscController.cs:line 45
13/11/2025 04:09:39==>Valor de Lista FORMAT:dtmwsmtxca no encontrado
   at Applet.Nat.Api.Static.ListHelper.GetValue(String vivcodType, String vivcodId, NatContext vioContext) in C:\Users\Jaco2701\Documents\Visual Studio Projects\Nat\Nat.api\Static\ListHelper.cs:line 26
   at Applet.Nat.Api.Models.Afip.AfipService.get_ivstrDateformat() in C:\Users\Jaco2701\Documents\Visual Studio Projects\Nat\Nat.api\Models\Afip\AfipService.cs:line 74
   at Applet.Nat.BR.DocumentMTXCA.GetCotizacion(String vivstrMoneda, DateTime vivdtm) in C:\Users\Jaco2701\Documents\Visual Studio Projects\Nat\Nat.api\Models\BR\DocumentMtxca.cs:line 540
13/11/2025 04:09:39==>Cotizacion Invalida
   at Applet.Nat.BR.DocumentMTXCA.GetCotizacion(String vivstrMoneda, DateTime vivdtm) in C:\Users\Jaco2701\Documents\Visual Studio Projects\Nat\Nat.api\Models\BR\DocumentMtxca.cs:line 566
   at Applet.Nat.Api.Controllers.MiscController.Statics() in C:\Users\Jaco2701\Documents\Visual Studio Projects\Nat\Nat.api\Controllers\MiscController.cs:line 65
13/11/2025 04:10:00==>No connection could be made because the target machine actively refused it. (wsfe-homo.arca.gob.ar:443)
   at System.Runtime.AsyncResult.End[TAsyncResult](IAsyncResult result)
   at System.ServiceModel.Channels.ServiceChannel.SendAsyncResult.End(SendAsyncResult result)
   at System.ServiceModel.Channels.ServiceChannel.EndCall(String action, Object[] outs, IAsyncResult result)
   at System.ServiceModel.Channels.ServiceChannelProxy.TaskCreator.<>c__DisplayClass1_0.<CreateGenericTask>b__0(IAsyncResult asyncResult)
--- End of stack trace from previous location ---
   at Applet.Nat.Api.Br.Models.DocumentExp.GetCotizacion(String vivstrMoneda, DateTime vivdtm) in C:\Users\Jaco2701\Documents\Visual Studio Projects\Nat\Nat.api\Models\BR\DocumentExp.cs:line 156
No connection could be made because the target machine actively refused it. (wsfe-homo.arca.gob.ar:443)
   at System.Net.Http.HttpConnectionPool.ConnectToTcpHostAsync(String host, Int32 port, HttpRequestMessage initialRequest, Boolean async, CancellationToken cancellationToken)
   at System.Net.Http.HttpConnectionPool.ConnectAsync(HttpRequestMessage request, Boolean async, CancellationToken cancellationToken)
   at System.Net.Http.HttpConnectionPool.CreateHttp11ConnectionAsync(HttpRequestMessage request, Boolean async, CancellationToken cancellationToken)
   at System.Net.Http.HttpConnectionPool.AddHttp11ConnectionAsync(QueueItem queueItem)
   at System.Threading.Tasks.TaskCompletionSourceWithCancellation`1.WaitWithCancellationAsync(CancellationToken cancellationToken)
   at System.Net.Http.HttpConnectionPool.SendWithVersionDetectionAndRetryAsync(HttpRequestMessage request, Boolean async, Boolean doRequestAuth, CancellationToken cancellationToken)
   at System.Net.Http.DiagnosticsHandler.SendAsyncCore(HttpRequestMessage request, Boolean async, CancellationToken cancellationToken)
   at System.Net.Http.RedirectHandler.SendAsync(HttpRequestMessage request, Boolean async, CancellationToken cancellationToken)
   at System.Net.Http.DecompressionHandler.SendAsync(HttpRequestMessage request, Boolean async, CancellationToken cancellationToken)
   at System.Net.Http.HttpClient.<SendAsync>g__Core|83_0(HttpRequestMessage request, HttpCompletionOption completionOption, CancellationTokenSource cts, Boolean disposeCts, CancellationTokenSource pendingRequestsCts, CancellationToken originalCancellationToken)
   at System.ServiceModel.Channels.HttpChannelFactory`1.HttpClientRequestChannel.HttpClientChannelAsyncRequest.SendRequestAsync(Message message, TimeoutHelper timeoutHelper)
No connection could be made because the target machine actively refused it.
   at System.Net.Sockets.Socket.AwaitableSocketAsyncEventArgs.ThrowException(SocketError error, CancellationToken cancellationToken)
   at System.Net.Sockets.Socket.AwaitableSocketAsyncEventArgs.System.Threading.Tasks.Sources.IValueTaskSource.GetResult(Int16 token)
   at System.Net.Sockets.Socket.<ConnectAsync>g__WaitForConnectWithCancellation|285_0(AwaitableSocketAsyncEventArgs saea, ValueTask connectTask, CancellationToken cancellationToken)
   at System.Net.Http.HttpConnectionPool.ConnectToTcpHostAsync(String host, Int32 port, HttpRequestMessage initialRequest, Boolean async, CancellationToken cancellationToken)
13/11/2025 04:10:00==>Cotizacion Invalida
   at Applet.Nat.Api.Br.Models.DocumentExp.GetCotizacion(String vivstrMoneda, DateTime vivdtm) in C:\Users\Jaco2701\Documents\Visual Studio Projects\Nat\Nat.api\Models\BR\DocumentExp.cs:line 175
   at Applet.Nat.Api.Controllers.MiscController.Statics() in C:\Users\Jaco2701\Documents\Visual Studio Projects\Nat\Nat.api\Controllers\MiscController.cs:line 45
13/11/2025 04:10:00==>Valor de Lista FORMAT:dtmwsmtxca no encontrado
   at Applet.Nat.Api.Static.ListHelper.GetValue(String vivcodType, String vivcodId, NatContext vioContext) in C:\Users\Jaco2701\Documents\Visual Studio Projects\Nat\Nat.api\Static\ListHelper.cs:line 26
   at Applet.Nat.Api.Models.Afip.AfipService.get_ivstrDateformat() in C:\Users\Jaco2701\Documents\Visual Studio Projects\Nat\Nat.api\Models\Afip\AfipService.cs:line 74
   at Applet.Nat.BR.DocumentMTXCA.GetCotizacion(String vivstrMoneda, DateTime vivdtm) in C:\Users\Jaco2701\Documents\Visual Studio Projects\Nat\Nat.api\Models\BR\DocumentMtxca.cs:line 540
13/11/2025 04:10:00==>Cotizacion Invalida
   at Applet.Nat.BR.DocumentMTXCA.GetCotizacion(String vivstrMoneda, DateTime vivdtm) in C:\Users\Jaco2701\Documents\Visual Studio Projects\Nat\Nat.api\Models\BR\DocumentMtxca.cs:line 566
   at Applet.Nat.Api.Controllers.MiscController.Statics() in C:\Users\Jaco2701\Documents\Visual Studio Projects\Nat\Nat.api\Controllers\MiscController.cs:line 65
13/11/2025 04:10:02==>No connection could be made because the target machine actively refused it. (wsfe-homo.arca.gob.ar:443)
   at System.Runtime.AsyncResult.End[TAsyncResult](IAsyncResult result)
   at System.ServiceModel.Channels.ServiceChannel.SendAsyncResult.End(SendAsyncResult result)
   at System.ServiceModel.Channels.ServiceChannel.EndCall(String action, Object[] outs, IAsyncResult result)
   at System.ServiceModel.Channels.ServiceChannelProxy.TaskCreator.<>c__DisplayClass1_0.<CreateGenericTask>b__0(IAsyncResult asyncResult)
--- End of stack trace from previous location ---
   at Applet.Nat.Api.Br.Models.DocumentExp.GetCotizacion(String vivstrMoneda, DateTime vivdtm) in C:\Users\Jaco2701\Documents\Visual Studio Projects\Nat\Nat.api\Models\BR\DocumentExp.cs:line 156
No connection could be made because the target machine actively refused it. (wsfe-homo.arca.gob.ar:443)
   at System.Net.Http.HttpConnectionPool.ConnectToTcpHostAsync(String host, Int32 port, HttpRequestMessage initialRequest, Boolean async, CancellationToken cancellationToken)
   at System.Net.Http.HttpConnectionPool.ConnectAsync(HttpRequestMessage request, Boolean async, CancellationToken cancellationToken)
   at System.Net.Http.HttpConnectionPool.CreateHttp11ConnectionAsync(HttpRequestMessage request, Boolean async, CancellationToken cancellationToken)
   at System.Net.Http.HttpConnectionPool.AddHttp11ConnectionAsync(QueueItem queueItem)
   at System.Threading.Tasks.TaskCompletionSourceWithCancellation`1.WaitWithCancellationAsync(CancellationToken cancellationToken)
   at System.Net.Http.HttpConnectionPool.SendWithVersionDetectionAndRetryAsync(HttpRequestMessage request, Boolean async, Boolean doRequestAuth, CancellationToken cancellationToken)
   at System.Net.Http.DiagnosticsHandler.SendAsyncCore(HttpRequestMessage request, Boolean async, CancellationToken cancellationToken)
   at System.Net.Http.RedirectHandler.SendAsync(HttpRequestMessage request, Boolean async, CancellationToken cancellationToken)
   at System.Net.Http.DecompressionHandler.SendAsync(HttpRequestMessage request, Boolean async, CancellationToken cancellationToken)
   at System.Net.Http.HttpClient.<SendAsync>g__Core|83_0(HttpRequestMessage request, HttpCompletionOption completionOption, CancellationTokenSource cts, Boolean disposeCts, CancellationTokenSource pendingRequestsCts, CancellationToken originalCancellationToken)
   at System.ServiceModel.Channels.HttpChannelFactory`1.HttpClientRequestChannel.HttpClientChannelAsyncRequest.SendRequestAsync(Message message, TimeoutHelper timeoutHelper)
No connection could be made because the target machine actively refused it.
   at System.Net.Sockets.Socket.AwaitableSocketAsyncEventArgs.ThrowException(SocketError error, CancellationToken cancellationToken)
   at System.Net.Sockets.Socket.AwaitableSocketAsyncEventArgs.System.Threading.Tasks.Sources.IValueTaskSource.GetResult(Int16 token)
   at System.Net.Sockets.Socket.<ConnectAsync>g__WaitForConnectWithCancellation|285_0(AwaitableSocketAsyncEventArgs saea, ValueTask connectTask, CancellationToken cancellationToken)
   at System.Net.Http.HttpConnectionPool.ConnectToTcpHostAsync(String host, Int32 port, HttpRequestMessage initialRequest, Boolean async, CancellationToken cancellationToken)
13/11/2025 04:10:02==>Cotizacion Invalida
   at Applet.Nat.Api.Br.Models.DocumentExp.GetCotizacion(String vivstrMoneda, DateTime vivdtm) in C:\Users\Jaco2701\Documents\Visual Studio Projects\Nat\Nat.api\Models\BR\DocumentExp.cs:line 175
   at Applet.Nat.Api.Controllers.MiscController.Statics() in C:\Users\Jaco2701\Documents\Visual Studio Projects\Nat\Nat.api\Controllers\MiscController.cs:line 45
13/11/2025 04:10:02==>Valor de Lista FORMAT:dtmwsmtxca no encontrado
   at Applet.Nat.Api.Static.ListHelper.GetValue(String vivcodType, String vivcodId, NatContext vioContext) in C:\Users\Jaco2701\Documents\Visual Studio Projects\Nat\Nat.api\Static\ListHelper.cs:line 26
   at Applet.Nat.Api.Models.Afip.AfipService.get_ivstrDateformat() in C:\Users\Jaco2701\Documents\Visual Studio Projects\Nat\Nat.api\Models\Afip\AfipService.cs:line 74
   at Applet.Nat.BR.DocumentMTXCA.GetCotizacion(String vivstrMoneda, DateTime vivdtm) in C:\Users\Jaco2701\Documents\Visual Studio Projects\Nat\Nat.api\Models\BR\DocumentMtxca.cs:line 540
13/11/2025 04:10:02==>Cotizacion Invalida
   at Applet.Nat.BR.DocumentMTXCA.GetCotizacion(String vivstrMoneda, DateTime vivdtm) in C:\Users\Jaco2701\Documents\Visual Studio Projects\Nat\Nat.api\Models\BR\DocumentMtxca.cs:line 566
   at Applet.Nat.Api.Controllers.MiscController.Statics() in C:\Users\Jaco2701\Documents\Visual Studio Projects\Nat\Nat.api\Controllers\MiscController.cs:line 65
13/11/2025 04:11:18==>No connection could be made because the target machine actively refused it. (wsfe-homo.arca.gob.ar:443)
   at System.Runtime.AsyncResult.End[TAsyncResult](IAsyncResult result)
   at System.ServiceModel.Channels.ServiceChannel.SendAsyncResult.End(SendAsyncResult result)
   at System.ServiceModel.Channels.ServiceChannel.EndCall(String action, Object[] outs, IAsyncResult result)
   at System.ServiceModel.Channels.ServiceChannelProxy.TaskCreator.<>c__DisplayClass1_0.<CreateGenericTask>b__0(IAsyncResult asyncResult)
--- End of stack trace from previous location ---
   at Applet.Nat.Api.Br.Models.DocumentExp.GetCotizacion(String vivstrMoneda, DateTime vivdtm) in C:\Users\Jaco2701\Documents\Visual Studio Projects\Nat\Nat.api\Models\BR\DocumentExp.cs:line 156
No connection could be made because the target machine actively refused it. (wsfe-homo.arca.gob.ar:443)
   at System.Net.Http.HttpConnectionPool.ConnectToTcpHostAsync(String host, Int32 port, HttpRequestMessage initialRequest, Boolean async, CancellationToken cancellationToken)
   at System.Net.Http.HttpConnectionPool.ConnectAsync(HttpRequestMessage request, Boolean async, CancellationToken cancellationToken)
   at System.Net.Http.HttpConnectionPool.CreateHttp11ConnectionAsync(HttpRequestMessage request, Boolean async, CancellationToken cancellationToken)
   at System.Net.Http.HttpConnectionPool.AddHttp11ConnectionAsync(QueueItem queueItem)
   at System.Threading.Tasks.TaskCompletionSourceWithCancellation`1.WaitWithCancellationAsync(CancellationToken cancellationToken)
   at System.Net.Http.HttpConnectionPool.SendWithVersionDetectionAndRetryAsync(HttpRequestMessage request, Boolean async, Boolean doRequestAuth, CancellationToken cancellationToken)
   at System.Net.Http.DiagnosticsHandler.SendAsyncCore(HttpRequestMessage request, Boolean async, CancellationToken cancellationToken)
   at System.Net.Http.RedirectHandler.SendAsync(HttpRequestMessage request, Boolean async, CancellationToken cancellationToken)
   at System.Net.Http.DecompressionHandler.SendAsync(HttpRequestMessage request, Boolean async, CancellationToken cancellationToken)
   at System.Net.Http.HttpClient.<SendAsync>g__Core|83_0(HttpRequestMessage request, HttpCompletionOption completionOption, CancellationTokenSource cts, Boolean disposeCts, CancellationTokenSource pendingRequestsCts, CancellationToken originalCancellationToken)
   at System.ServiceModel.Channels.HttpChannelFactory`1.HttpClientRequestChannel.HttpClientChannelAsyncRequest.SendRequestAsync(Message message, TimeoutHelper timeoutHelper)
No connection could be made because the target machine actively refused it.
   at System.Net.Sockets.Socket.AwaitableSocketAsyncEventArgs.ThrowException(SocketError error, CancellationToken cancellationToken)
   at System.Net.Sockets.Socket.AwaitableSocketAsyncEventArgs.System.Threading.Tasks.Sources.IValueTaskSource.GetResult(Int16 token)
   at System.Net.Sockets.Socket.<ConnectAsync>g__WaitForConnectWithCancellation|285_0(AwaitableSocketAsyncEventArgs saea, ValueTask connectTask, CancellationToken cancellationToken)
   at System.Net.Http.HttpConnectionPool.ConnectToTcpHostAsync(String host, Int32 port, HttpRequestMessage initialRequest, Boolean async, CancellationToken cancellationToken)
13/11/2025 04:11:18==>Cotizacion Invalida
   at Applet.Nat.Api.Br.Models.DocumentExp.GetCotizacion(String vivstrMoneda, DateTime vivdtm) in C:\Users\Jaco2701\Documents\Visual Studio Projects\Nat\Nat.api\Models\BR\DocumentExp.cs:line 175
   at Applet.Nat.Api.Controllers.MiscController.Statics() in C:\Users\Jaco2701\Documents\Visual Studio Projects\Nat\Nat.api\Controllers\MiscController.cs:line 45
13/11/2025 04:11:18==>Valor de Lista FORMAT:dtmwsmtxca no encontrado
   at Applet.Nat.Api.Static.ListHelper.GetValue(String vivcodType, String vivcodId, NatContext vioContext) in C:\Users\Jaco2701\Documents\Visual Studio Projects\Nat\Nat.api\Static\ListHelper.cs:line 26
   at Applet.Nat.Api.Models.Afip.AfipService.get_ivstrDateformat() in C:\Users\Jaco2701\Documents\Visual Studio Projects\Nat\Nat.api\Models\Afip\AfipService.cs:line 74
   at Applet.Nat.BR.DocumentMTXCA.GetCotizacion(String vivstrMoneda, DateTime vivdtm) in C:\Users\Jaco2701\Documents\Visual Studio Projects\Nat\Nat.api\Models\BR\DocumentMtxca.cs:line 540
13/11/2025 04:11:18==>Cotizacion Invalida
   at Applet.Nat.BR.DocumentMTXCA.GetCotizacion(String vivstrMoneda, DateTime vivdtm) in C:\Users\Jaco2701\Documents\Visual Studio Projects\Nat\Nat.api\Models\BR\DocumentMtxca.cs:line 566
   at Applet.Nat.Api.Controllers.MiscController.Statics() in C:\Users\Jaco2701\Documents\Visual Studio Projects\Nat\Nat.api\Controllers\MiscController.cs:line 65
13/11/2025 04:11:21==>No connection could be made because the target machine actively refused it. (wsfe-homo.arca.gob.ar:443)
   at System.Runtime.AsyncResult.End[TAsyncResult](IAsyncResult result)
   at System.ServiceModel.Channels.ServiceChannel.SendAsyncResult.End(SendAsyncResult result)
   at System.ServiceModel.Channels.ServiceChannel.EndCall(String action, Object[] outs, IAsyncResult result)
   at System.ServiceModel.Channels.ServiceChannelProxy.TaskCreator.<>c__DisplayClass1_0.<CreateGenericTask>b__0(IAsyncResult asyncResult)
--- End of stack trace from previous location ---
   at Applet.Nat.Api.Br.Models.DocumentExp.GetCotizacion(String vivstrMoneda, DateTime vivdtm) in C:\Users\Jaco2701\Documents\Visual Studio Projects\Nat\Nat.api\Models\BR\DocumentExp.cs:line 156
No connection could be made because the target machine actively refused it. (wsfe-homo.arca.gob.ar:443)
   at System.Net.Http.HttpConnectionPool.ConnectToTcpHostAsync(String host, Int32 port, HttpRequestMessage initialRequest, Boolean async, CancellationToken cancellationToken)
   at System.Net.Http.HttpConnectionPool.ConnectAsync(HttpRequestMessage request, Boolean async, CancellationToken cancellationToken)
   at System.Net.Http.HttpConnectionPool.CreateHttp11ConnectionAsync(HttpRequestMessage request, Boolean async, CancellationToken cancellationToken)
   at System.Net.Http.HttpConnectionPool.AddHttp11ConnectionAsync(QueueItem queueItem)
   at System.Threading.Tasks.TaskCompletionSourceWithCancellation`1.WaitWithCancellationAsync(CancellationToken cancellationToken)
   at System.Net.Http.HttpConnectionPool.SendWithVersionDetectionAndRetryAsync(HttpRequestMessage request, Boolean async, Boolean doRequestAuth, CancellationToken cancellationToken)
   at System.Net.Http.DiagnosticsHandler.SendAsyncCore(HttpRequestMessage request, Boolean async, CancellationToken cancellationToken)
   at System.Net.Http.RedirectHandler.SendAsync(HttpRequestMessage request, Boolean async, CancellationToken cancellationToken)
   at System.Net.Http.DecompressionHandler.SendAsync(HttpRequestMessage request, Boolean async, CancellationToken cancellationToken)
   at System.Net.Http.HttpClient.<SendAsync>g__Core|83_0(HttpRequestMessage request, HttpCompletionOption completionOption, CancellationTokenSource cts, Boolean disposeCts, CancellationTokenSource pendingRequestsCts, CancellationToken originalCancellationToken)
   at System.ServiceModel.Channels.HttpChannelFactory`1.HttpClientRequestChannel.HttpClientChannelAsyncRequest.SendRequestAsync(Message message, TimeoutHelper timeoutHelper)
No connection could be made because the target machine actively refused it.
   at System.Net.Sockets.Socket.AwaitableSocketAsyncEventArgs.ThrowException(SocketError error, CancellationToken cancellationToken)
   at System.Net.Sockets.Socket.AwaitableSocketAsyncEventArgs.System.Threading.Tasks.Sources.IValueTaskSource.GetResult(Int16 token)
   at System.Net.Sockets.Socket.<ConnectAsync>g__WaitForConnectWithCancellation|285_0(AwaitableSocketAsyncEventArgs saea, ValueTask connectTask, CancellationToken cancellationToken)
   at System.Net.Http.HttpConnectionPool.ConnectToTcpHostAsync(String host, Int32 port, HttpRequestMessage initialRequest, Boolean async, CancellationToken cancellationToken)
13/11/2025 04:11:21==>Cotizacion Invalida
   at Applet.Nat.Api.Br.Models.DocumentExp.GetCotizacion(String vivstrMoneda, DateTime vivdtm) in C:\Users\Jaco2701\Documents\Visual Studio Projects\Nat\Nat.api\Models\BR\DocumentExp.cs:line 175
   at Applet.Nat.Api.Controllers.MiscController.Statics() in C:\Users\Jaco2701\Documents\Visual Studio Projects\Nat\Nat.api\Controllers\MiscController.cs:line 45
13/11/2025 04:11:21==>Valor de Lista FORMAT:dtmwsmtxca no encontrado
   at Applet.Nat.Api.Static.ListHelper.GetValue(String vivcodType, String vivcodId, NatContext vioContext) in C:\Users\Jaco2701\Documents\Visual Studio Projects\Nat\Nat.api\Static\ListHelper.cs:line 26
   at Applet.Nat.Api.Models.Afip.AfipService.get_ivstrDateformat() in C:\Users\Jaco2701\Documents\Visual Studio Projects\Nat\Nat.api\Models\Afip\AfipService.cs:line 74
   at Applet.Nat.BR.DocumentMTXCA.GetCotizacion(String vivstrMoneda, DateTime vivdtm) in C:\Users\Jaco2701\Documents\Visual Studio Projects\Nat\Nat.api\Models\BR\DocumentMtxca.cs:line 540
13/11/2025 04:11:21==>Cotizacion Invalida
   at Applet.Nat.BR.DocumentMTXCA.GetCotizacion(String vivstrMoneda, DateTime vivdtm) in C:\Users\Jaco2701\Documents\Visual Studio Projects\Nat\Nat.api\Models\BR\DocumentMtxca.cs:line 566
   at Applet.Nat.Api.Controllers.MiscController.Statics() in C:\Users\Jaco2701\Documents\Visual Studio Projects\Nat\Nat.api\Controllers\MiscController.cs:line 65
13/11/2025 04:11:23==>No connection could be made because the target machine actively refused it. (wsfe-homo.arca.gob.ar:443)
   at System.Runtime.AsyncResult.End[TAsyncResult](IAsyncResult result)
   at System.ServiceModel.Channels.ServiceChannel.SendAsyncResult.End(SendAsyncResult result)
   at System.ServiceModel.Channels.ServiceChannel.EndCall(String action, Object[] outs, IAsyncResult result)
   at System.ServiceModel.Channels.ServiceChannelProxy.TaskCreator.<>c__DisplayClass1_0.<CreateGenericTask>b__0(IAsyncResult asyncResult)
--- End of stack trace from previous location ---
   at Applet.Nat.Api.Br.Models.DocumentExp.GetCotizacion(String vivstrMoneda, DateTime vivdtm) in C:\Users\Jaco2701\Documents\Visual Studio Projects\Nat\Nat.api\Models\BR\DocumentExp.cs:line 156
No connection could be made because the target machine actively refused it. (wsfe-homo.arca.gob.ar:443)
   at System.Net.Http.HttpConnectionPool.ConnectToTcpHostAsync(String host, Int32 port, HttpRequestMessage initialRequest, Boolean async, CancellationToken cancellationToken)
   at System.Net.Http.HttpConnectionPool.ConnectAsync(HttpRequestMessage request, Boolean async, CancellationToken cancellationToken)
   at System.Net.Http.HttpConnectionPool.CreateHttp11ConnectionAsync(HttpRequestMessage request, Boolean async, CancellationToken cancellationToken)
   at System.Net.Http.HttpConnectionPool.AddHttp11ConnectionAsync(QueueItem queueItem)
   at System.Threading.Tasks.TaskCompletionSourceWithCancellation`1.WaitWithCancellationAsync(CancellationToken cancellationToken)
   at System.Net.Http.HttpConnectionPool.SendWithVersionDetectionAndRetryAsync(HttpRequestMessage request, Boolean async, Boolean doRequestAuth, CancellationToken cancellationToken)
   at System.Net.Http.DiagnosticsHandler.SendAsyncCore(HttpRequestMessage request, Boolean async, CancellationToken cancellationToken)
   at System.Net.Http.RedirectHandler.SendAsync(HttpRequestMessage request, Boolean async, CancellationToken cancellationToken)
   at System.Net.Http.DecompressionHandler.SendAsync(HttpRequestMessage request, Boolean async, CancellationToken cancellationToken)
   at System.Net.Http.HttpClient.<SendAsync>g__Core|83_0(HttpRequestMessage request, HttpCompletionOption completionOption, CancellationTokenSource cts, Boolean disposeCts, CancellationTokenSource pendingRequestsCts, CancellationToken originalCancellationToken)
   at System.ServiceModel.Channels.HttpChannelFactory`1.HttpClientRequestChannel.HttpClientChannelAsyncRequest.SendRequestAsync(Message message, TimeoutHelper timeoutHelper)
No connection could be made because the target machine actively refused it.
   at System.Net.Sockets.Socket.AwaitableSocketAsyncEventArgs.ThrowException(SocketError error, CancellationToken cancellationToken)
   at System.Net.Sockets.Socket.AwaitableSocketAsyncEventArgs.System.Threading.Tasks.Sources.IValueTaskSource.GetResult(Int16 token)
   at System.Net.Sockets.Socket.<ConnectAsync>g__WaitForConnectWithCancellation|285_0(AwaitableSocketAsyncEventArgs saea, ValueTask connectTask, CancellationToken cancellationToken)
   at System.Net.Http.HttpConnectionPool.ConnectToTcpHostAsync(String host, Int32 port, HttpRequestMessage initialRequest, Boolean async, CancellationToken cancellationToken)
13/11/2025 04:11:23==>Cotizacion Invalida
   at Applet.Nat.Api.Br.Models.DocumentExp.GetCotizacion(String vivstrMoneda, DateTime vivdtm) in C:\Users\Jaco2701\Documents\Visual Studio Projects\Nat\Nat.api\Models\BR\DocumentExp.cs:line 175
   at Applet.Nat.Api.Controllers.MiscController.Statics() in C:\Users\Jaco2701\Documents\Visual Studio Projects\Nat\Nat.api\Controllers\MiscController.cs:line 45
13/11/2025 04:11:23==>Valor de Lista FORMAT:dtmwsmtxca no encontrado
   at Applet.Nat.Api.Static.ListHelper.GetValue(String vivcodType, String vivcodId, NatContext vioContext) in C:\Users\Jaco2701\Documents\Visual Studio Projects\Nat\Nat.api\Static\ListHelper.cs:line 26
   at Applet.Nat.Api.Models.Afip.AfipService.get_ivstrDateformat() in C:\Users\Jaco2701\Documents\Visual Studio Projects\Nat\Nat.api\Models\Afip\AfipService.cs:line 74
   at Applet.Nat.BR.DocumentMTXCA.GetCotizacion(String vivstrMoneda, DateTime vivdtm) in C:\Users\Jaco2701\Documents\Visual Studio Projects\Nat\Nat.api\Models\BR\DocumentMtxca.cs:line 540
13/11/2025 04:11:23==>Cotizacion Invalida
   at Applet.Nat.BR.DocumentMTXCA.GetCotizacion(String vivstrMoneda, DateTime vivdtm) in C:\Users\Jaco2701\Documents\Visual Studio Projects\Nat\Nat.api\Models\BR\DocumentMtxca.cs:line 566
   at Applet.Nat.Api.Controllers.MiscController.Statics() in C:\Users\Jaco2701\Documents\Visual Studio Projects\Nat\Nat.api\Controllers\MiscController.cs:line 65
13/11/2025 04:11:25==>No connection could be made because the target machine actively refused it. (wsfe-homo.arca.gob.ar:443)
   at System.Runtime.AsyncResult.End[TAsyncResult](IAsyncResult result)
   at System.ServiceModel.Channels.ServiceChannel.SendAsyncResult.End(SendAsyncResult result)
   at System.ServiceModel.Channels.ServiceChannel.EndCall(String action, Object[] outs, IAsyncResult result)
   at System.ServiceModel.Channels.ServiceChannelProxy.TaskCreator.<>c__DisplayClass1_0.<CreateGenericTask>b__0(IAsyncResult asyncResult)
--- End of stack trace from previous location ---
   at Applet.Nat.Api.Br.Models.DocumentExp.GetCotizacion(String vivstrMoneda, DateTime vivdtm) in C:\Users\Jaco2701\Documents\Visual Studio Projects\Nat\Nat.api\Models\BR\DocumentExp.cs:line 156
No connection could be made because the target machine actively refused it. (wsfe-homo.arca.gob.ar:443)
   at System.Net.Http.HttpConnectionPool.ConnectToTcpHostAsync(String host, Int32 port, HttpRequestMessage initialRequest, Boolean async, CancellationToken cancellationToken)
   at System.Net.Http.HttpConnectionPool.ConnectAsync(HttpRequestMessage request, Boolean async, CancellationToken cancellationToken)
   at System.Net.Http.HttpConnectionPool.CreateHttp11ConnectionAsync(HttpRequestMessage request, Boolean async, CancellationToken cancellationToken)
   at System.Net.Http.HttpConnectionPool.AddHttp11ConnectionAsync(QueueItem queueItem)
   at System.Threading.Tasks.TaskCompletionSourceWithCancellation`1.WaitWithCancellationAsync(CancellationToken cancellationToken)
   at System.Net.Http.HttpConnectionPool.SendWithVersionDetectionAndRetryAsync(HttpRequestMessage request, Boolean async, Boolean doRequestAuth, CancellationToken cancellationToken)
   at System.Net.Http.DiagnosticsHandler.SendAsyncCore(HttpRequestMessage request, Boolean async, CancellationToken cancellationToken)
   at System.Net.Http.RedirectHandler.SendAsync(HttpRequestMessage request, Boolean async, CancellationToken cancellationToken)
   at System.Net.Http.DecompressionHandler.SendAsync(HttpRequestMessage request, Boolean async, CancellationToken cancellationToken)
   at System.Net.Http.HttpClient.<SendAsync>g__Core|83_0(HttpRequestMessage request, HttpCompletionOption completionOption, CancellationTokenSource cts, Boolean disposeCts, CancellationTokenSource pendingRequestsCts, CancellationToken originalCancellationToken)
   at System.ServiceModel.Channels.HttpChannelFactory`1.HttpClientRequestChannel.HttpClientChannelAsyncRequest.SendRequestAsync(Message message, TimeoutHelper timeoutHelper)
No connection could be made because the target machine actively refused it.
   at System.Net.Sockets.Socket.AwaitableSocketAsyncEventArgs.ThrowException(SocketError error, CancellationToken cancellationToken)
   at System.Net.Sockets.Socket.AwaitableSocketAsyncEventArgs.System.Threading.Tasks.Sources.IValueTaskSource.GetResult(Int16 token)
   at System.Net.Sockets.Socket.<ConnectAsync>g__WaitForConnectWithCancellation|285_0(AwaitableSocketAsyncEventArgs saea, ValueTask connectTask, CancellationToken cancellationToken)
   at System.Net.Http.HttpConnectionPool.ConnectToTcpHostAsync(String host, Int32 port, HttpRequestMessage initialRequest, Boolean async, CancellationToken cancellationToken)
13/11/2025 04:11:25==>Cotizacion Invalida
   at Applet.Nat.Api.Br.Models.DocumentExp.GetCotizacion(String vivstrMoneda, DateTime vivdtm) in C:\Users\Jaco2701\Documents\Visual Studio Projects\Nat\Nat.api\Models\BR\DocumentExp.cs:line 175
   at Applet.Nat.Api.Controllers.MiscController.Statics() in C:\Users\Jaco2701\Documents\Visual Studio Projects\Nat\Nat.api\Controllers\MiscController.cs:line 45
13/11/2025 04:11:26==>Valor de Lista FORMAT:dtmwsmtxca no encontrado
   at Applet.Nat.Api.Static.ListHelper.GetValue(String vivcodType, String vivcodId, NatContext vioContext) in C:\Users\Jaco2701\Documents\Visual Studio Projects\Nat\Nat.api\Static\ListHelper.cs:line 26
   at Applet.Nat.Api.Models.Afip.AfipService.get_ivstrDateformat() in C:\Users\Jaco2701\Documents\Visual Studio Projects\Nat\Nat.api\Models\Afip\AfipService.cs:line 74
   at Applet.Nat.BR.DocumentMTXCA.GetCotizacion(String vivstrMoneda, DateTime vivdtm) in C:\Users\Jaco2701\Documents\Visual Studio Projects\Nat\Nat.api\Models\BR\DocumentMtxca.cs:line 540
13/11/2025 04:11:26==>Cotizacion Invalida
   at Applet.Nat.BR.DocumentMTXCA.GetCotizacion(String vivstrMoneda, DateTime vivdtm) in C:\Users\Jaco2701\Documents\Visual Studio Projects\Nat\Nat.api\Models\BR\DocumentMtxca.cs:line 566
   at Applet.Nat.Api.Controllers.MiscController.Statics() in C:\Users\Jaco2701\Documents\Visual Studio Projects\Nat\Nat.api\Controllers\MiscController.cs:line 65
13/11/2025 04:11:28==>No connection could be made because the target machine actively refused it. (wsfe-homo.arca.gob.ar:443)
   at System.Runtime.AsyncResult.End[TAsyncResult](IAsyncResult result)
   at System.ServiceModel.Channels.ServiceChannel.SendAsyncResult.End(SendAsyncResult result)
   at System.ServiceModel.Channels.ServiceChannel.EndCall(String action, Object[] outs, IAsyncResult result)
   at System.ServiceModel.Channels.ServiceChannelProxy.TaskCreator.<>c__DisplayClass1_0.<CreateGenericTask>b__0(IAsyncResult asyncResult)
--- End of stack trace from previous location ---
   at Applet.Nat.Api.Br.Models.DocumentExp.GetCotizacion(String vivstrMoneda, DateTime vivdtm) in C:\Users\Jaco2701\Documents\Visual Studio Projects\Nat\Nat.api\Models\BR\DocumentExp.cs:line 156
No connection could be made because the target machine actively refused it. (wsfe-homo.arca.gob.ar:443)
   at System.Net.Http.HttpConnectionPool.ConnectToTcpHostAsync(String host, Int32 port, HttpRequestMessage initialRequest, Boolean async, CancellationToken cancellationToken)
   at System.Net.Http.HttpConnectionPool.ConnectAsync(HttpRequestMessage request, Boolean async, CancellationToken cancellationToken)
   at System.Net.Http.HttpConnectionPool.CreateHttp11ConnectionAsync(HttpRequestMessage request, Boolean async, CancellationToken cancellationToken)
   at System.Net.Http.HttpConnectionPool.AddHttp11ConnectionAsync(QueueItem queueItem)
   at System.Threading.Tasks.TaskCompletionSourceWithCancellation`1.WaitWithCancellationAsync(CancellationToken cancellationToken)
   at System.Net.Http.HttpConnectionPool.SendWithVersionDetectionAndRetryAsync(HttpRequestMessage request, Boolean async, Boolean doRequestAuth, CancellationToken cancellationToken)
   at System.Net.Http.DiagnosticsHandler.SendAsyncCore(HttpRequestMessage request, Boolean async, CancellationToken cancellationToken)
   at System.Net.Http.RedirectHandler.SendAsync(HttpRequestMessage request, Boolean async, CancellationToken cancellationToken)
   at System.Net.Http.DecompressionHandler.SendAsync(HttpRequestMessage request, Boolean async, CancellationToken cancellationToken)
   at System.Net.Http.HttpClient.<SendAsync>g__Core|83_0(HttpRequestMessage request, HttpCompletionOption completionOption, CancellationTokenSource cts, Boolean disposeCts, CancellationTokenSource pendingRequestsCts, CancellationToken originalCancellationToken)
   at System.ServiceModel.Channels.HttpChannelFactory`1.HttpClientRequestChannel.HttpClientChannelAsyncRequest.SendRequestAsync(Message message, TimeoutHelper timeoutHelper)
No connection could be made because the target machine actively refused it.
   at System.Net.Sockets.Socket.AwaitableSocketAsyncEventArgs.ThrowException(SocketError error, CancellationToken cancellationToken)
   at System.Net.Sockets.Socket.AwaitableSocketAsyncEventArgs.System.Threading.Tasks.Sources.IValueTaskSource.GetResult(Int16 token)
   at System.Net.Sockets.Socket.<ConnectAsync>g__WaitForConnectWithCancellation|285_0(AwaitableSocketAsyncEventArgs saea, ValueTask connectTask, CancellationToken cancellationToken)
   at System.Net.Http.HttpConnectionPool.ConnectToTcpHostAsync(String host, Int32 port, HttpRequestMessage initialRequest, Boolean async, CancellationToken cancellationToken)
13/11/2025 04:11:28==>Cotizacion Invalida
   at Applet.Nat.Api.Br.Models.DocumentExp.GetCotizacion(String vivstrMoneda, DateTime vivdtm) in C:\Users\Jaco2701\Documents\Visual Studio Projects\Nat\Nat.api\Models\BR\DocumentExp.cs:line 175
   at Applet.Nat.Api.Controllers.MiscController.Statics() in C:\Users\Jaco2701\Documents\Visual Studio Projects\Nat\Nat.api\Controllers\MiscController.cs:line 45
13/11/2025 04:11:28==>Valor de Lista FORMAT:dtmwsmtxca no encontrado
   at Applet.Nat.Api.Static.ListHelper.GetValue(String vivcodType, String vivcodId, NatContext vioContext) in C:\Users\Jaco2701\Documents\Visual Studio Projects\Nat\Nat.api\Static\ListHelper.cs:line 26
   at Applet.Nat.Api.Models.Afip.AfipService.get_ivstrDateformat() in C:\Users\Jaco2701\Documents\Visual Studio Projects\Nat\Nat.api\Models\Afip\AfipService.cs:line 74
   at Applet.Nat.BR.DocumentMTXCA.GetCotizacion(String vivstrMoneda, DateTime vivdtm) in C:\Users\Jaco2701\Documents\Visual Studio Projects\Nat\Nat.api\Models\BR\DocumentMtxca.cs:line 540
13/11/2025 04:11:28==>Cotizacion Invalida
   at Applet.Nat.BR.DocumentMTXCA.GetCotizacion(String vivstrMoneda, DateTime vivdtm) in C:\Users\Jaco2701\Documents\Visual Studio Projects\Nat\Nat.api\Models\BR\DocumentMtxca.cs:line 566
   at Applet.Nat.Api.Controllers.MiscController.Statics() in C:\Users\Jaco2701\Documents\Visual Studio Projects\Nat\Nat.api\Controllers\MiscController.cs:line 65
13/11/2025 04:12:40==>No connection could be made because the target machine actively refused it. (wsfe-homo.arca.gob.ar:443)
   at System.Runtime.AsyncResult.End[TAsyncResult](IAsyncResult result)
   at System.ServiceModel.Channels.ServiceChannel.SendAsyncResult.End(SendAsyncResult result)
   at System.ServiceModel.Channels.ServiceChannel.EndCall(String action, Object[] outs, IAsyncResult result)
   at System.ServiceModel.Channels.ServiceChannelProxy.TaskCreator.<>c__DisplayClass1_0.<CreateGenericTask>b__0(IAsyncResult asyncResult)
--- End of stack trace from previous location ---
   at Applet.Nat.Api.Br.Models.DocumentExp.GetCotizacion(String vivstrMoneda, DateTime vivdtm) in C:\Users\Jaco2701\Documents\Visual Studio Projects\Nat\Nat.api\Models\BR\DocumentExp.cs:line 156
No connection could be made because the target machine actively refused it. (wsfe-homo.arca.gob.ar:443)
   at System.Net.Http.HttpConnectionPool.ConnectToTcpHostAsync(String host, Int32 port, HttpRequestMessage initialRequest, Boolean async, CancellationToken cancellationToken)
   at System.Net.Http.HttpConnectionPool.ConnectAsync(HttpRequestMessage request, Boolean async, CancellationToken cancellationToken)
   at System.Net.Http.HttpConnectionPool.CreateHttp11ConnectionAsync(HttpRequestMessage request, Boolean async, CancellationToken cancellationToken)
   at System.Net.Http.HttpConnectionPool.AddHttp11ConnectionAsync(QueueItem queueItem)
   at System.Threading.Tasks.TaskCompletionSourceWithCancellation`1.WaitWithCancellationAsync(CancellationToken cancellationToken)
   at System.Net.Http.HttpConnectionPool.SendWithVersionDetectionAndRetryAsync(HttpRequestMessage request, Boolean async, Boolean doRequestAuth, CancellationToken cancellationToken)
   at System.Net.Http.DiagnosticsHandler.SendAsyncCore(HttpRequestMessage request, Boolean async, CancellationToken cancellationToken)
   at System.Net.Http.RedirectHandler.SendAsync(HttpRequestMessage request, Boolean async, CancellationToken cancellationToken)
   at System.Net.Http.DecompressionHandler.SendAsync(HttpRequestMessage request, Boolean async, CancellationToken cancellationToken)
   at System.Net.Http.HttpClient.<SendAsync>g__Core|83_0(HttpRequestMessage request, HttpCompletionOption completionOption, CancellationTokenSource cts, Boolean disposeCts, CancellationTokenSource pendingRequestsCts, CancellationToken originalCancellationToken)
   at System.ServiceModel.Channels.HttpChannelFactory`1.HttpClientRequestChannel.HttpClientChannelAsyncRequest.SendRequestAsync(Message message, TimeoutHelper timeoutHelper)
No connection could be made because the target machine actively refused it.
   at System.Net.Sockets.Socket.AwaitableSocketAsyncEventArgs.ThrowException(SocketError error, CancellationToken cancellationToken)
   at System.Net.Sockets.Socket.AwaitableSocketAsyncEventArgs.System.Threading.Tasks.Sources.IValueTaskSource.GetResult(Int16 token)
   at System.Net.Sockets.Socket.<ConnectAsync>g__WaitForConnectWithCancellation|285_0(AwaitableSocketAsyncEventArgs saea, ValueTask connectTask, CancellationToken cancellationToken)
   at System.Net.Http.HttpConnectionPool.ConnectToTcpHostAsync(String host, Int32 port, HttpRequestMessage initialRequest, Boolean async, CancellationToken cancellationToken)
13/11/2025 04:12:40==>Cotizacion Invalida
   at Applet.Nat.Api.Br.Models.DocumentExp.GetCotizacion(String vivstrMoneda, DateTime vivdtm) in C:\Users\Jaco2701\Documents\Visual Studio Projects\Nat\Nat.api\Models\BR\DocumentExp.cs:line 175
   at Applet.Nat.Api.Controllers.MiscController.Statics() in C:\Users\Jaco2701\Documents\Visual Studio Projects\Nat\Nat.api\Controllers\MiscController.cs:line 45
13/11/2025 04:12:40==>Valor de Lista FORMAT:dtmwsmtxca no encontrado
   at Applet.Nat.Api.Static.ListHelper.GetValue(String vivcodType, String vivcodId, NatContext vioContext) in C:\Users\Jaco2701\Documents\Visual Studio Projects\Nat\Nat.api\Static\ListHelper.cs:line 26
   at Applet.Nat.Api.Models.Afip.AfipService.get_ivstrDateformat() in C:\Users\Jaco2701\Documents\Visual Studio Projects\Nat\Nat.api\Models\Afip\AfipService.cs:line 74
   at Applet.Nat.BR.DocumentMTXCA.GetCotizacion(String vivstrMoneda, DateTime vivdtm) in C:\Users\Jaco2701\Documents\Visual Studio Projects\Nat\Nat.api\Models\BR\DocumentMtxca.cs:line 540
13/11/2025 04:12:40==>Cotizacion Invalida
   at Applet.Nat.BR.DocumentMTXCA.GetCotizacion(String vivstrMoneda, DateTime vivdtm) in C:\Users\Jaco2701\Documents\Visual Studio Projects\Nat\Nat.api\Models\BR\DocumentMtxca.cs:line 566
   at Applet.Nat.Api.Controllers.MiscController.Statics() in C:\Users\Jaco2701\Documents\Visual Studio Projects\Nat\Nat.api\Controllers\MiscController.cs:line 65
13/11/2025 04:12:43==>No connection could be made because the target machine actively refused it. (wsfe-homo.arca.gob.ar:443)
   at System.Runtime.AsyncResult.End[TAsyncResult](IAsyncResult result)
   at System.ServiceModel.Channels.ServiceChannel.SendAsyncResult.End(SendAsyncResult result)
   at System.ServiceModel.Channels.ServiceChannel.EndCall(String action, Object[] outs, IAsyncResult result)
   at System.ServiceModel.Channels.ServiceChannelProxy.TaskCreator.<>c__DisplayClass1_0.<CreateGenericTask>b__0(IAsyncResult asyncResult)
--- End of stack trace from previous location ---
   at Applet.Nat.Api.Br.Models.DocumentExp.GetCotizacion(String vivstrMoneda, DateTime vivdtm) in C:\Users\Jaco2701\Documents\Visual Studio Projects\Nat\Nat.api\Models\BR\DocumentExp.cs:line 156
No connection could be made because the target machine actively refused it. (wsfe-homo.arca.gob.ar:443)
   at System.Net.Http.HttpConnectionPool.ConnectToTcpHostAsync(String host, Int32 port, HttpRequestMessage initialRequest, Boolean async, CancellationToken cancellationToken)
   at System.Net.Http.HttpConnectionPool.ConnectAsync(HttpRequestMessage request, Boolean async, CancellationToken cancellationToken)
   at System.Net.Http.HttpConnectionPool.CreateHttp11ConnectionAsync(HttpRequestMessage request, Boolean async, CancellationToken cancellationToken)
   at System.Net.Http.HttpConnectionPool.AddHttp11ConnectionAsync(QueueItem queueItem)
   at System.Threading.Tasks.TaskCompletionSourceWithCancellation`1.WaitWithCancellationAsync(CancellationToken cancellationToken)
   at System.Net.Http.HttpConnectionPool.SendWithVersionDetectionAndRetryAsync(HttpRequestMessage request, Boolean async, Boolean doRequestAuth, CancellationToken cancellationToken)
   at System.Net.Http.DiagnosticsHandler.SendAsyncCore(HttpRequestMessage request, Boolean async, CancellationToken cancellationToken)
   at System.Net.Http.RedirectHandler.SendAsync(HttpRequestMessage request, Boolean async, CancellationToken cancellationToken)
   at System.Net.Http.DecompressionHandler.SendAsync(HttpRequestMessage request, Boolean async, CancellationToken cancellationToken)
   at System.Net.Http.HttpClient.<SendAsync>g__Core|83_0(HttpRequestMessage request, HttpCompletionOption completionOption, CancellationTokenSource cts, Boolean disposeCts, CancellationTokenSource pendingRequestsCts, CancellationToken originalCancellationToken)
   at System.ServiceModel.Channels.HttpChannelFactory`1.HttpClientRequestChannel.HttpClientChannelAsyncRequest.SendRequestAsync(Message message, TimeoutHelper timeoutHelper)
No connection could be made because the target machine actively refused it.
   at System.Net.Sockets.Socket.AwaitableSocketAsyncEventArgs.ThrowException(SocketError error, CancellationToken cancellationToken)
   at System.Net.Sockets.Socket.AwaitableSocketAsyncEventArgs.System.Threading.Tasks.Sources.IValueTaskSource.GetResult(Int16 token)
   at System.Net.Sockets.Socket.<ConnectAsync>g__WaitForConnectWithCancellation|285_0(AwaitableSocketAsyncEventArgs saea, ValueTask connectTask, CancellationToken cancellationToken)
   at System.Net.Http.HttpConnectionPool.ConnectToTcpHostAsync(String host, Int32 port, HttpRequestMessage initialRequest, Boolean async, CancellationToken cancellationToken)
13/11/2025 04:12:43==>Cotizacion Invalida
   at Applet.Nat.Api.Br.Models.DocumentExp.GetCotizacion(String vivstrMoneda, DateTime vivdtm) in C:\Users\Jaco2701\Documents\Visual Studio Projects\Nat\Nat.api\Models\BR\DocumentExp.cs:line 175
   at Applet.Nat.Api.Controllers.MiscController.Statics() in C:\Users\Jaco2701\Documents\Visual Studio Projects\Nat\Nat.api\Controllers\MiscController.cs:line 45
13/11/2025 04:12:43==>Valor de Lista FORMAT:dtmwsmtxca no encontrado
   at Applet.Nat.Api.Static.ListHelper.GetValue(String vivcodType, String vivcodId, NatContext vioContext) in C:\Users\Jaco2701\Documents\Visual Studio Projects\Nat\Nat.api\Static\ListHelper.cs:line 26
   at Applet.Nat.Api.Models.Afip.AfipService.get_ivstrDateformat() in C:\Users\Jaco2701\Documents\Visual Studio Projects\Nat\Nat.api\Models\Afip\AfipService.cs:line 74
   at Applet.Nat.BR.DocumentMTXCA.GetCotizacion(String vivstrMoneda, DateTime vivdtm) in C:\Users\Jaco2701\Documents\Visual Studio Projects\Nat\Nat.api\Models\BR\DocumentMtxca.cs:line 540
13/11/2025 04:12:43==>Cotizacion Invalida
   at Applet.Nat.BR.DocumentMTXCA.GetCotizacion(String vivstrMoneda, DateTime vivdtm) in C:\Users\Jaco2701\Documents\Visual Studio Projects\Nat\Nat.api\Models\BR\DocumentMtxca.cs:line 566
   at Applet.Nat.Api.Controllers.MiscController.Statics() in C:\Users\Jaco2701\Documents\Visual Studio Projects\Nat\Nat.api\Controllers\MiscController.cs:line 65
13/11/2025 04:13:36==>No connection could be made because the target machine actively refused it. (wsfe-homo.arca.gob.ar:443)
   at System.Runtime.AsyncResult.End[TAsyncResult](IAsyncResult result)
   at System.ServiceModel.Channels.ServiceChannel.SendAsyncResult.End(SendAsyncResult result)
   at System.ServiceModel.Channels.ServiceChannel.EndCall(String action, Object[] outs, IAsyncResult result)
   at System.ServiceModel.Channels.ServiceChannelProxy.TaskCreator.<>c__DisplayClass1_0.<CreateGenericTask>b__0(IAsyncResult asyncResult)
--- End of stack trace from previous location ---
   at Applet.Nat.Api.Br.Models.DocumentExp.GetCotizacion(String vivstrMoneda, DateTime vivdtm) in C:\Users\Jaco2701\Documents\Visual Studio Projects\Nat\Nat.api\Models\BR\DocumentExp.cs:line 156
No connection could be made because the target machine actively refused it. (wsfe-homo.arca.gob.ar:443)
   at System.Net.Http.HttpConnectionPool.ConnectToTcpHostAsync(String host, Int32 port, HttpRequestMessage initialRequest, Boolean async, CancellationToken cancellationToken)
   at System.Net.Http.HttpConnectionPool.ConnectAsync(HttpRequestMessage request, Boolean async, CancellationToken cancellationToken)
   at System.Net.Http.HttpConnectionPool.CreateHttp11ConnectionAsync(HttpRequestMessage request, Boolean async, CancellationToken cancellationToken)
   at System.Net.Http.HttpConnectionPool.AddHttp11ConnectionAsync(QueueItem queueItem)
   at System.Threading.Tasks.TaskCompletionSourceWithCancellation`1.WaitWithCancellationAsync(CancellationToken cancellationToken)
   at System.Net.Http.HttpConnectionPool.SendWithVersionDetectionAndRetryAsync(HttpRequestMessage request, Boolean async, Boolean doRequestAuth, CancellationToken cancellationToken)
   at System.Net.Http.DiagnosticsHandler.SendAsyncCore(HttpRequestMessage request, Boolean async, CancellationToken cancellationToken)
   at System.Net.Http.RedirectHandler.SendAsync(HttpRequestMessage request, Boolean async, CancellationToken cancellationToken)
   at System.Net.Http.DecompressionHandler.SendAsync(HttpRequestMessage request, Boolean async, CancellationToken cancellationToken)
   at System.Net.Http.HttpClient.<SendAsync>g__Core|83_0(HttpRequestMessage request, HttpCompletionOption completionOption, CancellationTokenSource cts, Boolean disposeCts, CancellationTokenSource pendingRequestsCts, CancellationToken originalCancellationToken)
   at System.ServiceModel.Channels.HttpChannelFactory`1.HttpClientRequestChannel.HttpClientChannelAsyncRequest.SendRequestAsync(Message message, TimeoutHelper timeoutHelper)
No connection could be made because the target machine actively refused it.
   at System.Net.Sockets.Socket.AwaitableSocketAsyncEventArgs.ThrowException(SocketError error, CancellationToken cancellationToken)
   at System.Net.Sockets.Socket.AwaitableSocketAsyncEventArgs.System.Threading.Tasks.Sources.IValueTaskSource.GetResult(Int16 token)
   at System.Net.Sockets.Socket.<ConnectAsync>g__WaitForConnectWithCancellation|285_0(AwaitableSocketAsyncEventArgs saea, ValueTask connectTask, CancellationToken cancellationToken)
   at System.Net.Http.HttpConnectionPool.ConnectToTcpHostAsync(String host, Int32 port, HttpRequestMessage initialRequest, Boolean async, CancellationToken cancellationToken)
13/11/2025 04:13:36==>Cotizacion Invalida
   at Applet.Nat.Api.Br.Models.DocumentExp.GetCotizacion(String vivstrMoneda, DateTime vivdtm) in C:\Users\Jaco2701\Documents\Visual Studio Projects\Nat\Nat.api\Models\BR\DocumentExp.cs:line 175
   at Applet.Nat.Api.Controllers.MiscController.Statics() in C:\Users\Jaco2701\Documents\Visual Studio Projects\Nat\Nat.api\Controllers\MiscController.cs:line 45
13/11/2025 04:13:36==>Valor de Lista FORMAT:dtmwsmtxca no encontrado
   at Applet.Nat.Api.Static.ListHelper.GetValue(String vivcodType, String vivcodId, NatContext vioContext) in C:\Users\Jaco2701\Documents\Visual Studio Projects\Nat\Nat.api\Static\ListHelper.cs:line 26
   at Applet.Nat.Api.Models.Afip.AfipService.get_ivstrDateformat() in C:\Users\Jaco2701\Documents\Visual Studio Projects\Nat\Nat.api\Models\Afip\AfipService.cs:line 74
   at Applet.Nat.BR.DocumentMTXCA.GetCotizacion(String vivstrMoneda, DateTime vivdtm) in C:\Users\Jaco2701\Documents\Visual Studio Projects\Nat\Nat.api\Models\BR\DocumentMtxca.cs:line 540
13/11/2025 04:13:36==>Cotizacion Invalida
   at Applet.Nat.BR.DocumentMTXCA.GetCotizacion(String vivstrMoneda, DateTime vivdtm) in C:\Users\Jaco2701\Documents\Visual Studio Projects\Nat\Nat.api\Models\BR\DocumentMtxca.cs:line 566
   at Applet.Nat.Api.Controllers.MiscController.Statics() in C:\Users\Jaco2701\Documents\Visual Studio Projects\Nat\Nat.api\Controllers\MiscController.cs:line 65
13/11/2025 04:13:38==>No connection could be made because the target machine actively refused it. (wsfe-homo.arca.gob.ar:443)
   at System.Runtime.AsyncResult.End[TAsyncResult](IAsyncResult result)
   at System.ServiceModel.Channels.ServiceChannel.SendAsyncResult.End(SendAsyncResult result)
   at System.ServiceModel.Channels.ServiceChannel.EndCall(String action, Object[] outs, IAsyncResult result)
   at System.ServiceModel.Channels.ServiceChannelProxy.TaskCreator.<>c__DisplayClass1_0.<CreateGenericTask>b__0(IAsyncResult asyncResult)
--- End of stack trace from previous location ---
   at Applet.Nat.Api.Br.Models.DocumentExp.GetCotizacion(String vivstrMoneda, DateTime vivdtm) in C:\Users\Jaco2701\Documents\Visual Studio Projects\Nat\Nat.api\Models\BR\DocumentExp.cs:line 156
No connection could be made because the target machine actively refused it. (wsfe-homo.arca.gob.ar:443)
   at System.Net.Http.HttpConnectionPool.ConnectToTcpHostAsync(String host, Int32 port, HttpRequestMessage initialRequest, Boolean async, CancellationToken cancellationToken)
   at System.Net.Http.HttpConnectionPool.ConnectAsync(HttpRequestMessage request, Boolean async, CancellationToken cancellationToken)
   at System.Net.Http.HttpConnectionPool.CreateHttp11ConnectionAsync(HttpRequestMessage request, Boolean async, CancellationToken cancellationToken)
   at System.Net.Http.HttpConnectionPool.AddHttp11ConnectionAsync(QueueItem queueItem)
   at System.Threading.Tasks.TaskCompletionSourceWithCancellation`1.WaitWithCancellationAsync(CancellationToken cancellationToken)
   at System.Net.Http.HttpConnectionPool.SendWithVersionDetectionAndRetryAsync(HttpRequestMessage request, Boolean async, Boolean doRequestAuth, CancellationToken cancellationToken)
   at System.Net.Http.DiagnosticsHandler.SendAsyncCore(HttpRequestMessage request, Boolean async, CancellationToken cancellationToken)
   at System.Net.Http.RedirectHandler.SendAsync(HttpRequestMessage request, Boolean async, CancellationToken cancellationToken)
   at System.Net.Http.DecompressionHandler.SendAsync(HttpRequestMessage request, Boolean async, CancellationToken cancellationToken)
   at System.Net.Http.HttpClient.<SendAsync>g__Core|83_0(HttpRequestMessage request, HttpCompletionOption completionOption, CancellationTokenSource cts, Boolean disposeCts, CancellationTokenSource pendingRequestsCts, CancellationToken originalCancellationToken)
   at System.ServiceModel.Channels.HttpChannelFactory`1.HttpClientRequestChannel.HttpClientChannelAsyncRequest.SendRequestAsync(Message message, TimeoutHelper timeoutHelper)
No connection could be made because the target machine actively refused it.
   at System.Net.Sockets.Socket.AwaitableSocketAsyncEventArgs.ThrowException(SocketError error, CancellationToken cancellationToken)
   at System.Net.Sockets.Socket.AwaitableSocketAsyncEventArgs.System.Threading.Tasks.Sources.IValueTaskSource.GetResult(Int16 token)
   at System.Net.Sockets.Socket.<ConnectAsync>g__WaitForConnectWithCancellation|285_0(AwaitableSocketAsyncEventArgs saea, ValueTask connectTask, CancellationToken cancellationToken)
   at System.Net.Http.HttpConnectionPool.ConnectToTcpHostAsync(String host, Int32 port, HttpRequestMessage initialRequest, Boolean async, CancellationToken cancellationToken)
13/11/2025 04:13:38==>Cotizacion Invalida
   at Applet.Nat.Api.Br.Models.DocumentExp.GetCotizacion(String vivstrMoneda, DateTime vivdtm) in C:\Users\Jaco2701\Documents\Visual Studio Projects\Nat\Nat.api\Models\BR\DocumentExp.cs:line 175
   at Applet.Nat.Api.Controllers.MiscController.Statics() in C:\Users\Jaco2701\Documents\Visual Studio Projects\Nat\Nat.api\Controllers\MiscController.cs:line 45
13/11/2025 04:13:38==>Valor de Lista FORMAT:dtmwsmtxca no encontrado
   at Applet.Nat.Api.Static.ListHelper.GetValue(String vivcodType, String vivcodId, NatContext vioContext) in C:\Users\Jaco2701\Documents\Visual Studio Projects\Nat\Nat.api\Static\ListHelper.cs:line 26
   at Applet.Nat.Api.Models.Afip.AfipService.get_ivstrDateformat() in C:\Users\Jaco2701\Documents\Visual Studio Projects\Nat\Nat.api\Models\Afip\AfipService.cs:line 74
   at Applet.Nat.BR.DocumentMTXCA.GetCotizacion(String vivstrMoneda, DateTime vivdtm) in C:\Users\Jaco2701\Documents\Visual Studio Projects\Nat\Nat.api\Models\BR\DocumentMtxca.cs:line 540
13/11/2025 04:13:38==>Cotizacion Invalida
   at Applet.Nat.BR.DocumentMTXCA.GetCotizacion(String vivstrMoneda, DateTime vivdtm) in C:\Users\Jaco2701\Documents\Visual Studio Projects\Nat\Nat.api\Models\BR\DocumentMtxca.cs:line 566
   at Applet.Nat.Api.Controllers.MiscController.Statics() in C:\Users\Jaco2701\Documents\Visual Studio Projects\Nat\Nat.api\Controllers\MiscController.cs:line 65
13/11/2025 04:13:41==>No connection could be made because the target machine actively refused it. (wsfe-homo.arca.gob.ar:443)
   at System.Runtime.AsyncResult.End[TAsyncResult](IAsyncResult result)
   at System.ServiceModel.Channels.ServiceChannel.SendAsyncResult.End(SendAsyncResult result)
   at System.ServiceModel.Channels.ServiceChannel.EndCall(String action, Object[] outs, IAsyncResult result)
   at System.ServiceModel.Channels.ServiceChannelProxy.TaskCreator.<>c__DisplayClass1_0.<CreateGenericTask>b__0(IAsyncResult asyncResult)
--- End of stack trace from previous location ---
   at Applet.Nat.Api.Br.Models.DocumentExp.GetCotizacion(String vivstrMoneda, DateTime vivdtm) in C:\Users\Jaco2701\Documents\Visual Studio Projects\Nat\Nat.api\Models\BR\DocumentExp.cs:line 156
No connection could be made because the target machine actively refused it. (wsfe-homo.arca.gob.ar:443)
   at System.Net.Http.HttpConnectionPool.ConnectToTcpHostAsync(String host, Int32 port, HttpRequestMessage initialRequest, Boolean async, CancellationToken cancellationToken)
   at System.Net.Http.HttpConnectionPool.ConnectAsync(HttpRequestMessage request, Boolean async, CancellationToken cancellationToken)
   at System.Net.Http.HttpConnectionPool.CreateHttp11ConnectionAsync(HttpRequestMessage request, Boolean async, CancellationToken cancellationToken)
   at System.Net.Http.HttpConnectionPool.AddHttp11ConnectionAsync(QueueItem queueItem)
   at System.Threading.Tasks.TaskCompletionSourceWithCancellation`1.WaitWithCancellationAsync(CancellationToken cancellationToken)
   at System.Net.Http.HttpConnectionPool.SendWithVersionDetectionAndRetryAsync(HttpRequestMessage request, Boolean async, Boolean doRequestAuth, CancellationToken cancellationToken)
   at System.Net.Http.DiagnosticsHandler.SendAsyncCore(HttpRequestMessage request, Boolean async, CancellationToken cancellationToken)
   at System.Net.Http.RedirectHandler.SendAsync(HttpRequestMessage request, Boolean async, CancellationToken cancellationToken)
   at System.Net.Http.DecompressionHandler.SendAsync(HttpRequestMessage request, Boolean async, CancellationToken cancellationToken)
   at System.Net.Http.HttpClient.<SendAsync>g__Core|83_0(HttpRequestMessage request, HttpCompletionOption completionOption, CancellationTokenSource cts, Boolean disposeCts, CancellationTokenSource pendingRequestsCts, CancellationToken originalCancellationToken)
   at System.ServiceModel.Channels.HttpChannelFactory`1.HttpClientRequestChannel.HttpClientChannelAsyncRequest.SendRequestAsync(Message message, TimeoutHelper timeoutHelper)
No connection could be made because the target machine actively refused it.
   at System.Net.Sockets.Socket.AwaitableSocketAsyncEventArgs.ThrowException(SocketError error, CancellationToken cancellationToken)
   at System.Net.Sockets.Socket.AwaitableSocketAsyncEventArgs.System.Threading.Tasks.Sources.IValueTaskSource.GetResult(Int16 token)
   at System.Net.Sockets.Socket.<ConnectAsync>g__WaitForConnectWithCancellation|285_0(AwaitableSocketAsyncEventArgs saea, ValueTask connectTask, CancellationToken cancellationToken)
   at System.Net.Http.HttpConnectionPool.ConnectToTcpHostAsync(String host, Int32 port, HttpRequestMessage initialRequest, Boolean async, CancellationToken cancellationToken)
13/11/2025 04:13:41==>Cotizacion Invalida
   at Applet.Nat.Api.Br.Models.DocumentExp.GetCotizacion(String vivstrMoneda, DateTime vivdtm) in C:\Users\Jaco2701\Documents\Visual Studio Projects\Nat\Nat.api\Models\BR\DocumentExp.cs:line 175
   at Applet.Nat.Api.Controllers.MiscController.Statics() in C:\Users\Jaco2701\Documents\Visual Studio Projects\Nat\Nat.api\Controllers\MiscController.cs:line 45
13/11/2025 04:13:41==>Valor de Lista FORMAT:dtmwsmtxca no encontrado
   at Applet.Nat.Api.Static.ListHelper.GetValue(String vivcodType, String vivcodId, NatContext vioContext) in C:\Users\Jaco2701\Documents\Visual Studio Projects\Nat\Nat.api\Static\ListHelper.cs:line 26
   at Applet.Nat.Api.Models.Afip.AfipService.get_ivstrDateformat() in C:\Users\Jaco2701\Documents\Visual Studio Projects\Nat\Nat.api\Models\Afip\AfipService.cs:line 74
   at Applet.Nat.BR.DocumentMTXCA.GetCotizacion(String vivstrMoneda, DateTime vivdtm) in C:\Users\Jaco2701\Documents\Visual Studio Projects\Nat\Nat.api\Models\BR\DocumentMtxca.cs:line 540
13/11/2025 04:13:41==>Cotizacion Invalida
   at Applet.Nat.BR.DocumentMTXCA.GetCotizacion(String vivstrMoneda, DateTime vivdtm) in C:\Users\Jaco2701\Documents\Visual Studio Projects\Nat\Nat.api\Models\BR\DocumentMtxca.cs:line 566
   at Applet.Nat.Api.Controllers.MiscController.Statics() in C:\Users\Jaco2701\Documents\Visual Studio Projects\Nat\Nat.api\Controllers\MiscController.cs:line 65
13/11/2025 04:14:54==>No connection could be made because the target machine actively refused it. (wsfe-homo.arca.gob.ar:443)
   at System.Runtime.AsyncResult.End[TAsyncResult](IAsyncResult result)
   at System.ServiceModel.Channels.ServiceChannel.SendAsyncResult.End(SendAsyncResult result)
   at System.ServiceModel.Channels.ServiceChannel.EndCall(String action, Object[] outs, IAsyncResult result)
   at System.ServiceModel.Channels.ServiceChannelProxy.TaskCreator.<>c__DisplayClass1_0.<CreateGenericTask>b__0(IAsyncResult asyncResult)
--- End of stack trace from previous location ---
   at Applet.Nat.Api.Br.Models.DocumentExp.GetCotizacion(String vivstrMoneda, DateTime vivdtm) in C:\Users\Jaco2701\Documents\Visual Studio Projects\Nat\Nat.api\Models\BR\DocumentExp.cs:line 156
No connection could be made because the target machine actively refused it. (wsfe-homo.arca.gob.ar:443)
   at System.Net.Http.HttpConnectionPool.ConnectToTcpHostAsync(String host, Int32 port, HttpRequestMessage initialRequest, Boolean async, CancellationToken cancellationToken)
   at System.Net.Http.HttpConnectionPool.ConnectAsync(HttpRequestMessage request, Boolean async, CancellationToken cancellationToken)
   at System.Net.Http.HttpConnectionPool.CreateHttp11ConnectionAsync(HttpRequestMessage request, Boolean async, CancellationToken cancellationToken)
   at System.Net.Http.HttpConnectionPool.AddHttp11ConnectionAsync(QueueItem queueItem)
   at System.Threading.Tasks.TaskCompletionSourceWithCancellation`1.WaitWithCancellationAsync(CancellationToken cancellationToken)
   at System.Net.Http.HttpConnectionPool.SendWithVersionDetectionAndRetryAsync(HttpRequestMessage request, Boolean async, Boolean doRequestAuth, CancellationToken cancellationToken)
   at System.Net.Http.DiagnosticsHandler.SendAsyncCore(HttpRequestMessage request, Boolean async, CancellationToken cancellationToken)
   at System.Net.Http.RedirectHandler.SendAsync(HttpRequestMessage request, Boolean async, CancellationToken cancellationToken)
   at System.Net.Http.DecompressionHandler.SendAsync(HttpRequestMessage request, Boolean async, CancellationToken cancellationToken)
   at System.Net.Http.HttpClient.<SendAsync>g__Core|83_0(HttpRequestMessage request, HttpCompletionOption completionOption, CancellationTokenSource cts, Boolean disposeCts, CancellationTokenSource pendingRequestsCts, CancellationToken originalCancellationToken)
   at System.ServiceModel.Channels.HttpChannelFactory`1.HttpClientRequestChannel.HttpClientChannelAsyncRequest.SendRequestAsync(Message message, TimeoutHelper timeoutHelper)
No connection could be made because the target machine actively refused it.
   at System.Net.Sockets.Socket.AwaitableSocketAsyncEventArgs.ThrowException(SocketError error, CancellationToken cancellationToken)
   at System.Net.Sockets.Socket.AwaitableSocketAsyncEventArgs.System.Threading.Tasks.Sources.IValueTaskSource.GetResult(Int16 token)
   at System.Net.Sockets.Socket.<ConnectAsync>g__WaitForConnectWithCancellation|285_0(AwaitableSocketAsyncEventArgs saea, ValueTask connectTask, CancellationToken cancellationToken)
   at System.Net.Http.HttpConnectionPool.ConnectToTcpHostAsync(String host, Int32 port, HttpRequestMessage initialRequest, Boolean async, CancellationToken cancellationToken)
13/11/2025 04:14:54==>Cotizacion Invalida
   at Applet.Nat.Api.Br.Models.DocumentExp.GetCotizacion(String vivstrMoneda, DateTime vivdtm) in C:\Users\Jaco2701\Documents\Visual Studio Projects\Nat\Nat.api\Models\BR\DocumentExp.cs:line 175
   at Applet.Nat.Api.Controllers.MiscController.Statics() in C:\Users\Jaco2701\Documents\Visual Studio Projects\Nat\Nat.api\Controllers\MiscController.cs:line 45
13/11/2025 04:14:54==>Valor de Lista FORMAT:dtmwsmtxca no encontrado
   at Applet.Nat.Api.Static.ListHelper.GetValue(String vivcodType, String vivcodId, NatContext vioContext) in C:\Users\Jaco2701\Documents\Visual Studio Projects\Nat\Nat.api\Static\ListHelper.cs:line 26
   at Applet.Nat.Api.Models.Afip.AfipService.get_ivstrDateformat() in C:\Users\Jaco2701\Documents\Visual Studio Projects\Nat\Nat.api\Models\Afip\AfipService.cs:line 74
   at Applet.Nat.BR.DocumentMTXCA.GetCotizacion(String vivstrMoneda, DateTime vivdtm) in C:\Users\Jaco2701\Documents\Visual Studio Projects\Nat\Nat.api\Models\BR\DocumentMtxca.cs:line 540
13/11/2025 04:14:54==>Cotizacion Invalida
   at Applet.Nat.BR.DocumentMTXCA.GetCotizacion(String vivstrMoneda, DateTime vivdtm) in C:\Users\Jaco2701\Documents\Visual Studio Projects\Nat\Nat.api\Models\BR\DocumentMtxca.cs:line 566
   at Applet.Nat.Api.Controllers.MiscController.Statics() in C:\Users\Jaco2701\Documents\Visual Studio Projects\Nat\Nat.api\Controllers\MiscController.cs:line 65
13/11/2025 04:14:56==>No connection could be made because the target machine actively refused it. (wsfe-homo.arca.gob.ar:443)
   at System.Runtime.AsyncResult.End[TAsyncResult](IAsyncResult result)
   at System.ServiceModel.Channels.ServiceChannel.SendAsyncResult.End(SendAsyncResult result)
   at System.ServiceModel.Channels.ServiceChannel.EndCall(String action, Object[] outs, IAsyncResult result)
   at System.ServiceModel.Channels.ServiceChannelProxy.TaskCreator.<>c__DisplayClass1_0.<CreateGenericTask>b__0(IAsyncResult asyncResult)
--- End of stack trace from previous location ---
   at Applet.Nat.Api.Br.Models.DocumentExp.GetCotizacion(String vivstrMoneda, DateTime vivdtm) in C:\Users\Jaco2701\Documents\Visual Studio Projects\Nat\Nat.api\Models\BR\DocumentExp.cs:line 156
No connection could be made because the target machine actively refused it. (wsfe-homo.arca.gob.ar:443)
   at System.Net.Http.HttpConnectionPool.ConnectToTcpHostAsync(String host, Int32 port, HttpRequestMessage initialRequest, Boolean async, CancellationToken cancellationToken)
   at System.Net.Http.HttpConnectionPool.ConnectAsync(HttpRequestMessage request, Boolean async, CancellationToken cancellationToken)
   at System.Net.Http.HttpConnectionPool.CreateHttp11ConnectionAsync(HttpRequestMessage request, Boolean async, CancellationToken cancellationToken)
   at System.Net.Http.HttpConnectionPool.AddHttp11ConnectionAsync(QueueItem queueItem)
   at System.Threading.Tasks.TaskCompletionSourceWithCancellation`1.WaitWithCancellationAsync(CancellationToken cancellationToken)
   at System.Net.Http.HttpConnectionPool.SendWithVersionDetectionAndRetryAsync(HttpRequestMessage request, Boolean async, Boolean doRequestAuth, CancellationToken cancellationToken)
   at System.Net.Http.DiagnosticsHandler.SendAsyncCore(HttpRequestMessage request, Boolean async, CancellationToken cancellationToken)
   at System.Net.Http.RedirectHandler.SendAsync(HttpRequestMessage request, Boolean async, CancellationToken cancellationToken)
   at System.Net.Http.DecompressionHandler.SendAsync(HttpRequestMessage request, Boolean async, CancellationToken cancellationToken)
   at System.Net.Http.HttpClient.<SendAsync>g__Core|83_0(HttpRequestMessage request, HttpCompletionOption completionOption, CancellationTokenSource cts, Boolean disposeCts, CancellationTokenSource pendingRequestsCts, CancellationToken originalCancellationToken)
   at System.ServiceModel.Channels.HttpChannelFactory`1.HttpClientRequestChannel.HttpClientChannelAsyncRequest.SendRequestAsync(Message message, TimeoutHelper timeoutHelper)
No connection could be made because the target machine actively refused it.
   at System.Net.Sockets.Socket.AwaitableSocketAsyncEventArgs.ThrowException(SocketError error, CancellationToken cancellationToken)
   at System.Net.Sockets.Socket.AwaitableSocketAsyncEventArgs.System.Threading.Tasks.Sources.IValueTaskSource.GetResult(Int16 token)
   at System.Net.Sockets.Socket.<ConnectAsync>g__WaitForConnectWithCancellation|285_0(AwaitableSocketAsyncEventArgs saea, ValueTask connectTask, CancellationToken cancellationToken)
   at System.Net.Http.HttpConnectionPool.ConnectToTcpHostAsync(String host, Int32 port, HttpRequestMessage initialRequest, Boolean async, CancellationToken cancellationToken)
13/11/2025 04:14:56==>Cotizacion Invalida
   at Applet.Nat.Api.Br.Models.DocumentExp.GetCotizacion(String vivstrMoneda, DateTime vivdtm) in C:\Users\Jaco2701\Documents\Visual Studio Projects\Nat\Nat.api\Models\BR\DocumentExp.cs:line 175
   at Applet.Nat.Api.Controllers.MiscController.Statics() in C:\Users\Jaco2701\Documents\Visual Studio Projects\Nat\Nat.api\Controllers\MiscController.cs:line 45
13/11/2025 04:14:56==>Valor de Lista FORMAT:dtmwsmtxca no encontrado
   at Applet.Nat.Api.Static.ListHelper.GetValue(String vivcodType, String vivcodId, NatContext vioContext) in C:\Users\Jaco2701\Documents\Visual Studio Projects\Nat\Nat.api\Static\ListHelper.cs:line 26
   at Applet.Nat.Api.Models.Afip.AfipService.get_ivstrDateformat() in C:\Users\Jaco2701\Documents\Visual Studio Projects\Nat\Nat.api\Models\Afip\AfipService.cs:line 74
   at Applet.Nat.BR.DocumentMTXCA.GetCotizacion(String vivstrMoneda, DateTime vivdtm) in C:\Users\Jaco2701\Documents\Visual Studio Projects\Nat\Nat.api\Models\BR\DocumentMtxca.cs:line 540
13/11/2025 04:14:56==>Cotizacion Invalida
   at Applet.Nat.BR.DocumentMTXCA.GetCotizacion(String vivstrMoneda, DateTime vivdtm) in C:\Users\Jaco2701\Documents\Visual Studio Projects\Nat\Nat.api\Models\BR\DocumentMtxca.cs:line 566
   at Applet.Nat.Api.Controllers.MiscController.Statics() in C:\Users\Jaco2701\Documents\Visual Studio Projects\Nat\Nat.api\Controllers\MiscController.cs:line 65
13/11/2025 04:14:59==>No connection could be made because the target machine actively refused it. (wsfe-homo.arca.gob.ar:443)
   at System.Runtime.AsyncResult.End[TAsyncResult](IAsyncResult result)
   at System.ServiceModel.Channels.ServiceChannel.SendAsyncResult.End(SendAsyncResult result)
   at System.ServiceModel.Channels.ServiceChannel.EndCall(String action, Object[] outs, IAsyncResult result)
   at System.ServiceModel.Channels.ServiceChannelProxy.TaskCreator.<>c__DisplayClass1_0.<CreateGenericTask>b__0(IAsyncResult asyncResult)
--- End of stack trace from previous location ---
   at Applet.Nat.Api.Br.Models.DocumentExp.GetCotizacion(String vivstrMoneda, DateTime vivdtm) in C:\Users\Jaco2701\Documents\Visual Studio Projects\Nat\Nat.api\Models\BR\DocumentExp.cs:line 156
No connection could be made because the target machine actively refused it. (wsfe-homo.arca.gob.ar:443)
   at System.Net.Http.HttpConnectionPool.ConnectToTcpHostAsync(String host, Int32 port, HttpRequestMessage initialRequest, Boolean async, CancellationToken cancellationToken)
   at System.Net.Http.HttpConnectionPool.ConnectAsync(HttpRequestMessage request, Boolean async, CancellationToken cancellationToken)
   at System.Net.Http.HttpConnectionPool.CreateHttp11ConnectionAsync(HttpRequestMessage request, Boolean async, CancellationToken cancellationToken)
   at System.Net.Http.HttpConnectionPool.AddHttp11ConnectionAsync(QueueItem queueItem)
   at System.Threading.Tasks.TaskCompletionSourceWithCancellation`1.WaitWithCancellationAsync(CancellationToken cancellationToken)
   at System.Net.Http.HttpConnectionPool.SendWithVersionDetectionAndRetryAsync(HttpRequestMessage request, Boolean async, Boolean doRequestAuth, CancellationToken cancellationToken)
   at System.Net.Http.DiagnosticsHandler.SendAsyncCore(HttpRequestMessage request, Boolean async, CancellationToken cancellationToken)
   at System.Net.Http.RedirectHandler.SendAsync(HttpRequestMessage request, Boolean async, CancellationToken cancellationToken)
   at System.Net.Http.DecompressionHandler.SendAsync(HttpRequestMessage request, Boolean async, CancellationToken cancellationToken)
   at System.Net.Http.HttpClient.<SendAsync>g__Core|83_0(HttpRequestMessage request, HttpCompletionOption completionOption, CancellationTokenSource cts, Boolean disposeCts, CancellationTokenSource pendingRequestsCts, CancellationToken originalCancellationToken)
   at System.ServiceModel.Channels.HttpChannelFactory`1.HttpClientRequestChannel.HttpClientChannelAsyncRequest.SendRequestAsync(Message message, TimeoutHelper timeoutHelper)
No connection could be made because the target machine actively refused it.
   at System.Net.Sockets.Socket.AwaitableSocketAsyncEventArgs.ThrowException(SocketError error, CancellationToken cancellationToken)
   at System.Net.Sockets.Socket.AwaitableSocketAsyncEventArgs.System.Threading.Tasks.Sources.IValueTaskSource.GetResult(Int16 token)
   at System.Net.Sockets.Socket.<ConnectAsync>g__WaitForConnectWithCancellation|285_0(AwaitableSocketAsyncEventArgs saea, ValueTask connectTask, CancellationToken cancellationToken)
   at System.Net.Http.HttpConnectionPool.ConnectToTcpHostAsync(String host, Int32 port, HttpRequestMessage initialRequest, Boolean async, CancellationToken cancellationToken)
13/11/2025 04:14:59==>Cotizacion Invalida
   at Applet.Nat.Api.Br.Models.DocumentExp.GetCotizacion(String vivstrMoneda, DateTime vivdtm) in C:\Users\Jaco2701\Documents\Visual Studio Projects\Nat\Nat.api\Models\BR\DocumentExp.cs:line 175
   at Applet.Nat.Api.Controllers.MiscController.Statics() in C:\Users\Jaco2701\Documents\Visual Studio Projects\Nat\Nat.api\Controllers\MiscController.cs:line 45
13/11/2025 04:14:59==>Valor de Lista FORMAT:dtmwsmtxca no encontrado
   at Applet.Nat.Api.Static.ListHelper.GetValue(String vivcodType, String vivcodId, NatContext vioContext) in C:\Users\Jaco2701\Documents\Visual Studio Projects\Nat\Nat.api\Static\ListHelper.cs:line 26
   at Applet.Nat.Api.Models.Afip.AfipService.get_ivstrDateformat() in C:\Users\Jaco2701\Documents\Visual Studio Projects\Nat\Nat.api\Models\Afip\AfipService.cs:line 74
   at Applet.Nat.BR.DocumentMTXCA.GetCotizacion(String vivstrMoneda, DateTime vivdtm) in C:\Users\Jaco2701\Documents\Visual Studio Projects\Nat\Nat.api\Models\BR\DocumentMtxca.cs:line 540
13/11/2025 04:14:59==>Cotizacion Invalida
   at Applet.Nat.BR.DocumentMTXCA.GetCotizacion(String vivstrMoneda, DateTime vivdtm) in C:\Users\Jaco2701\Documents\Visual Studio Projects\Nat\Nat.api\Models\BR\DocumentMtxca.cs:line 566
   at Applet.Nat.Api.Controllers.MiscController.Statics() in C:\Users\Jaco2701\Documents\Visual Studio Projects\Nat\Nat.api\Controllers\MiscController.cs:line 65
13/11/2025 04:15:09==>No connection could be made because the target machine actively refused it. (wsfe-homo.arca.gob.ar:443)
   at System.Runtime.AsyncResult.End[TAsyncResult](IAsyncResult result)
   at System.ServiceModel.Channels.ServiceChannel.SendAsyncResult.End(SendAsyncResult result)
   at System.ServiceModel.Channels.ServiceChannel.EndCall(String action, Object[] outs, IAsyncResult result)
   at System.ServiceModel.Channels.ServiceChannelProxy.TaskCreator.<>c__DisplayClass1_0.<CreateGenericTask>b__0(IAsyncResult asyncResult)
--- End of stack trace from previous location ---
   at Applet.Nat.Api.Br.Models.DocumentExp.GetCotizacion(String vivstrMoneda, DateTime vivdtm) in C:\Users\Jaco2701\Documents\Visual Studio Projects\Nat\Nat.api\Models\BR\DocumentExp.cs:line 156
No connection could be made because the target machine actively refused it. (wsfe-homo.arca.gob.ar:443)
   at System.Net.Http.HttpConnectionPool.ConnectToTcpHostAsync(String host, Int32 port, HttpRequestMessage initialRequest, Boolean async, CancellationToken cancellationToken)
   at System.Net.Http.HttpConnectionPool.ConnectAsync(HttpRequestMessage request, Boolean async, CancellationToken cancellationToken)
   at System.Net.Http.HttpConnectionPool.CreateHttp11ConnectionAsync(HttpRequestMessage request, Boolean async, CancellationToken cancellationToken)
   at System.Net.Http.HttpConnectionPool.AddHttp11ConnectionAsync(QueueItem queueItem)
   at System.Threading.Tasks.TaskCompletionSourceWithCancellation`1.WaitWithCancellationAsync(CancellationToken cancellationToken)
   at System.Net.Http.HttpConnectionPool.SendWithVersionDetectionAndRetryAsync(HttpRequestMessage request, Boolean async, Boolean doRequestAuth, CancellationToken cancellationToken)
   at System.Net.Http.DiagnosticsHandler.SendAsyncCore(HttpRequestMessage request, Boolean async, CancellationToken cancellationToken)
   at System.Net.Http.RedirectHandler.SendAsync(HttpRequestMessage request, Boolean async, CancellationToken cancellationToken)
   at System.Net.Http.DecompressionHandler.SendAsync(HttpRequestMessage request, Boolean async, CancellationToken cancellationToken)
   at System.Net.Http.HttpClient.<SendAsync>g__Core|83_0(HttpRequestMessage request, HttpCompletionOption completionOption, CancellationTokenSource cts, Boolean disposeCts, CancellationTokenSource pendingRequestsCts, CancellationToken originalCancellationToken)
   at System.ServiceModel.Channels.HttpChannelFactory`1.HttpClientRequestChannel.HttpClientChannelAsyncRequest.SendRequestAsync(Message message, TimeoutHelper timeoutHelper)
No connection could be made because the target machine actively refused it.
   at System.Net.Sockets.Socket.AwaitableSocketAsyncEventArgs.ThrowException(SocketError error, CancellationToken cancellationToken)
   at System.Net.Sockets.Socket.AwaitableSocketAsyncEventArgs.System.Threading.Tasks.Sources.IValueTaskSource.GetResult(Int16 token)
   at System.Net.Sockets.Socket.<ConnectAsync>g__WaitForConnectWithCancellation|285_0(AwaitableSocketAsyncEventArgs saea, ValueTask connectTask, CancellationToken cancellationToken)
   at System.Net.Http.HttpConnectionPool.ConnectToTcpHostAsync(String host, Int32 port, HttpRequestMessage initialRequest, Boolean async, CancellationToken cancellationToken)
13/11/2025 04:15:09==>Cotizacion Invalida
   at Applet.Nat.Api.Br.Models.DocumentExp.GetCotizacion(String vivstrMoneda, DateTime vivdtm) in C:\Users\Jaco2701\Documents\Visual Studio Projects\Nat\Nat.api\Models\BR\DocumentExp.cs:line 175
   at Applet.Nat.Api.Controllers.MiscController.Statics() in C:\Users\Jaco2701\Documents\Visual Studio Projects\Nat\Nat.api\Controllers\MiscController.cs:line 45
13/11/2025 04:15:10==>Valor de Lista FORMAT:dtmwsmtxca no encontrado
   at Applet.Nat.Api.Static.ListHelper.GetValue(String vivcodType, String vivcodId, NatContext vioContext) in C:\Users\Jaco2701\Documents\Visual Studio Projects\Nat\Nat.api\Static\ListHelper.cs:line 26
   at Applet.Nat.Api.Models.Afip.AfipService.get_ivstrDateformat() in C:\Users\Jaco2701\Documents\Visual Studio Projects\Nat\Nat.api\Models\Afip\AfipService.cs:line 74
   at Applet.Nat.BR.DocumentMTXCA.GetCotizacion(String vivstrMoneda, DateTime vivdtm) in C:\Users\Jaco2701\Documents\Visual Studio Projects\Nat\Nat.api\Models\BR\DocumentMtxca.cs:line 540
13/11/2025 04:15:10==>Cotizacion Invalida
   at Applet.Nat.BR.DocumentMTXCA.GetCotizacion(String vivstrMoneda, DateTime vivdtm) in C:\Users\Jaco2701\Documents\Visual Studio Projects\Nat\Nat.api\Models\BR\DocumentMtxca.cs:line 566
   at Applet.Nat.Api.Controllers.MiscController.Statics() in C:\Users\Jaco2701\Documents\Visual Studio Projects\Nat\Nat.api\Controllers\MiscController.cs:line 65
13/11/2025 04:15:12==>No connection could be made because the target machine actively refused it. (wsfe-homo.arca.gob.ar:443)
   at System.Runtime.AsyncResult.End[TAsyncResult](IAsyncResult result)
   at System.ServiceModel.Channels.ServiceChannel.SendAsyncResult.End(SendAsyncResult result)
   at System.ServiceModel.Channels.ServiceChannel.EndCall(String action, Object[] outs, IAsyncResult result)
   at System.ServiceModel.Channels.ServiceChannelProxy.TaskCreator.<>c__DisplayClass1_0.<CreateGenericTask>b__0(IAsyncResult asyncResult)
--- End of stack trace from previous location ---
   at Applet.Nat.Api.Br.Models.DocumentExp.GetCotizacion(String vivstrMoneda, DateTime vivdtm) in C:\Users\Jaco2701\Documents\Visual Studio Projects\Nat\Nat.api\Models\BR\DocumentExp.cs:line 156
No connection could be made because the target machine actively refused it. (wsfe-homo.arca.gob.ar:443)
   at System.Net.Http.HttpConnectionPool.ConnectToTcpHostAsync(String host, Int32 port, HttpRequestMessage initialRequest, Boolean async, CancellationToken cancellationToken)
   at System.Net.Http.HttpConnectionPool.ConnectAsync(HttpRequestMessage request, Boolean async, CancellationToken cancellationToken)
   at System.Net.Http.HttpConnectionPool.CreateHttp11ConnectionAsync(HttpRequestMessage request, Boolean async, CancellationToken cancellationToken)
   at System.Net.Http.HttpConnectionPool.AddHttp11ConnectionAsync(QueueItem queueItem)
   at System.Threading.Tasks.TaskCompletionSourceWithCancellation`1.WaitWithCancellationAsync(CancellationToken cancellationToken)
   at System.Net.Http.HttpConnectionPool.SendWithVersionDetectionAndRetryAsync(HttpRequestMessage request, Boolean async, Boolean doRequestAuth, CancellationToken cancellationToken)
   at System.Net.Http.DiagnosticsHandler.SendAsyncCore(HttpRequestMessage request, Boolean async, CancellationToken cancellationToken)
   at System.Net.Http.RedirectHandler.SendAsync(HttpRequestMessage request, Boolean async, CancellationToken cancellationToken)
   at System.Net.Http.DecompressionHandler.SendAsync(HttpRequestMessage request, Boolean async, CancellationToken cancellationToken)
   at System.Net.Http.HttpClient.<SendAsync>g__Core|83_0(HttpRequestMessage request, HttpCompletionOption completionOption, CancellationTokenSource cts, Boolean disposeCts, CancellationTokenSource pendingRequestsCts, CancellationToken originalCancellationToken)
   at System.ServiceModel.Channels.HttpChannelFactory`1.HttpClientRequestChannel.HttpClientChannelAsyncRequest.SendRequestAsync(Message message, TimeoutHelper timeoutHelper)
No connection could be made because the target machine actively refused it.
   at System.Net.Sockets.Socket.AwaitableSocketAsyncEventArgs.ThrowException(SocketError error, CancellationToken cancellationToken)
   at System.Net.Sockets.Socket.AwaitableSocketAsyncEventArgs.System.Threading.Tasks.Sources.IValueTaskSource.GetResult(Int16 token)
   at System.Net.Sockets.Socket.<ConnectAsync>g__WaitForConnectWithCancellation|285_0(AwaitableSocketAsyncEventArgs saea, ValueTask connectTask, CancellationToken cancellationToken)
   at System.Net.Http.HttpConnectionPool.ConnectToTcpHostAsync(String host, Int32 port, HttpRequestMessage initialRequest, Boolean async, CancellationToken cancellationToken)
13/11/2025 04:15:12==>Cotizacion Invalida
   at Applet.Nat.Api.Br.Models.DocumentExp.GetCotizacion(String vivstrMoneda, DateTime vivdtm) in C:\Users\Jaco2701\Documents\Visual Studio Projects\Nat\Nat.api\Models\BR\DocumentExp.cs:line 175
   at Applet.Nat.Api.Controllers.MiscController.Statics() in C:\Users\Jaco2701\Documents\Visual Studio Projects\Nat\Nat.api\Controllers\MiscController.cs:line 45
13/11/2025 04:15:12==>Valor de Lista FORMAT:dtmwsmtxca no encontrado
   at Applet.Nat.Api.Static.ListHelper.GetValue(String vivcodType, String vivcodId, NatContext vioContext) in C:\Users\Jaco2701\Documents\Visual Studio Projects\Nat\Nat.api\Static\ListHelper.cs:line 26
   at Applet.Nat.Api.Models.Afip.AfipService.get_ivstrDateformat() in C:\Users\Jaco2701\Documents\Visual Studio Projects\Nat\Nat.api\Models\Afip\AfipService.cs:line 74
   at Applet.Nat.BR.DocumentMTXCA.GetCotizacion(String vivstrMoneda, DateTime vivdtm) in C:\Users\Jaco2701\Documents\Visual Studio Projects\Nat\Nat.api\Models\BR\DocumentMtxca.cs:line 540
13/11/2025 04:15:12==>Cotizacion Invalida
   at Applet.Nat.BR.DocumentMTXCA.GetCotizacion(String vivstrMoneda, DateTime vivdtm) in C:\Users\Jaco2701\Documents\Visual Studio Projects\Nat\Nat.api\Models\BR\DocumentMtxca.cs:line 566
   at Applet.Nat.Api.Controllers.MiscController.Statics() in C:\Users\Jaco2701\Documents\Visual Studio Projects\Nat\Nat.api\Controllers\MiscController.cs:line 65
13/11/2025 04:16:00==>No connection could be made because the target machine actively refused it. (wsfe-homo.arca.gob.ar:443)
   at System.Runtime.AsyncResult.End[TAsyncResult](IAsyncResult result)
   at System.ServiceModel.Channels.ServiceChannel.SendAsyncResult.End(SendAsyncResult result)
   at System.ServiceModel.Channels.ServiceChannel.EndCall(String action, Object[] outs, IAsyncResult result)
   at System.ServiceModel.Channels.ServiceChannelProxy.TaskCreator.<>c__DisplayClass1_0.<CreateGenericTask>b__0(IAsyncResult asyncResult)
--- End of stack trace from previous location ---
   at Applet.Nat.Api.Br.Models.DocumentExp.GetCotizacion(String vivstrMoneda, DateTime vivdtm) in C:\Users\Jaco2701\Documents\Visual Studio Projects\Nat\Nat.api\Models\BR\DocumentExp.cs:line 156
No connection could be made because the target machine actively refused it. (wsfe-homo.arca.gob.ar:443)
   at System.Net.Http.HttpConnectionPool.ConnectToTcpHostAsync(String host, Int32 port, HttpRequestMessage initialRequest, Boolean async, CancellationToken cancellationToken)
   at System.Net.Http.HttpConnectionPool.ConnectAsync(HttpRequestMessage request, Boolean async, CancellationToken cancellationToken)
   at System.Net.Http.HttpConnectionPool.CreateHttp11ConnectionAsync(HttpRequestMessage request, Boolean async, CancellationToken cancellationToken)
   at System.Net.Http.HttpConnectionPool.AddHttp11ConnectionAsync(QueueItem queueItem)
   at System.Threading.Tasks.TaskCompletionSourceWithCancellation`1.WaitWithCancellationAsync(CancellationToken cancellationToken)
   at System.Net.Http.HttpConnectionPool.SendWithVersionDetectionAndRetryAsync(HttpRequestMessage request, Boolean async, Boolean doRequestAuth, CancellationToken cancellationToken)
   at System.Net.Http.DiagnosticsHandler.SendAsyncCore(HttpRequestMessage request, Boolean async, CancellationToken cancellationToken)
   at System.Net.Http.RedirectHandler.SendAsync(HttpRequestMessage request, Boolean async, CancellationToken cancellationToken)
   at System.Net.Http.DecompressionHandler.SendAsync(HttpRequestMessage request, Boolean async, CancellationToken cancellationToken)
   at System.Net.Http.HttpClient.<SendAsync>g__Core|83_0(HttpRequestMessage request, HttpCompletionOption completionOption, CancellationTokenSource cts, Boolean disposeCts, CancellationTokenSource pendingRequestsCts, CancellationToken originalCancellationToken)
   at System.ServiceModel.Channels.HttpChannelFactory`1.HttpClientRequestChannel.HttpClientChannelAsyncRequest.SendRequestAsync(Message message, TimeoutHelper timeoutHelper)
No connection could be made because the target machine actively refused it.
   at System.Net.Sockets.Socket.AwaitableSocketAsyncEventArgs.ThrowException(SocketError error, CancellationToken cancellationToken)
   at System.Net.Sockets.Socket.AwaitableSocketAsyncEventArgs.System.Threading.Tasks.Sources.IValueTaskSource.GetResult(Int16 token)
   at System.Net.Sockets.Socket.<ConnectAsync>g__WaitForConnectWithCancellation|285_0(AwaitableSocketAsyncEventArgs saea, ValueTask connectTask, CancellationToken cancellationToken)
   at System.Net.Http.HttpConnectionPool.ConnectToTcpHostAsync(String host, Int32 port, HttpRequestMessage initialRequest, Boolean async, CancellationToken cancellationToken)
13/11/2025 04:16:00==>Cotizacion Invalida
   at Applet.Nat.Api.Br.Models.DocumentExp.GetCotizacion(String vivstrMoneda, DateTime vivdtm) in C:\Users\Jaco2701\Documents\Visual Studio Projects\Nat\Nat.api\Models\BR\DocumentExp.cs:line 175
   at Applet.Nat.Api.Controllers.MiscController.Statics() in C:\Users\Jaco2701\Documents\Visual Studio Projects\Nat\Nat.api\Controllers\MiscController.cs:line 45
13/11/2025 04:16:00==>Valor de Lista FORMAT:dtmwsmtxca no encontrado
   at Applet.Nat.Api.Static.ListHelper.GetValue(String vivcodType, String vivcodId, NatContext vioContext) in C:\Users\Jaco2701\Documents\Visual Studio Projects\Nat\Nat.api\Static\ListHelper.cs:line 26
   at Applet.Nat.Api.Models.Afip.AfipService.get_ivstrDateformat() in C:\Users\Jaco2701\Documents\Visual Studio Projects\Nat\Nat.api\Models\Afip\AfipService.cs:line 74
   at Applet.Nat.BR.DocumentMTXCA.GetCotizacion(String vivstrMoneda, DateTime vivdtm) in C:\Users\Jaco2701\Documents\Visual Studio Projects\Nat\Nat.api\Models\BR\DocumentMtxca.cs:line 540
13/11/2025 04:16:00==>Cotizacion Invalida
   at Applet.Nat.BR.DocumentMTXCA.GetCotizacion(String vivstrMoneda, DateTime vivdtm) in C:\Users\Jaco2701\Documents\Visual Studio Projects\Nat\Nat.api\Models\BR\DocumentMtxca.cs:line 566
   at Applet.Nat.Api.Controllers.MiscController.Statics() in C:\Users\Jaco2701\Documents\Visual Studio Projects\Nat\Nat.api\Controllers\MiscController.cs:line 65
13/11/2025 04:16:02==>No connection could be made because the target machine actively refused it. (wsfe-homo.arca.gob.ar:443)
   at System.Runtime.AsyncResult.End[TAsyncResult](IAsyncResult result)
   at System.ServiceModel.Channels.ServiceChannel.SendAsyncResult.End(SendAsyncResult result)
   at System.ServiceModel.Channels.ServiceChannel.EndCall(String action, Object[] outs, IAsyncResult result)
   at System.ServiceModel.Channels.ServiceChannelProxy.TaskCreator.<>c__DisplayClass1_0.<CreateGenericTask>b__0(IAsyncResult asyncResult)
--- End of stack trace from previous location ---
   at Applet.Nat.Api.Br.Models.DocumentExp.GetCotizacion(String vivstrMoneda, DateTime vivdtm) in C:\Users\Jaco2701\Documents\Visual Studio Projects\Nat\Nat.api\Models\BR\DocumentExp.cs:line 156
No connection could be made because the target machine actively refused it. (wsfe-homo.arca.gob.ar:443)
   at System.Net.Http.HttpConnectionPool.ConnectToTcpHostAsync(String host, Int32 port, HttpRequestMessage initialRequest, Boolean async, CancellationToken cancellationToken)
   at System.Net.Http.HttpConnectionPool.ConnectAsync(HttpRequestMessage request, Boolean async, CancellationToken cancellationToken)
   at System.Net.Http.HttpConnectionPool.CreateHttp11ConnectionAsync(HttpRequestMessage request, Boolean async, CancellationToken cancellationToken)
   at System.Net.Http.HttpConnectionPool.AddHttp11ConnectionAsync(QueueItem queueItem)
   at System.Threading.Tasks.TaskCompletionSourceWithCancellation`1.WaitWithCancellationAsync(CancellationToken cancellationToken)
   at System.Net.Http.HttpConnectionPool.SendWithVersionDetectionAndRetryAsync(HttpRequestMessage request, Boolean async, Boolean doRequestAuth, CancellationToken cancellationToken)
   at System.Net.Http.DiagnosticsHandler.SendAsyncCore(HttpRequestMessage request, Boolean async, CancellationToken cancellationToken)
   at System.Net.Http.RedirectHandler.SendAsync(HttpRequestMessage request, Boolean async, CancellationToken cancellationToken)
   at System.Net.Http.DecompressionHandler.SendAsync(HttpRequestMessage request, Boolean async, CancellationToken cancellationToken)
   at System.Net.Http.HttpClient.<SendAsync>g__Core|83_0(HttpRequestMessage request, HttpCompletionOption completionOption, CancellationTokenSource cts, Boolean disposeCts, CancellationTokenSource pendingRequestsCts, CancellationToken originalCancellationToken)
   at System.ServiceModel.Channels.HttpChannelFactory`1.HttpClientRequestChannel.HttpClientChannelAsyncRequest.SendRequestAsync(Message message, TimeoutHelper timeoutHelper)
No connection could be made because the target machine actively refused it.
   at System.Net.Sockets.Socket.AwaitableSocketAsyncEventArgs.ThrowException(SocketError error, CancellationToken cancellationToken)
   at System.Net.Sockets.Socket.AwaitableSocketAsyncEventArgs.System.Threading.Tasks.Sources.IValueTaskSource.GetResult(Int16 token)
   at System.Net.Sockets.Socket.<ConnectAsync>g__WaitForConnectWithCancellation|285_0(AwaitableSocketAsyncEventArgs saea, ValueTask connectTask, CancellationToken cancellationToken)
   at System.Net.Http.HttpConnectionPool.ConnectToTcpHostAsync(String host, Int32 port, HttpRequestMessage initialRequest, Boolean async, CancellationToken cancellationToken)
13/11/2025 04:16:02==>Cotizacion Invalida
   at Applet.Nat.Api.Br.Models.DocumentExp.GetCotizacion(String vivstrMoneda, DateTime vivdtm) in C:\Users\Jaco2701\Documents\Visual Studio Projects\Nat\Nat.api\Models\BR\DocumentExp.cs:line 175
   at Applet.Nat.Api.Controllers.MiscController.Statics() in C:\Users\Jaco2701\Documents\Visual Studio Projects\Nat\Nat.api\Controllers\MiscController.cs:line 45
13/11/2025 04:16:03==>Valor de Lista FORMAT:dtmwsmtxca no encontrado
   at Applet.Nat.Api.Static.ListHelper.GetValue(String vivcodType, String vivcodId, NatContext vioContext) in C:\Users\Jaco2701\Documents\Visual Studio Projects\Nat\Nat.api\Static\ListHelper.cs:line 26
   at Applet.Nat.Api.Models.Afip.AfipService.get_ivstrDateformat() in C:\Users\Jaco2701\Documents\Visual Studio Projects\Nat\Nat.api\Models\Afip\AfipService.cs:line 74
   at Applet.Nat.BR.DocumentMTXCA.GetCotizacion(String vivstrMoneda, DateTime vivdtm) in C:\Users\Jaco2701\Documents\Visual Studio Projects\Nat\Nat.api\Models\BR\DocumentMtxca.cs:line 540
13/11/2025 04:16:03==>Cotizacion Invalida
   at Applet.Nat.BR.DocumentMTXCA.GetCotizacion(String vivstrMoneda, DateTime vivdtm) in C:\Users\Jaco2701\Documents\Visual Studio Projects\Nat\Nat.api\Models\BR\DocumentMtxca.cs:line 566
   at Applet.Nat.Api.Controllers.MiscController.Statics() in C:\Users\Jaco2701\Documents\Visual Studio Projects\Nat\Nat.api\Controllers\MiscController.cs:line 65
13/11/2025 04:16:05==>No connection could be made because the target machine actively refused it. (wsfe-homo.arca.gob.ar:443)
   at System.Runtime.AsyncResult.End[TAsyncResult](IAsyncResult result)
   at System.ServiceModel.Channels.ServiceChannel.SendAsyncResult.End(SendAsyncResult result)
   at System.ServiceModel.Channels.ServiceChannel.EndCall(String action, Object[] outs, IAsyncResult result)
   at System.ServiceModel.Channels.ServiceChannelProxy.TaskCreator.<>c__DisplayClass1_0.<CreateGenericTask>b__0(IAsyncResult asyncResult)
--- End of stack trace from previous location ---
   at Applet.Nat.Api.Br.Models.DocumentExp.GetCotizacion(String vivstrMoneda, DateTime vivdtm) in C:\Users\Jaco2701\Documents\Visual Studio Projects\Nat\Nat.api\Models\BR\DocumentExp.cs:line 156
No connection could be made because the target machine actively refused it. (wsfe-homo.arca.gob.ar:443)
   at System.Net.Http.HttpConnectionPool.ConnectToTcpHostAsync(String host, Int32 port, HttpRequestMessage initialRequest, Boolean async, CancellationToken cancellationToken)
   at System.Net.Http.HttpConnectionPool.ConnectAsync(HttpRequestMessage request, Boolean async, CancellationToken cancellationToken)
   at System.Net.Http.HttpConnectionPool.CreateHttp11ConnectionAsync(HttpRequestMessage request, Boolean async, CancellationToken cancellationToken)
   at System.Net.Http.HttpConnectionPool.AddHttp11ConnectionAsync(QueueItem queueItem)
   at System.Threading.Tasks.TaskCompletionSourceWithCancellation`1.WaitWithCancellationAsync(CancellationToken cancellationToken)
   at System.Net.Http.HttpConnectionPool.SendWithVersionDetectionAndRetryAsync(HttpRequestMessage request, Boolean async, Boolean doRequestAuth, CancellationToken cancellationToken)
   at System.Net.Http.DiagnosticsHandler.SendAsyncCore(HttpRequestMessage request, Boolean async, CancellationToken cancellationToken)
   at System.Net.Http.RedirectHandler.SendAsync(HttpRequestMessage request, Boolean async, CancellationToken cancellationToken)
   at System.Net.Http.DecompressionHandler.SendAsync(HttpRequestMessage request, Boolean async, CancellationToken cancellationToken)
   at System.Net.Http.HttpClient.<SendAsync>g__Core|83_0(HttpRequestMessage request, HttpCompletionOption completionOption, CancellationTokenSource cts, Boolean disposeCts, CancellationTokenSource pendingRequestsCts, CancellationToken originalCancellationToken)
   at System.ServiceModel.Channels.HttpChannelFactory`1.HttpClientRequestChannel.HttpClientChannelAsyncRequest.SendRequestAsync(Message message, TimeoutHelper timeoutHelper)
No connection could be made because the target machine actively refused it.
   at System.Net.Sockets.Socket.AwaitableSocketAsyncEventArgs.ThrowException(SocketError error, CancellationToken cancellationToken)
   at System.Net.Sockets.Socket.AwaitableSocketAsyncEventArgs.System.Threading.Tasks.Sources.IValueTaskSource.GetResult(Int16 token)
   at System.Net.Sockets.Socket.<ConnectAsync>g__WaitForConnectWithCancellation|285_0(AwaitableSocketAsyncEventArgs saea, ValueTask connectTask, CancellationToken cancellationToken)
   at System.Net.Http.HttpConnectionPool.ConnectToTcpHostAsync(String host, Int32 port, HttpRequestMessage initialRequest, Boolean async, CancellationToken cancellationToken)
13/11/2025 04:16:05==>Cotizacion Invalida
   at Applet.Nat.Api.Br.Models.DocumentExp.GetCotizacion(String vivstrMoneda, DateTime vivdtm) in C:\Users\Jaco2701\Documents\Visual Studio Projects\Nat\Nat.api\Models\BR\DocumentExp.cs:line 175
   at Applet.Nat.Api.Controllers.MiscController.Statics() in C:\Users\Jaco2701\Documents\Visual Studio Projects\Nat\Nat.api\Controllers\MiscController.cs:line 45
13/11/2025 04:16:05==>Valor de Lista FORMAT:dtmwsmtxca no encontrado
   at Applet.Nat.Api.Static.ListHelper.GetValue(String vivcodType, String vivcodId, NatContext vioContext) in C:\Users\Jaco2701\Documents\Visual Studio Projects\Nat\Nat.api\Static\ListHelper.cs:line 26
   at Applet.Nat.Api.Models.Afip.AfipService.get_ivstrDateformat() in C:\Users\Jaco2701\Documents\Visual Studio Projects\Nat\Nat.api\Models\Afip\AfipService.cs:line 74
   at Applet.Nat.BR.DocumentMTXCA.GetCotizacion(String vivstrMoneda, DateTime vivdtm) in C:\Users\Jaco2701\Documents\Visual Studio Projects\Nat\Nat.api\Models\BR\DocumentMtxca.cs:line 540
13/11/2025 04:16:05==>Cotizacion Invalida
   at Applet.Nat.BR.DocumentMTXCA.GetCotizacion(String vivstrMoneda, DateTime vivdtm) in C:\Users\Jaco2701\Documents\Visual Studio Projects\Nat\Nat.api\Models\BR\DocumentMtxca.cs:line 566
   at Applet.Nat.Api.Controllers.MiscController.Statics() in C:\Users\Jaco2701\Documents\Visual Studio Projects\Nat\Nat.api\Controllers\MiscController.cs:line 65
13/11/2025 04:16:51==>No connection could be made because the target machine actively refused it. (wsfe-homo.arca.gob.ar:443)
   at System.Runtime.AsyncResult.End[TAsyncResult](IAsyncResult result)
   at System.ServiceModel.Channels.ServiceChannel.SendAsyncResult.End(SendAsyncResult result)
   at System.ServiceModel.Channels.ServiceChannel.EndCall(String action, Object[] outs, IAsyncResult result)
   at System.ServiceModel.Channels.ServiceChannelProxy.TaskCreator.<>c__DisplayClass1_0.<CreateGenericTask>b__0(IAsyncResult asyncResult)
--- End of stack trace from previous location ---
   at Applet.Nat.Api.Br.Models.DocumentExp.GetCotizacion(String vivstrMoneda, DateTime vivdtm) in C:\Users\Jaco2701\Documents\Visual Studio Projects\Nat\Nat.api\Models\BR\DocumentExp.cs:line 156
No connection could be made because the target machine actively refused it. (wsfe-homo.arca.gob.ar:443)
   at System.Net.Http.HttpConnectionPool.ConnectToTcpHostAsync(String host, Int32 port, HttpRequestMessage initialRequest, Boolean async, CancellationToken cancellationToken)
   at System.Net.Http.HttpConnectionPool.ConnectAsync(HttpRequestMessage request, Boolean async, CancellationToken cancellationToken)
   at System.Net.Http.HttpConnectionPool.CreateHttp11ConnectionAsync(HttpRequestMessage request, Boolean async, CancellationToken cancellationToken)
   at System.Net.Http.HttpConnectionPool.AddHttp11ConnectionAsync(QueueItem queueItem)
   at System.Threading.Tasks.TaskCompletionSourceWithCancellation`1.WaitWithCancellationAsync(CancellationToken cancellationToken)
   at System.Net.Http.HttpConnectionPool.SendWithVersionDetectionAndRetryAsync(HttpRequestMessage request, Boolean async, Boolean doRequestAuth, CancellationToken cancellationToken)
   at System.Net.Http.DiagnosticsHandler.SendAsyncCore(HttpRequestMessage request, Boolean async, CancellationToken cancellationToken)
   at System.Net.Http.RedirectHandler.SendAsync(HttpRequestMessage request, Boolean async, CancellationToken cancellationToken)
   at System.Net.Http.DecompressionHandler.SendAsync(HttpRequestMessage request, Boolean async, CancellationToken cancellationToken)
   at System.Net.Http.HttpClient.<SendAsync>g__Core|83_0(HttpRequestMessage request, HttpCompletionOption completionOption, CancellationTokenSource cts, Boolean disposeCts, CancellationTokenSource pendingRequestsCts, CancellationToken originalCancellationToken)
   at System.ServiceModel.Channels.HttpChannelFactory`1.HttpClientRequestChannel.HttpClientChannelAsyncRequest.SendRequestAsync(Message message, TimeoutHelper timeoutHelper)
No connection could be made because the target machine actively refused it.
   at System.Net.Sockets.Socket.AwaitableSocketAsyncEventArgs.ThrowException(SocketError error, CancellationToken cancellationToken)
   at System.Net.Sockets.Socket.AwaitableSocketAsyncEventArgs.System.Threading.Tasks.Sources.IValueTaskSource.GetResult(Int16 token)
   at System.Net.Sockets.Socket.<ConnectAsync>g__WaitForConnectWithCancellation|285_0(AwaitableSocketAsyncEventArgs saea, ValueTask connectTask, CancellationToken cancellationToken)
   at System.Net.Http.HttpConnectionPool.ConnectToTcpHostAsync(String host, Int32 port, HttpRequestMessage initialRequest, Boolean async, CancellationToken cancellationToken)
13/11/2025 04:16:51==>Cotizacion Invalida
   at Applet.Nat.Api.Br.Models.DocumentExp.GetCotizacion(String vivstrMoneda, DateTime vivdtm) in C:\Users\Jaco2701\Documents\Visual Studio Projects\Nat\Nat.api\Models\BR\DocumentExp.cs:line 175
   at Applet.Nat.Api.Controllers.MiscController.Statics() in C:\Users\Jaco2701\Documents\Visual Studio Projects\Nat\Nat.api\Controllers\MiscController.cs:line 45
13/11/2025 04:16:52==>Valor de Lista FORMAT:dtmwsmtxca no encontrado
   at Applet.Nat.Api.Static.ListHelper.GetValue(String vivcodType, String vivcodId, NatContext vioContext) in C:\Users\Jaco2701\Documents\Visual Studio Projects\Nat\Nat.api\Static\ListHelper.cs:line 26
   at Applet.Nat.Api.Models.Afip.AfipService.get_ivstrDateformat() in C:\Users\Jaco2701\Documents\Visual Studio Projects\Nat\Nat.api\Models\Afip\AfipService.cs:line 74
   at Applet.Nat.BR.DocumentMTXCA.GetCotizacion(String vivstrMoneda, DateTime vivdtm) in C:\Users\Jaco2701\Documents\Visual Studio Projects\Nat\Nat.api\Models\BR\DocumentMtxca.cs:line 540
13/11/2025 04:16:52==>Cotizacion Invalida
   at Applet.Nat.BR.DocumentMTXCA.GetCotizacion(String vivstrMoneda, DateTime vivdtm) in C:\Users\Jaco2701\Documents\Visual Studio Projects\Nat\Nat.api\Models\BR\DocumentMtxca.cs:line 566
   at Applet.Nat.Api.Controllers.MiscController.Statics() in C:\Users\Jaco2701\Documents\Visual Studio Projects\Nat\Nat.api\Controllers\MiscController.cs:line 65
13/11/2025 04:16:54==>No connection could be made because the target machine actively refused it. (wsfe-homo.arca.gob.ar:443)
   at System.Runtime.AsyncResult.End[TAsyncResult](IAsyncResult result)
   at System.ServiceModel.Channels.ServiceChannel.SendAsyncResult.End(SendAsyncResult result)
   at System.ServiceModel.Channels.ServiceChannel.EndCall(String action, Object[] outs, IAsyncResult result)
   at System.ServiceModel.Channels.ServiceChannelProxy.TaskCreator.<>c__DisplayClass1_0.<CreateGenericTask>b__0(IAsyncResult asyncResult)
--- End of stack trace from previous location ---
   at Applet.Nat.Api.Br.Models.DocumentExp.GetCotizacion(String vivstrMoneda, DateTime vivdtm) in C:\Users\Jaco2701\Documents\Visual Studio Projects\Nat\Nat.api\Models\BR\DocumentExp.cs:line 156
No connection could be made because the target machine actively refused it. (wsfe-homo.arca.gob.ar:443)
   at System.Net.Http.HttpConnectionPool.ConnectToTcpHostAsync(String host, Int32 port, HttpRequestMessage initialRequest, Boolean async, CancellationToken cancellationToken)
   at System.Net.Http.HttpConnectionPool.ConnectAsync(HttpRequestMessage request, Boolean async, CancellationToken cancellationToken)
   at System.Net.Http.HttpConnectionPool.CreateHttp11ConnectionAsync(HttpRequestMessage request, Boolean async, CancellationToken cancellationToken)
   at System.Net.Http.HttpConnectionPool.AddHttp11ConnectionAsync(QueueItem queueItem)
   at System.Threading.Tasks.TaskCompletionSourceWithCancellation`1.WaitWithCancellationAsync(CancellationToken cancellationToken)
   at System.Net.Http.HttpConnectionPool.SendWithVersionDetectionAndRetryAsync(HttpRequestMessage request, Boolean async, Boolean doRequestAuth, CancellationToken cancellationToken)
   at System.Net.Http.DiagnosticsHandler.SendAsyncCore(HttpRequestMessage request, Boolean async, CancellationToken cancellationToken)
   at System.Net.Http.RedirectHandler.SendAsync(HttpRequestMessage request, Boolean async, CancellationToken cancellationToken)
   at System.Net.Http.DecompressionHandler.SendAsync(HttpRequestMessage request, Boolean async, CancellationToken cancellationToken)
   at System.Net.Http.HttpClient.<SendAsync>g__Core|83_0(HttpRequestMessage request, HttpCompletionOption completionOption, CancellationTokenSource cts, Boolean disposeCts, CancellationTokenSource pendingRequestsCts, CancellationToken originalCancellationToken)
   at System.ServiceModel.Channels.HttpChannelFactory`1.HttpClientRequestChannel.HttpClientChannelAsyncRequest.SendRequestAsync(Message message, TimeoutHelper timeoutHelper)
No connection could be made because the target machine actively refused it.
   at System.Net.Sockets.Socket.AwaitableSocketAsyncEventArgs.ThrowException(SocketError error, CancellationToken cancellationToken)
   at System.Net.Sockets.Socket.AwaitableSocketAsyncEventArgs.System.Threading.Tasks.Sources.IValueTaskSource.GetResult(Int16 token)
   at System.Net.Sockets.Socket.<ConnectAsync>g__WaitForConnectWithCancellation|285_0(AwaitableSocketAsyncEventArgs saea, ValueTask connectTask, CancellationToken cancellationToken)
   at System.Net.Http.HttpConnectionPool.ConnectToTcpHostAsync(String host, Int32 port, HttpRequestMessage initialRequest, Boolean async, CancellationToken cancellationToken)
13/11/2025 04:16:54==>Cotizacion Invalida
   at Applet.Nat.Api.Br.Models.DocumentExp.GetCotizacion(String vivstrMoneda, DateTime vivdtm) in C:\Users\Jaco2701\Documents\Visual Studio Projects\Nat\Nat.api\Models\BR\DocumentExp.cs:line 175
   at Applet.Nat.Api.Controllers.MiscController.Statics() in C:\Users\Jaco2701\Documents\Visual Studio Projects\Nat\Nat.api\Controllers\MiscController.cs:line 45
13/11/2025 04:16:54==>Valor de Lista FORMAT:dtmwsmtxca no encontrado
   at Applet.Nat.Api.Static.ListHelper.GetValue(String vivcodType, String vivcodId, NatContext vioContext) in C:\Users\Jaco2701\Documents\Visual Studio Projects\Nat\Nat.api\Static\ListHelper.cs:line 26
   at Applet.Nat.Api.Models.Afip.AfipService.get_ivstrDateformat() in C:\Users\Jaco2701\Documents\Visual Studio Projects\Nat\Nat.api\Models\Afip\AfipService.cs:line 74
   at Applet.Nat.BR.DocumentMTXCA.GetCotizacion(String vivstrMoneda, DateTime vivdtm) in C:\Users\Jaco2701\Documents\Visual Studio Projects\Nat\Nat.api\Models\BR\DocumentMtxca.cs:line 540
13/11/2025 04:16:54==>Cotizacion Invalida
   at Applet.Nat.BR.DocumentMTXCA.GetCotizacion(String vivstrMoneda, DateTime vivdtm) in C:\Users\Jaco2701\Documents\Visual Studio Projects\Nat\Nat.api\Models\BR\DocumentMtxca.cs:line 566
   at Applet.Nat.Api.Controllers.MiscController.Statics() in C:\Users\Jaco2701\Documents\Visual Studio Projects\Nat\Nat.api\Controllers\MiscController.cs:line 65
13/11/2025 04:16:56==>No connection could be made because the target machine actively refused it. (wsfe-homo.arca.gob.ar:443)
   at System.Runtime.AsyncResult.End[TAsyncResult](IAsyncResult result)
   at System.ServiceModel.Channels.ServiceChannel.SendAsyncResult.End(SendAsyncResult result)
   at System.ServiceModel.Channels.ServiceChannel.EndCall(String action, Object[] outs, IAsyncResult result)
   at System.ServiceModel.Channels.ServiceChannelProxy.TaskCreator.<>c__DisplayClass1_0.<CreateGenericTask>b__0(IAsyncResult asyncResult)
--- End of stack trace from previous location ---
   at Applet.Nat.Api.Br.Models.DocumentExp.GetCotizacion(String vivstrMoneda, DateTime vivdtm) in C:\Users\Jaco2701\Documents\Visual Studio Projects\Nat\Nat.api\Models\BR\DocumentExp.cs:line 156
No connection could be made because the target machine actively refused it. (wsfe-homo.arca.gob.ar:443)
   at System.Net.Http.HttpConnectionPool.ConnectToTcpHostAsync(String host, Int32 port, HttpRequestMessage initialRequest, Boolean async, CancellationToken cancellationToken)
   at System.Net.Http.HttpConnectionPool.ConnectAsync(HttpRequestMessage request, Boolean async, CancellationToken cancellationToken)
   at System.Net.Http.HttpConnectionPool.CreateHttp11ConnectionAsync(HttpRequestMessage request, Boolean async, CancellationToken cancellationToken)
   at System.Net.Http.HttpConnectionPool.AddHttp11ConnectionAsync(QueueItem queueItem)
   at System.Threading.Tasks.TaskCompletionSourceWithCancellation`1.WaitWithCancellationAsync(CancellationToken cancellationToken)
   at System.Net.Http.HttpConnectionPool.SendWithVersionDetectionAndRetryAsync(HttpRequestMessage request, Boolean async, Boolean doRequestAuth, CancellationToken cancellationToken)
   at System.Net.Http.DiagnosticsHandler.SendAsyncCore(HttpRequestMessage request, Boolean async, CancellationToken cancellationToken)
   at System.Net.Http.RedirectHandler.SendAsync(HttpRequestMessage request, Boolean async, CancellationToken cancellationToken)
   at System.Net.Http.DecompressionHandler.SendAsync(HttpRequestMessage request, Boolean async, CancellationToken cancellationToken)
   at System.Net.Http.HttpClient.<SendAsync>g__Core|83_0(HttpRequestMessage request, HttpCompletionOption completionOption, CancellationTokenSource cts, Boolean disposeCts, CancellationTokenSource pendingRequestsCts, CancellationToken originalCancellationToken)
   at System.ServiceModel.Channels.HttpChannelFactory`1.HttpClientRequestChannel.HttpClientChannelAsyncRequest.SendRequestAsync(Message message, TimeoutHelper timeoutHelper)
No connection could be made because the target machine actively refused it.
   at System.Net.Sockets.Socket.AwaitableSocketAsyncEventArgs.ThrowException(SocketError error, CancellationToken cancellationToken)
   at System.Net.Sockets.Socket.AwaitableSocketAsyncEventArgs.System.Threading.Tasks.Sources.IValueTaskSource.GetResult(Int16 token)
   at System.Net.Sockets.Socket.<ConnectAsync>g__WaitForConnectWithCancellation|285_0(AwaitableSocketAsyncEventArgs saea, ValueTask connectTask, CancellationToken cancellationToken)
   at System.Net.Http.HttpConnectionPool.ConnectToTcpHostAsync(String host, Int32 port, HttpRequestMessage initialRequest, Boolean async, CancellationToken cancellationToken)
13/11/2025 04:16:56==>Cotizacion Invalida
   at Applet.Nat.Api.Br.Models.DocumentExp.GetCotizacion(String vivstrMoneda, DateTime vivdtm) in C:\Users\Jaco2701\Documents\Visual Studio Projects\Nat\Nat.api\Models\BR\DocumentExp.cs:line 175
   at Applet.Nat.Api.Controllers.MiscController.Statics() in C:\Users\Jaco2701\Documents\Visual Studio Projects\Nat\Nat.api\Controllers\MiscController.cs:line 45
13/11/2025 04:16:56==>Valor de Lista FORMAT:dtmwsmtxca no encontrado
   at Applet.Nat.Api.Static.ListHelper.GetValue(String vivcodType, String vivcodId, NatContext vioContext) in C:\Users\Jaco2701\Documents\Visual Studio Projects\Nat\Nat.api\Static\ListHelper.cs:line 26
   at Applet.Nat.Api.Models.Afip.AfipService.get_ivstrDateformat() in C:\Users\Jaco2701\Documents\Visual Studio Projects\Nat\Nat.api\Models\Afip\AfipService.cs:line 74
   at Applet.Nat.BR.DocumentMTXCA.GetCotizacion(String vivstrMoneda, DateTime vivdtm) in C:\Users\Jaco2701\Documents\Visual Studio Projects\Nat\Nat.api\Models\BR\DocumentMtxca.cs:line 540
13/11/2025 04:16:56==>Cotizacion Invalida
   at Applet.Nat.BR.DocumentMTXCA.GetCotizacion(String vivstrMoneda, DateTime vivdtm) in C:\Users\Jaco2701\Documents\Visual Studio Projects\Nat\Nat.api\Models\BR\DocumentMtxca.cs:line 566
   at Applet.Nat.Api.Controllers.MiscController.Statics() in C:\Users\Jaco2701\Documents\Visual Studio Projects\Nat\Nat.api\Controllers\MiscController.cs:line 65
13/11/2025 04:16:59==>No connection could be made because the target machine actively refused it. (wsfe-homo.arca.gob.ar:443)
   at System.Runtime.AsyncResult.End[TAsyncResult](IAsyncResult result)
   at System.ServiceModel.Channels.ServiceChannel.SendAsyncResult.End(SendAsyncResult result)
   at System.ServiceModel.Channels.ServiceChannel.EndCall(String action, Object[] outs, IAsyncResult result)
   at System.ServiceModel.Channels.ServiceChannelProxy.TaskCreator.<>c__DisplayClass1_0.<CreateGenericTask>b__0(IAsyncResult asyncResult)
--- End of stack trace from previous location ---
   at Applet.Nat.Api.Br.Models.DocumentExp.GetCotizacion(String vivstrMoneda, DateTime vivdtm) in C:\Users\Jaco2701\Documents\Visual Studio Projects\Nat\Nat.api\Models\BR\DocumentExp.cs:line 156
No connection could be made because the target machine actively refused it. (wsfe-homo.arca.gob.ar:443)
   at System.Net.Http.HttpConnectionPool.ConnectToTcpHostAsync(String host, Int32 port, HttpRequestMessage initialRequest, Boolean async, CancellationToken cancellationToken)
   at System.Net.Http.HttpConnectionPool.ConnectAsync(HttpRequestMessage request, Boolean async, CancellationToken cancellationToken)
   at System.Net.Http.HttpConnectionPool.CreateHttp11ConnectionAsync(HttpRequestMessage request, Boolean async, CancellationToken cancellationToken)
   at System.Net.Http.HttpConnectionPool.AddHttp11ConnectionAsync(QueueItem queueItem)
   at System.Threading.Tasks.TaskCompletionSourceWithCancellation`1.WaitWithCancellationAsync(CancellationToken cancellationToken)
   at System.Net.Http.HttpConnectionPool.SendWithVersionDetectionAndRetryAsync(HttpRequestMessage request, Boolean async, Boolean doRequestAuth, CancellationToken cancellationToken)
   at System.Net.Http.DiagnosticsHandler.SendAsyncCore(HttpRequestMessage request, Boolean async, CancellationToken cancellationToken)
   at System.Net.Http.RedirectHandler.SendAsync(HttpRequestMessage request, Boolean async, CancellationToken cancellationToken)
   at System.Net.Http.DecompressionHandler.SendAsync(HttpRequestMessage request, Boolean async, CancellationToken cancellationToken)
   at System.Net.Http.HttpClient.<SendAsync>g__Core|83_0(HttpRequestMessage request, HttpCompletionOption completionOption, CancellationTokenSource cts, Boolean disposeCts, CancellationTokenSource pendingRequestsCts, CancellationToken originalCancellationToken)
   at System.ServiceModel.Channels.HttpChannelFactory`1.HttpClientRequestChannel.HttpClientChannelAsyncRequest.SendRequestAsync(Message message, TimeoutHelper timeoutHelper)
No connection could be made because the target machine actively refused it.
   at System.Net.Sockets.Socket.AwaitableSocketAsyncEventArgs.ThrowException(SocketError error, CancellationToken cancellationToken)
   at System.Net.Sockets.Socket.AwaitableSocketAsyncEventArgs.System.Threading.Tasks.Sources.IValueTaskSource.GetResult(Int16 token)
   at System.Net.Sockets.Socket.<ConnectAsync>g__WaitForConnectWithCancellation|285_0(AwaitableSocketAsyncEventArgs saea, ValueTask connectTask, CancellationToken cancellationToken)
   at System.Net.Http.HttpConnectionPool.ConnectToTcpHostAsync(String host, Int32 port, HttpRequestMessage initialRequest, Boolean async, CancellationToken cancellationToken)
13/11/2025 04:16:59==>Cotizacion Invalida
   at Applet.Nat.Api.Br.Models.DocumentExp.GetCotizacion(String vivstrMoneda, DateTime vivdtm) in C:\Users\Jaco2701\Documents\Visual Studio Projects\Nat\Nat.api\Models\BR\DocumentExp.cs:line 175
   at Applet.Nat.Api.Controllers.MiscController.Statics() in C:\Users\Jaco2701\Documents\Visual Studio Projects\Nat\Nat.api\Controllers\MiscController.cs:line 45
13/11/2025 04:16:59==>Valor de Lista FORMAT:dtmwsmtxca no encontrado
   at Applet.Nat.Api.Static.ListHelper.GetValue(String vivcodType, String vivcodId, NatContext vioContext) in C:\Users\Jaco2701\Documents\Visual Studio Projects\Nat\Nat.api\Static\ListHelper.cs:line 26
   at Applet.Nat.Api.Models.Afip.AfipService.get_ivstrDateformat() in C:\Users\Jaco2701\Documents\Visual Studio Projects\Nat\Nat.api\Models\Afip\AfipService.cs:line 74
   at Applet.Nat.BR.DocumentMTXCA.GetCotizacion(String vivstrMoneda, DateTime vivdtm) in C:\Users\Jaco2701\Documents\Visual Studio Projects\Nat\Nat.api\Models\BR\DocumentMtxca.cs:line 540
13/11/2025 04:16:59==>Cotizacion Invalida
   at Applet.Nat.BR.DocumentMTXCA.GetCotizacion(String vivstrMoneda, DateTime vivdtm) in C:\Users\Jaco2701\Documents\Visual Studio Projects\Nat\Nat.api\Models\BR\DocumentMtxca.cs:line 566
   at Applet.Nat.Api.Controllers.MiscController.Statics() in C:\Users\Jaco2701\Documents\Visual Studio Projects\Nat\Nat.api\Controllers\MiscController.cs:line 65
13/11/2025 04:17:01==>No connection could be made because the target machine actively refused it. (wsfe-homo.arca.gob.ar:443)
   at System.Runtime.AsyncResult.End[TAsyncResult](IAsyncResult result)
   at System.ServiceModel.Channels.ServiceChannel.SendAsyncResult.End(SendAsyncResult result)
   at System.ServiceModel.Channels.ServiceChannel.EndCall(String action, Object[] outs, IAsyncResult result)
   at System.ServiceModel.Channels.ServiceChannelProxy.TaskCreator.<>c__DisplayClass1_0.<CreateGenericTask>b__0(IAsyncResult asyncResult)
--- End of stack trace from previous location ---
   at Applet.Nat.Api.Br.Models.DocumentExp.GetCotizacion(String vivstrMoneda, DateTime vivdtm) in C:\Users\Jaco2701\Documents\Visual Studio Projects\Nat\Nat.api\Models\BR\DocumentExp.cs:line 156
No connection could be made because the target machine actively refused it. (wsfe-homo.arca.gob.ar:443)
   at System.Net.Http.HttpConnectionPool.ConnectToTcpHostAsync(String host, Int32 port, HttpRequestMessage initialRequest, Boolean async, CancellationToken cancellationToken)
   at System.Net.Http.HttpConnectionPool.ConnectAsync(HttpRequestMessage request, Boolean async, CancellationToken cancellationToken)
   at System.Net.Http.HttpConnectionPool.CreateHttp11ConnectionAsync(HttpRequestMessage request, Boolean async, CancellationToken cancellationToken)
   at System.Net.Http.HttpConnectionPool.AddHttp11ConnectionAsync(QueueItem queueItem)
   at System.Threading.Tasks.TaskCompletionSourceWithCancellation`1.WaitWithCancellationAsync(CancellationToken cancellationToken)
   at System.Net.Http.HttpConnectionPool.SendWithVersionDetectionAndRetryAsync(HttpRequestMessage request, Boolean async, Boolean doRequestAuth, CancellationToken cancellationToken)
   at System.Net.Http.DiagnosticsHandler.SendAsyncCore(HttpRequestMessage request, Boolean async, CancellationToken cancellationToken)
   at System.Net.Http.RedirectHandler.SendAsync(HttpRequestMessage request, Boolean async, CancellationToken cancellationToken)
   at System.Net.Http.DecompressionHandler.SendAsync(HttpRequestMessage request, Boolean async, CancellationToken cancellationToken)
   at System.Net.Http.HttpClient.<SendAsync>g__Core|83_0(HttpRequestMessage request, HttpCompletionOption completionOption, CancellationTokenSource cts, Boolean disposeCts, CancellationTokenSource pendingRequestsCts, CancellationToken originalCancellationToken)
   at System.ServiceModel.Channels.HttpChannelFactory`1.HttpClientRequestChannel.HttpClientChannelAsyncRequest.SendRequestAsync(Message message, TimeoutHelper timeoutHelper)
No connection could be made because the target machine actively refused it.
   at System.Net.Sockets.Socket.AwaitableSocketAsyncEventArgs.ThrowException(SocketError error, CancellationToken cancellationToken)
   at System.Net.Sockets.Socket.AwaitableSocketAsyncEventArgs.System.Threading.Tasks.Sources.IValueTaskSource.GetResult(Int16 token)
   at System.Net.Sockets.Socket.<ConnectAsync>g__WaitForConnectWithCancellation|285_0(AwaitableSocketAsyncEventArgs saea, ValueTask connectTask, CancellationToken cancellationToken)
   at System.Net.Http.HttpConnectionPool.ConnectToTcpHostAsync(String host, Int32 port, HttpRequestMessage initialRequest, Boolean async, CancellationToken cancellationToken)
13/11/2025 04:17:01==>Cotizacion Invalida
   at Applet.Nat.Api.Br.Models.DocumentExp.GetCotizacion(String vivstrMoneda, DateTime vivdtm) in C:\Users\Jaco2701\Documents\Visual Studio Projects\Nat\Nat.api\Models\BR\DocumentExp.cs:line 175
   at Applet.Nat.Api.Controllers.MiscController.Statics() in C:\Users\Jaco2701\Documents\Visual Studio Projects\Nat\Nat.api\Controllers\MiscController.cs:line 45
13/11/2025 04:17:01==>Valor de Lista FORMAT:dtmwsmtxca no encontrado
   at Applet.Nat.Api.Static.ListHelper.GetValue(String vivcodType, String vivcodId, NatContext vioContext) in C:\Users\Jaco2701\Documents\Visual Studio Projects\Nat\Nat.api\Static\ListHelper.cs:line 26
   at Applet.Nat.Api.Models.Afip.AfipService.get_ivstrDateformat() in C:\Users\Jaco2701\Documents\Visual Studio Projects\Nat\Nat.api\Models\Afip\AfipService.cs:line 74
   at Applet.Nat.BR.DocumentMTXCA.GetCotizacion(String vivstrMoneda, DateTime vivdtm) in C:\Users\Jaco2701\Documents\Visual Studio Projects\Nat\Nat.api\Models\BR\DocumentMtxca.cs:line 540
13/11/2025 04:17:01==>Cotizacion Invalida
   at Applet.Nat.BR.DocumentMTXCA.GetCotizacion(String vivstrMoneda, DateTime vivdtm) in C:\Users\Jaco2701\Documents\Visual Studio Projects\Nat\Nat.api\Models\BR\DocumentMtxca.cs:line 566
   at Applet.Nat.Api.Controllers.MiscController.Statics() in C:\Users\Jaco2701\Documents\Visual Studio Projects\Nat\Nat.api\Controllers\MiscController.cs:line 65
13/11/2025 04:17:11==>No connection could be made because the target machine actively refused it. (wsfe-homo.arca.gob.ar:443)
   at System.Runtime.AsyncResult.End[TAsyncResult](IAsyncResult result)
   at System.ServiceModel.Channels.ServiceChannel.SendAsyncResult.End(SendAsyncResult result)
   at System.ServiceModel.Channels.ServiceChannel.EndCall(String action, Object[] outs, IAsyncResult result)
   at System.ServiceModel.Channels.ServiceChannelProxy.TaskCreator.<>c__DisplayClass1_0.<CreateGenericTask>b__0(IAsyncResult asyncResult)
--- End of stack trace from previous location ---
   at Applet.Nat.Api.Br.Models.DocumentExp.GetCotizacion(String vivstrMoneda, DateTime vivdtm) in C:\Users\Jaco2701\Documents\Visual Studio Projects\Nat\Nat.api\Models\BR\DocumentExp.cs:line 156
No connection could be made because the target machine actively refused it. (wsfe-homo.arca.gob.ar:443)
   at System.Net.Http.HttpConnectionPool.ConnectToTcpHostAsync(String host, Int32 port, HttpRequestMessage initialRequest, Boolean async, CancellationToken cancellationToken)
   at System.Net.Http.HttpConnectionPool.ConnectAsync(HttpRequestMessage request, Boolean async, CancellationToken cancellationToken)
   at System.Net.Http.HttpConnectionPool.CreateHttp11ConnectionAsync(HttpRequestMessage request, Boolean async, CancellationToken cancellationToken)
   at System.Net.Http.HttpConnectionPool.AddHttp11ConnectionAsync(QueueItem queueItem)
   at System.Threading.Tasks.TaskCompletionSourceWithCancellation`1.WaitWithCancellationAsync(CancellationToken cancellationToken)
   at System.Net.Http.HttpConnectionPool.SendWithVersionDetectionAndRetryAsync(HttpRequestMessage request, Boolean async, Boolean doRequestAuth, CancellationToken cancellationToken)
   at System.Net.Http.DiagnosticsHandler.SendAsyncCore(HttpRequestMessage request, Boolean async, CancellationToken cancellationToken)
   at System.Net.Http.RedirectHandler.SendAsync(HttpRequestMessage request, Boolean async, CancellationToken cancellationToken)
   at System.Net.Http.DecompressionHandler.SendAsync(HttpRequestMessage request, Boolean async, CancellationToken cancellationToken)
   at System.Net.Http.HttpClient.<SendAsync>g__Core|83_0(HttpRequestMessage request, HttpCompletionOption completionOption, CancellationTokenSource cts, Boolean disposeCts, CancellationTokenSource pendingRequestsCts, CancellationToken originalCancellationToken)
   at System.ServiceModel.Channels.HttpChannelFactory`1.HttpClientRequestChannel.HttpClientChannelAsyncRequest.SendRequestAsync(Message message, TimeoutHelper timeoutHelper)
No connection could be made because the target machine actively refused it.
   at System.Net.Sockets.Socket.AwaitableSocketAsyncEventArgs.ThrowException(SocketError error, CancellationToken cancellationToken)
   at System.Net.Sockets.Socket.AwaitableSocketAsyncEventArgs.System.Threading.Tasks.Sources.IValueTaskSource.GetResult(Int16 token)
   at System.Net.Sockets.Socket.<ConnectAsync>g__WaitForConnectWithCancellation|285_0(AwaitableSocketAsyncEventArgs saea, ValueTask connectTask, CancellationToken cancellationToken)
   at System.Net.Http.HttpConnectionPool.ConnectToTcpHostAsync(String host, Int32 port, HttpRequestMessage initialRequest, Boolean async, CancellationToken cancellationToken)
13/11/2025 04:17:11==>Cotizacion Invalida
   at Applet.Nat.Api.Br.Models.DocumentExp.GetCotizacion(String vivstrMoneda, DateTime vivdtm) in C:\Users\Jaco2701\Documents\Visual Studio Projects\Nat\Nat.api\Models\BR\DocumentExp.cs:line 175
   at Applet.Nat.Api.Controllers.MiscController.Statics() in C:\Users\Jaco2701\Documents\Visual Studio Projects\Nat\Nat.api\Controllers\MiscController.cs:line 45
13/11/2025 04:17:11==>Valor de Lista FORMAT:dtmwsmtxca no encontrado
   at Applet.Nat.Api.Static.ListHelper.GetValue(String vivcodType, String vivcodId, NatContext vioContext) in C:\Users\Jaco2701\Documents\Visual Studio Projects\Nat\Nat.api\Static\ListHelper.cs:line 26
   at Applet.Nat.Api.Models.Afip.AfipService.get_ivstrDateformat() in C:\Users\Jaco2701\Documents\Visual Studio Projects\Nat\Nat.api\Models\Afip\AfipService.cs:line 74
   at Applet.Nat.BR.DocumentMTXCA.GetCotizacion(String vivstrMoneda, DateTime vivdtm) in C:\Users\Jaco2701\Documents\Visual Studio Projects\Nat\Nat.api\Models\BR\DocumentMtxca.cs:line 540
13/11/2025 04:17:11==>Cotizacion Invalida
   at Applet.Nat.BR.DocumentMTXCA.GetCotizacion(String vivstrMoneda, DateTime vivdtm) in C:\Users\Jaco2701\Documents\Visual Studio Projects\Nat\Nat.api\Models\BR\DocumentMtxca.cs:line 566
   at Applet.Nat.Api.Controllers.MiscController.Statics() in C:\Users\Jaco2701\Documents\Visual Studio Projects\Nat\Nat.api\Controllers\MiscController.cs:line 65
13/11/2025 04:17:14==>No connection could be made because the target machine actively refused it. (wsfe-homo.arca.gob.ar:443)
   at System.Runtime.AsyncResult.End[TAsyncResult](IAsyncResult result)
   at System.ServiceModel.Channels.ServiceChannel.SendAsyncResult.End(SendAsyncResult result)
   at System.ServiceModel.Channels.ServiceChannel.EndCall(String action, Object[] outs, IAsyncResult result)
   at System.ServiceModel.Channels.ServiceChannelProxy.TaskCreator.<>c__DisplayClass1_0.<CreateGenericTask>b__0(IAsyncResult asyncResult)
--- End of stack trace from previous location ---
   at Applet.Nat.Api.Br.Models.DocumentExp.GetCotizacion(String vivstrMoneda, DateTime vivdtm) in C:\Users\Jaco2701\Documents\Visual Studio Projects\Nat\Nat.api\Models\BR\DocumentExp.cs:line 156
No connection could be made because the target machine actively refused it. (wsfe-homo.arca.gob.ar:443)
   at System.Net.Http.HttpConnectionPool.ConnectToTcpHostAsync(String host, Int32 port, HttpRequestMessage initialRequest, Boolean async, CancellationToken cancellationToken)
   at System.Net.Http.HttpConnectionPool.ConnectAsync(HttpRequestMessage request, Boolean async, CancellationToken cancellationToken)
   at System.Net.Http.HttpConnectionPool.CreateHttp11ConnectionAsync(HttpRequestMessage request, Boolean async, CancellationToken cancellationToken)
   at System.Net.Http.HttpConnectionPool.AddHttp11ConnectionAsync(QueueItem queueItem)
   at System.Threading.Tasks.TaskCompletionSourceWithCancellation`1.WaitWithCancellationAsync(CancellationToken cancellationToken)
   at System.Net.Http.HttpConnectionPool.SendWithVersionDetectionAndRetryAsync(HttpRequestMessage request, Boolean async, Boolean doRequestAuth, CancellationToken cancellationToken)
   at System.Net.Http.DiagnosticsHandler.SendAsyncCore(HttpRequestMessage request, Boolean async, CancellationToken cancellationToken)
   at System.Net.Http.RedirectHandler.SendAsync(HttpRequestMessage request, Boolean async, CancellationToken cancellationToken)
   at System.Net.Http.DecompressionHandler.SendAsync(HttpRequestMessage request, Boolean async, CancellationToken cancellationToken)
   at System.Net.Http.HttpClient.<SendAsync>g__Core|83_0(HttpRequestMessage request, HttpCompletionOption completionOption, CancellationTokenSource cts, Boolean disposeCts, CancellationTokenSource pendingRequestsCts, CancellationToken originalCancellationToken)
   at System.ServiceModel.Channels.HttpChannelFactory`1.HttpClientRequestChannel.HttpClientChannelAsyncRequest.SendRequestAsync(Message message, TimeoutHelper timeoutHelper)
No connection could be made because the target machine actively refused it.
   at System.Net.Sockets.Socket.AwaitableSocketAsyncEventArgs.ThrowException(SocketError error, CancellationToken cancellationToken)
   at System.Net.Sockets.Socket.AwaitableSocketAsyncEventArgs.System.Threading.Tasks.Sources.IValueTaskSource.GetResult(Int16 token)
   at System.Net.Sockets.Socket.<ConnectAsync>g__WaitForConnectWithCancellation|285_0(AwaitableSocketAsyncEventArgs saea, ValueTask connectTask, CancellationToken cancellationToken)
   at System.Net.Http.HttpConnectionPool.ConnectToTcpHostAsync(String host, Int32 port, HttpRequestMessage initialRequest, Boolean async, CancellationToken cancellationToken)
13/11/2025 04:17:14==>Cotizacion Invalida
   at Applet.Nat.Api.Br.Models.DocumentExp.GetCotizacion(String vivstrMoneda, DateTime vivdtm) in C:\Users\Jaco2701\Documents\Visual Studio Projects\Nat\Nat.api\Models\BR\DocumentExp.cs:line 175
   at Applet.Nat.Api.Controllers.MiscController.Statics() in C:\Users\Jaco2701\Documents\Visual Studio Projects\Nat\Nat.api\Controllers\MiscController.cs:line 45
13/11/2025 04:17:14==>Valor de Lista FORMAT:dtmwsmtxca no encontrado
   at Applet.Nat.Api.Static.ListHelper.GetValue(String vivcodType, String vivcodId, NatContext vioContext) in C:\Users\Jaco2701\Documents\Visual Studio Projects\Nat\Nat.api\Static\ListHelper.cs:line 26
   at Applet.Nat.Api.Models.Afip.AfipService.get_ivstrDateformat() in C:\Users\Jaco2701\Documents\Visual Studio Projects\Nat\Nat.api\Models\Afip\AfipService.cs:line 74
   at Applet.Nat.BR.DocumentMTXCA.GetCotizacion(String vivstrMoneda, DateTime vivdtm) in C:\Users\Jaco2701\Documents\Visual Studio Projects\Nat\Nat.api\Models\BR\DocumentMtxca.cs:line 540
13/11/2025 04:17:14==>Cotizacion Invalida
   at Applet.Nat.BR.DocumentMTXCA.GetCotizacion(String vivstrMoneda, DateTime vivdtm) in C:\Users\Jaco2701\Documents\Visual Studio Projects\Nat\Nat.api\Models\BR\DocumentMtxca.cs:line 566
   at Applet.Nat.Api.Controllers.MiscController.Statics() in C:\Users\Jaco2701\Documents\Visual Studio Projects\Nat\Nat.api\Controllers\MiscController.cs:line 65
13/11/2025 04:20:37==>No connection could be made because the target machine actively refused it. (wsfe-homo.arca.gob.ar:443)
   at System.Runtime.AsyncResult.End[TAsyncResult](IAsyncResult result)
   at System.ServiceModel.Channels.ServiceChannel.SendAsyncResult.End(SendAsyncResult result)
   at System.ServiceModel.Channels.ServiceChannel.EndCall(String action, Object[] outs, IAsyncResult result)
   at System.ServiceModel.Channels.ServiceChannelProxy.TaskCreator.<>c__DisplayClass1_0.<CreateGenericTask>b__0(IAsyncResult asyncResult)
--- End of stack trace from previous location ---
   at Applet.Nat.Api.Br.Models.DocumentExp.GetCotizacion(String vivstrMoneda, DateTime vivdtm) in C:\Users\Jaco2701\Documents\Visual Studio Projects\Nat\Nat.api\Models\BR\DocumentExp.cs:line 156
No connection could be made because the target machine actively refused it. (wsfe-homo.arca.gob.ar:443)
   at System.Net.Http.HttpConnectionPool.ConnectToTcpHostAsync(String host, Int32 port, HttpRequestMessage initialRequest, Boolean async, CancellationToken cancellationToken)
   at System.Net.Http.HttpConnectionPool.ConnectAsync(HttpRequestMessage request, Boolean async, CancellationToken cancellationToken)
   at System.Net.Http.HttpConnectionPool.CreateHttp11ConnectionAsync(HttpRequestMessage request, Boolean async, CancellationToken cancellationToken)
   at System.Net.Http.HttpConnectionPool.AddHttp11ConnectionAsync(QueueItem queueItem)
   at System.Threading.Tasks.TaskCompletionSourceWithCancellation`1.WaitWithCancellationAsync(CancellationToken cancellationToken)
   at System.Net.Http.HttpConnectionPool.SendWithVersionDetectionAndRetryAsync(HttpRequestMessage request, Boolean async, Boolean doRequestAuth, CancellationToken cancellationToken)
   at System.Net.Http.DiagnosticsHandler.SendAsyncCore(HttpRequestMessage request, Boolean async, CancellationToken cancellationToken)
   at System.Net.Http.RedirectHandler.SendAsync(HttpRequestMessage request, Boolean async, CancellationToken cancellationToken)
   at System.Net.Http.DecompressionHandler.SendAsync(HttpRequestMessage request, Boolean async, CancellationToken cancellationToken)
   at System.Net.Http.HttpClient.<SendAsync>g__Core|83_0(HttpRequestMessage request, HttpCompletionOption completionOption, CancellationTokenSource cts, Boolean disposeCts, CancellationTokenSource pendingRequestsCts, CancellationToken originalCancellationToken)
   at System.ServiceModel.Channels.HttpChannelFactory`1.HttpClientRequestChannel.HttpClientChannelAsyncRequest.SendRequestAsync(Message message, TimeoutHelper timeoutHelper)
No connection could be made because the target machine actively refused it.
   at System.Net.Sockets.Socket.AwaitableSocketAsyncEventArgs.ThrowException(SocketError error, CancellationToken cancellationToken)
   at System.Net.Sockets.Socket.AwaitableSocketAsyncEventArgs.System.Threading.Tasks.Sources.IValueTaskSource.GetResult(Int16 token)
   at System.Net.Sockets.Socket.<ConnectAsync>g__WaitForConnectWithCancellation|285_0(AwaitableSocketAsyncEventArgs saea, ValueTask connectTask, CancellationToken cancellationToken)
   at System.Net.Http.HttpConnectionPool.ConnectToTcpHostAsync(String host, Int32 port, HttpRequestMessage initialRequest, Boolean async, CancellationToken cancellationToken)
13/11/2025 04:20:37==>Cotizacion Invalida
   at Applet.Nat.Api.Br.Models.DocumentExp.GetCotizacion(String vivstrMoneda, DateTime vivdtm) in C:\Users\Jaco2701\Documents\Visual Studio Projects\Nat\Nat.api\Models\BR\DocumentExp.cs:line 175
   at Applet.Nat.Api.Controllers.MiscController.Statics() in C:\Users\Jaco2701\Documents\Visual Studio Projects\Nat\Nat.api\Controllers\MiscController.cs:line 45
13/11/2025 04:20:38==>Valor de Lista FORMAT:dtmwsmtxca no encontrado
   at Applet.Nat.Api.Static.ListHelper.GetValue(String vivcodType, String vivcodId, NatContext vioContext) in C:\Users\Jaco2701\Documents\Visual Studio Projects\Nat\Nat.api\Static\ListHelper.cs:line 26
   at Applet.Nat.Api.Models.Afip.AfipService.get_ivstrDateformat() in C:\Users\Jaco2701\Documents\Visual Studio Projects\Nat\Nat.api\Models\Afip\AfipService.cs:line 74
   at Applet.Nat.BR.DocumentMTXCA.GetCotizacion(String vivstrMoneda, DateTime vivdtm) in C:\Users\Jaco2701\Documents\Visual Studio Projects\Nat\Nat.api\Models\BR\DocumentMtxca.cs:line 540
13/11/2025 04:20:38==>Cotizacion Invalida
   at Applet.Nat.BR.DocumentMTXCA.GetCotizacion(String vivstrMoneda, DateTime vivdtm) in C:\Users\Jaco2701\Documents\Visual Studio Projects\Nat\Nat.api\Models\BR\DocumentMtxca.cs:line 566
   at Applet.Nat.Api.Controllers.MiscController.Statics() in C:\Users\Jaco2701\Documents\Visual Studio Projects\Nat\Nat.api\Controllers\MiscController.cs:line 65
13/11/2025 04:20:40==>No connection could be made because the target machine actively refused it. (wsfe-homo.arca.gob.ar:443)
   at System.Runtime.AsyncResult.End[TAsyncResult](IAsyncResult result)
   at System.ServiceModel.Channels.ServiceChannel.SendAsyncResult.End(SendAsyncResult result)
   at System.ServiceModel.Channels.ServiceChannel.EndCall(String action, Object[] outs, IAsyncResult result)
   at System.ServiceModel.Channels.ServiceChannelProxy.TaskCreator.<>c__DisplayClass1_0.<CreateGenericTask>b__0(IAsyncResult asyncResult)
--- End of stack trace from previous location ---
   at Applet.Nat.Api.Br.Models.DocumentExp.GetCotizacion(String vivstrMoneda, DateTime vivdtm) in C:\Users\Jaco2701\Documents\Visual Studio Projects\Nat\Nat.api\Models\BR\DocumentExp.cs:line 156
No connection could be made because the target machine actively refused it. (wsfe-homo.arca.gob.ar:443)
   at System.Net.Http.HttpConnectionPool.ConnectToTcpHostAsync(String host, Int32 port, HttpRequestMessage initialRequest, Boolean async, CancellationToken cancellationToken)
   at System.Net.Http.HttpConnectionPool.ConnectAsync(HttpRequestMessage request, Boolean async, CancellationToken cancellationToken)
   at System.Net.Http.HttpConnectionPool.CreateHttp11ConnectionAsync(HttpRequestMessage request, Boolean async, CancellationToken cancellationToken)
   at System.Net.Http.HttpConnectionPool.AddHttp11ConnectionAsync(QueueItem queueItem)
   at System.Threading.Tasks.TaskCompletionSourceWithCancellation`1.WaitWithCancellationAsync(CancellationToken cancellationToken)
   at System.Net.Http.HttpConnectionPool.SendWithVersionDetectionAndRetryAsync(HttpRequestMessage request, Boolean async, Boolean doRequestAuth, CancellationToken cancellationToken)
   at System.Net.Http.DiagnosticsHandler.SendAsyncCore(HttpRequestMessage request, Boolean async, CancellationToken cancellationToken)
   at System.Net.Http.RedirectHandler.SendAsync(HttpRequestMessage request, Boolean async, CancellationToken cancellationToken)
   at System.Net.Http.DecompressionHandler.SendAsync(HttpRequestMessage request, Boolean async, CancellationToken cancellationToken)
   at System.Net.Http.HttpClient.<SendAsync>g__Core|83_0(HttpRequestMessage request, HttpCompletionOption completionOption, CancellationTokenSource cts, Boolean disposeCts, CancellationTokenSource pendingRequestsCts, CancellationToken originalCancellationToken)
   at System.ServiceModel.Channels.HttpChannelFactory`1.HttpClientRequestChannel.HttpClientChannelAsyncRequest.SendRequestAsync(Message message, TimeoutHelper timeoutHelper)
No connection could be made because the target machine actively refused it.
   at System.Net.Sockets.Socket.AwaitableSocketAsyncEventArgs.ThrowException(SocketError error, CancellationToken cancellationToken)
   at System.Net.Sockets.Socket.AwaitableSocketAsyncEventArgs.System.Threading.Tasks.Sources.IValueTaskSource.GetResult(Int16 token)
   at System.Net.Sockets.Socket.<ConnectAsync>g__WaitForConnectWithCancellation|285_0(AwaitableSocketAsyncEventArgs saea, ValueTask connectTask, CancellationToken cancellationToken)
   at System.Net.Http.HttpConnectionPool.ConnectToTcpHostAsync(String host, Int32 port, HttpRequestMessage initialRequest, Boolean async, CancellationToken cancellationToken)
13/11/2025 04:20:40==>Cotizacion Invalida
   at Applet.Nat.Api.Br.Models.DocumentExp.GetCotizacion(String vivstrMoneda, DateTime vivdtm) in C:\Users\Jaco2701\Documents\Visual Studio Projects\Nat\Nat.api\Models\BR\DocumentExp.cs:line 175
   at Applet.Nat.Api.Controllers.MiscController.Statics() in C:\Users\Jaco2701\Documents\Visual Studio Projects\Nat\Nat.api\Controllers\MiscController.cs:line 45
13/11/2025 04:20:40==>Valor de Lista FORMAT:dtmwsmtxca no encontrado
   at Applet.Nat.Api.Static.ListHelper.GetValue(String vivcodType, String vivcodId, NatContext vioContext) in C:\Users\Jaco2701\Documents\Visual Studio Projects\Nat\Nat.api\Static\ListHelper.cs:line 26
   at Applet.Nat.Api.Models.Afip.AfipService.get_ivstrDateformat() in C:\Users\Jaco2701\Documents\Visual Studio Projects\Nat\Nat.api\Models\Afip\AfipService.cs:line 74
   at Applet.Nat.BR.DocumentMTXCA.GetCotizacion(String vivstrMoneda, DateTime vivdtm) in C:\Users\Jaco2701\Documents\Visual Studio Projects\Nat\Nat.api\Models\BR\DocumentMtxca.cs:line 540
13/11/2025 04:20:40==>Cotizacion Invalida
   at Applet.Nat.BR.DocumentMTXCA.GetCotizacion(String vivstrMoneda, DateTime vivdtm) in C:\Users\Jaco2701\Documents\Visual Studio Projects\Nat\Nat.api\Models\BR\DocumentMtxca.cs:line 566
   at Applet.Nat.Api.Controllers.MiscController.Statics() in C:\Users\Jaco2701\Documents\Visual Studio Projects\Nat\Nat.api\Controllers\MiscController.cs:line 65
13/11/2025 04:20:42==>No connection could be made because the target machine actively refused it. (wsfe-homo.arca.gob.ar:443)
   at System.Runtime.AsyncResult.End[TAsyncResult](IAsyncResult result)
   at System.ServiceModel.Channels.ServiceChannel.SendAsyncResult.End(SendAsyncResult result)
   at System.ServiceModel.Channels.ServiceChannel.EndCall(String action, Object[] outs, IAsyncResult result)
   at System.ServiceModel.Channels.ServiceChannelProxy.TaskCreator.<>c__DisplayClass1_0.<CreateGenericTask>b__0(IAsyncResult asyncResult)
--- End of stack trace from previous location ---
   at Applet.Nat.Api.Br.Models.DocumentExp.GetCotizacion(String vivstrMoneda, DateTime vivdtm) in C:\Users\Jaco2701\Documents\Visual Studio Projects\Nat\Nat.api\Models\BR\DocumentExp.cs:line 156
No connection could be made because the target machine actively refused it. (wsfe-homo.arca.gob.ar:443)
   at System.Net.Http.HttpConnectionPool.ConnectToTcpHostAsync(String host, Int32 port, HttpRequestMessage initialRequest, Boolean async, CancellationToken cancellationToken)
   at System.Net.Http.HttpConnectionPool.ConnectAsync(HttpRequestMessage request, Boolean async, CancellationToken cancellationToken)
   at System.Net.Http.HttpConnectionPool.CreateHttp11ConnectionAsync(HttpRequestMessage request, Boolean async, CancellationToken cancellationToken)
   at System.Net.Http.HttpConnectionPool.AddHttp11ConnectionAsync(QueueItem queueItem)
   at System.Threading.Tasks.TaskCompletionSourceWithCancellation`1.WaitWithCancellationAsync(CancellationToken cancellationToken)
   at System.Net.Http.HttpConnectionPool.SendWithVersionDetectionAndRetryAsync(HttpRequestMessage request, Boolean async, Boolean doRequestAuth, CancellationToken cancellationToken)
   at System.Net.Http.DiagnosticsHandler.SendAsyncCore(HttpRequestMessage request, Boolean async, CancellationToken cancellationToken)
   at System.Net.Http.RedirectHandler.SendAsync(HttpRequestMessage request, Boolean async, CancellationToken cancellationToken)
   at System.Net.Http.DecompressionHandler.SendAsync(HttpRequestMessage request, Boolean async, CancellationToken cancellationToken)
   at System.Net.Http.HttpClient.<SendAsync>g__Core|83_0(HttpRequestMessage request, HttpCompletionOption completionOption, CancellationTokenSource cts, Boolean disposeCts, CancellationTokenSource pendingRequestsCts, CancellationToken originalCancellationToken)
   at System.ServiceModel.Channels.HttpChannelFactory`1.HttpClientRequestChannel.HttpClientChannelAsyncRequest.SendRequestAsync(Message message, TimeoutHelper timeoutHelper)
No connection could be made because the target machine actively refused it.
   at System.Net.Sockets.Socket.AwaitableSocketAsyncEventArgs.ThrowException(SocketError error, CancellationToken cancellationToken)
   at System.Net.Sockets.Socket.AwaitableSocketAsyncEventArgs.System.Threading.Tasks.Sources.IValueTaskSource.GetResult(Int16 token)
   at System.Net.Sockets.Socket.<ConnectAsync>g__WaitForConnectWithCancellation|285_0(AwaitableSocketAsyncEventArgs saea, ValueTask connectTask, CancellationToken cancellationToken)
   at System.Net.Http.HttpConnectionPool.ConnectToTcpHostAsync(String host, Int32 port, HttpRequestMessage initialRequest, Boolean async, CancellationToken cancellationToken)
13/11/2025 04:20:42==>Cotizacion Invalida
   at Applet.Nat.Api.Br.Models.DocumentExp.GetCotizacion(String vivstrMoneda, DateTime vivdtm) in C:\Users\Jaco2701\Documents\Visual Studio Projects\Nat\Nat.api\Models\BR\DocumentExp.cs:line 175
   at Applet.Nat.Api.Controllers.MiscController.Statics() in C:\Users\Jaco2701\Documents\Visual Studio Projects\Nat\Nat.api\Controllers\MiscController.cs:line 45
13/11/2025 04:20:43==>Valor de Lista FORMAT:dtmwsmtxca no encontrado
   at Applet.Nat.Api.Static.ListHelper.GetValue(String vivcodType, String vivcodId, NatContext vioContext) in C:\Users\Jaco2701\Documents\Visual Studio Projects\Nat\Nat.api\Static\ListHelper.cs:line 26
   at Applet.Nat.Api.Models.Afip.AfipService.get_ivstrDateformat() in C:\Users\Jaco2701\Documents\Visual Studio Projects\Nat\Nat.api\Models\Afip\AfipService.cs:line 74
   at Applet.Nat.BR.DocumentMTXCA.GetCotizacion(String vivstrMoneda, DateTime vivdtm) in C:\Users\Jaco2701\Documents\Visual Studio Projects\Nat\Nat.api\Models\BR\DocumentMtxca.cs:line 540
13/11/2025 04:20:43==>Cotizacion Invalida
   at Applet.Nat.BR.DocumentMTXCA.GetCotizacion(String vivstrMoneda, DateTime vivdtm) in C:\Users\Jaco2701\Documents\Visual Studio Projects\Nat\Nat.api\Models\BR\DocumentMtxca.cs:line 566
   at Applet.Nat.Api.Controllers.MiscController.Statics() in C:\Users\Jaco2701\Documents\Visual Studio Projects\Nat\Nat.api\Controllers\MiscController.cs:line 65
13/11/2025 04:20:45==>No connection could be made because the target machine actively refused it. (wsfe-homo.arca.gob.ar:443)
   at System.Runtime.AsyncResult.End[TAsyncResult](IAsyncResult result)
   at System.ServiceModel.Channels.ServiceChannel.SendAsyncResult.End(SendAsyncResult result)
   at System.ServiceModel.Channels.ServiceChannel.EndCall(String action, Object[] outs, IAsyncResult result)
   at System.ServiceModel.Channels.ServiceChannelProxy.TaskCreator.<>c__DisplayClass1_0.<CreateGenericTask>b__0(IAsyncResult asyncResult)
--- End of stack trace from previous location ---
   at Applet.Nat.Api.Br.Models.DocumentExp.GetCotizacion(String vivstrMoneda, DateTime vivdtm) in C:\Users\Jaco2701\Documents\Visual Studio Projects\Nat\Nat.api\Models\BR\DocumentExp.cs:line 156
No connection could be made because the target machine actively refused it. (wsfe-homo.arca.gob.ar:443)
   at System.Net.Http.HttpConnectionPool.ConnectToTcpHostAsync(String host, Int32 port, HttpRequestMessage initialRequest, Boolean async, CancellationToken cancellationToken)
   at System.Net.Http.HttpConnectionPool.ConnectAsync(HttpRequestMessage request, Boolean async, CancellationToken cancellationToken)
   at System.Net.Http.HttpConnectionPool.CreateHttp11ConnectionAsync(HttpRequestMessage request, Boolean async, CancellationToken cancellationToken)
   at System.Net.Http.HttpConnectionPool.AddHttp11ConnectionAsync(QueueItem queueItem)
   at System.Threading.Tasks.TaskCompletionSourceWithCancellation`1.WaitWithCancellationAsync(CancellationToken cancellationToken)
   at System.Net.Http.HttpConnectionPool.SendWithVersionDetectionAndRetryAsync(HttpRequestMessage request, Boolean async, Boolean doRequestAuth, CancellationToken cancellationToken)
   at System.Net.Http.DiagnosticsHandler.SendAsyncCore(HttpRequestMessage request, Boolean async, CancellationToken cancellationToken)
   at System.Net.Http.RedirectHandler.SendAsync(HttpRequestMessage request, Boolean async, CancellationToken cancellationToken)
   at System.Net.Http.DecompressionHandler.SendAsync(HttpRequestMessage request, Boolean async, CancellationToken cancellationToken)
   at System.Net.Http.HttpClient.<SendAsync>g__Core|83_0(HttpRequestMessage request, HttpCompletionOption completionOption, CancellationTokenSource cts, Boolean disposeCts, CancellationTokenSource pendingRequestsCts, CancellationToken originalCancellationToken)
   at System.ServiceModel.Channels.HttpChannelFactory`1.HttpClientRequestChannel.HttpClientChannelAsyncRequest.SendRequestAsync(Message message, TimeoutHelper timeoutHelper)
No connection could be made because the target machine actively refused it.
   at System.Net.Sockets.Socket.AwaitableSocketAsyncEventArgs.ThrowException(SocketError error, CancellationToken cancellationToken)
   at System.Net.Sockets.Socket.AwaitableSocketAsyncEventArgs.System.Threading.Tasks.Sources.IValueTaskSource.GetResult(Int16 token)
   at System.Net.Sockets.Socket.<ConnectAsync>g__WaitForConnectWithCancellation|285_0(AwaitableSocketAsyncEventArgs saea, ValueTask connectTask, CancellationToken cancellationToken)
   at System.Net.Http.HttpConnectionPool.ConnectToTcpHostAsync(String host, Int32 port, HttpRequestMessage initialRequest, Boolean async, CancellationToken cancellationToken)
13/11/2025 04:20:45==>Cotizacion Invalida
   at Applet.Nat.Api.Br.Models.DocumentExp.GetCotizacion(String vivstrMoneda, DateTime vivdtm) in C:\Users\Jaco2701\Documents\Visual Studio Projects\Nat\Nat.api\Models\BR\DocumentExp.cs:line 175
   at Applet.Nat.Api.Controllers.MiscController.Statics() in C:\Users\Jaco2701\Documents\Visual Studio Projects\Nat\Nat.api\Controllers\MiscController.cs:line 45
13/11/2025 04:20:45==>Valor de Lista FORMAT:dtmwsmtxca no encontrado
   at Applet.Nat.Api.Static.ListHelper.GetValue(String vivcodType, String vivcodId, NatContext vioContext) in C:\Users\Jaco2701\Documents\Visual Studio Projects\Nat\Nat.api\Static\ListHelper.cs:line 26
   at Applet.Nat.Api.Models.Afip.AfipService.get_ivstrDateformat() in C:\Users\Jaco2701\Documents\Visual Studio Projects\Nat\Nat.api\Models\Afip\AfipService.cs:line 74
   at Applet.Nat.BR.DocumentMTXCA.GetCotizacion(String vivstrMoneda, DateTime vivdtm) in C:\Users\Jaco2701\Documents\Visual Studio Projects\Nat\Nat.api\Models\BR\DocumentMtxca.cs:line 540
13/11/2025 04:20:45==>Cotizacion Invalida
   at Applet.Nat.BR.DocumentMTXCA.GetCotizacion(String vivstrMoneda, DateTime vivdtm) in C:\Users\Jaco2701\Documents\Visual Studio Projects\Nat\Nat.api\Models\BR\DocumentMtxca.cs:line 566
   at Applet.Nat.Api.Controllers.MiscController.Statics() in C:\Users\Jaco2701\Documents\Visual Studio Projects\Nat\Nat.api\Controllers\MiscController.cs:line 65
13/11/2025 04:20:47==>No connection could be made because the target machine actively refused it. (wsfe-homo.arca.gob.ar:443)
   at System.Runtime.AsyncResult.End[TAsyncResult](IAsyncResult result)
   at System.ServiceModel.Channels.ServiceChannel.SendAsyncResult.End(SendAsyncResult result)
   at System.ServiceModel.Channels.ServiceChannel.EndCall(String action, Object[] outs, IAsyncResult result)
   at System.ServiceModel.Channels.ServiceChannelProxy.TaskCreator.<>c__DisplayClass1_0.<CreateGenericTask>b__0(IAsyncResult asyncResult)
--- End of stack trace from previous location ---
   at Applet.Nat.Api.Br.Models.DocumentExp.GetCotizacion(String vivstrMoneda, DateTime vivdtm) in C:\Users\Jaco2701\Documents\Visual Studio Projects\Nat\Nat.api\Models\BR\DocumentExp.cs:line 156
No connection could be made because the target machine actively refused it. (wsfe-homo.arca.gob.ar:443)
   at System.Net.Http.HttpConnectionPool.ConnectToTcpHostAsync(String host, Int32 port, HttpRequestMessage initialRequest, Boolean async, CancellationToken cancellationToken)
   at System.Net.Http.HttpConnectionPool.ConnectAsync(HttpRequestMessage request, Boolean async, CancellationToken cancellationToken)
   at System.Net.Http.HttpConnectionPool.CreateHttp11ConnectionAsync(HttpRequestMessage request, Boolean async, CancellationToken cancellationToken)
   at System.Net.Http.HttpConnectionPool.AddHttp11ConnectionAsync(QueueItem queueItem)
   at System.Threading.Tasks.TaskCompletionSourceWithCancellation`1.WaitWithCancellationAsync(CancellationToken cancellationToken)
   at System.Net.Http.HttpConnectionPool.SendWithVersionDetectionAndRetryAsync(HttpRequestMessage request, Boolean async, Boolean doRequestAuth, CancellationToken cancellationToken)
   at System.Net.Http.DiagnosticsHandler.SendAsyncCore(HttpRequestMessage request, Boolean async, CancellationToken cancellationToken)
   at System.Net.Http.RedirectHandler.SendAsync(HttpRequestMessage request, Boolean async, CancellationToken cancellationToken)
   at System.Net.Http.DecompressionHandler.SendAsync(HttpRequestMessage request, Boolean async, CancellationToken cancellationToken)
   at System.Net.Http.HttpClient.<SendAsync>g__Core|83_0(HttpRequestMessage request, HttpCompletionOption completionOption, CancellationTokenSource cts, Boolean disposeCts, CancellationTokenSource pendingRequestsCts, CancellationToken originalCancellationToken)
   at System.ServiceModel.Channels.HttpChannelFactory`1.HttpClientRequestChannel.HttpClientChannelAsyncRequest.SendRequestAsync(Message message, TimeoutHelper timeoutHelper)
No connection could be made because the target machine actively refused it.
   at System.Net.Sockets.Socket.AwaitableSocketAsyncEventArgs.ThrowException(SocketError error, CancellationToken cancellationToken)
   at System.Net.Sockets.Socket.AwaitableSocketAsyncEventArgs.System.Threading.Tasks.Sources.IValueTaskSource.GetResult(Int16 token)
   at System.Net.Sockets.Socket.<ConnectAsync>g__WaitForConnectWithCancellation|285_0(AwaitableSocketAsyncEventArgs saea, ValueTask connectTask, CancellationToken cancellationToken)
   at System.Net.Http.HttpConnectionPool.ConnectToTcpHostAsync(String host, Int32 port, HttpRequestMessage initialRequest, Boolean async, CancellationToken cancellationToken)
13/11/2025 04:20:47==>Cotizacion Invalida
   at Applet.Nat.Api.Br.Models.DocumentExp.GetCotizacion(String vivstrMoneda, DateTime vivdtm) in C:\Users\Jaco2701\Documents\Visual Studio Projects\Nat\Nat.api\Models\BR\DocumentExp.cs:line 175
   at Applet.Nat.Api.Controllers.MiscController.Statics() in C:\Users\Jaco2701\Documents\Visual Studio Projects\Nat\Nat.api\Controllers\MiscController.cs:line 45
13/11/2025 04:20:47==>Valor de Lista FORMAT:dtmwsmtxca no encontrado
   at Applet.Nat.Api.Static.ListHelper.GetValue(String vivcodType, String vivcodId, NatContext vioContext) in C:\Users\Jaco2701\Documents\Visual Studio Projects\Nat\Nat.api\Static\ListHelper.cs:line 26
   at Applet.Nat.Api.Models.Afip.AfipService.get_ivstrDateformat() in C:\Users\Jaco2701\Documents\Visual Studio Projects\Nat\Nat.api\Models\Afip\AfipService.cs:line 74
   at Applet.Nat.BR.DocumentMTXCA.GetCotizacion(String vivstrMoneda, DateTime vivdtm) in C:\Users\Jaco2701\Documents\Visual Studio Projects\Nat\Nat.api\Models\BR\DocumentMtxca.cs:line 540
13/11/2025 04:20:47==>Cotizacion Invalida
   at Applet.Nat.BR.DocumentMTXCA.GetCotizacion(String vivstrMoneda, DateTime vivdtm) in C:\Users\Jaco2701\Documents\Visual Studio Projects\Nat\Nat.api\Models\BR\DocumentMtxca.cs:line 566
   at Applet.Nat.Api.Controllers.MiscController.Statics() in C:\Users\Jaco2701\Documents\Visual Studio Projects\Nat\Nat.api\Controllers\MiscController.cs:line 65
13/11/2025 04:21:21==>No connection could be made because the target machine actively refused it. (wsfe-homo.arca.gob.ar:443)
   at System.Runtime.AsyncResult.End[TAsyncResult](IAsyncResult result)
   at System.ServiceModel.Channels.ServiceChannel.SendAsyncResult.End(SendAsyncResult result)
   at System.ServiceModel.Channels.ServiceChannel.EndCall(String action, Object[] outs, IAsyncResult result)
   at System.ServiceModel.Channels.ServiceChannelProxy.TaskCreator.<>c__DisplayClass1_0.<CreateGenericTask>b__0(IAsyncResult asyncResult)
--- End of stack trace from previous location ---
   at Applet.Nat.Api.Br.Models.DocumentExp.GetCotizacion(String vivstrMoneda, DateTime vivdtm) in C:\Users\Jaco2701\Documents\Visual Studio Projects\Nat\Nat.api\Models\BR\DocumentExp.cs:line 156
No connection could be made because the target machine actively refused it. (wsfe-homo.arca.gob.ar:443)
   at System.Net.Http.HttpConnectionPool.ConnectToTcpHostAsync(String host, Int32 port, HttpRequestMessage initialRequest, Boolean async, CancellationToken cancellationToken)
   at System.Net.Http.HttpConnectionPool.ConnectAsync(HttpRequestMessage request, Boolean async, CancellationToken cancellationToken)
   at System.Net.Http.HttpConnectionPool.CreateHttp11ConnectionAsync(HttpRequestMessage request, Boolean async, CancellationToken cancellationToken)
   at System.Net.Http.HttpConnectionPool.AddHttp11ConnectionAsync(QueueItem queueItem)
   at System.Threading.Tasks.TaskCompletionSourceWithCancellation`1.WaitWithCancellationAsync(CancellationToken cancellationToken)
   at System.Net.Http.HttpConnectionPool.SendWithVersionDetectionAndRetryAsync(HttpRequestMessage request, Boolean async, Boolean doRequestAuth, CancellationToken cancellationToken)
   at System.Net.Http.DiagnosticsHandler.SendAsyncCore(HttpRequestMessage request, Boolean async, CancellationToken cancellationToken)
   at System.Net.Http.RedirectHandler.SendAsync(HttpRequestMessage request, Boolean async, CancellationToken cancellationToken)
   at System.Net.Http.DecompressionHandler.SendAsync(HttpRequestMessage request, Boolean async, CancellationToken cancellationToken)
   at System.Net.Http.HttpClient.<SendAsync>g__Core|83_0(HttpRequestMessage request, HttpCompletionOption completionOption, CancellationTokenSource cts, Boolean disposeCts, CancellationTokenSource pendingRequestsCts, CancellationToken originalCancellationToken)
   at System.ServiceModel.Channels.HttpChannelFactory`1.HttpClientRequestChannel.HttpClientChannelAsyncRequest.SendRequestAsync(Message message, TimeoutHelper timeoutHelper)
No connection could be made because the target machine actively refused it.
   at System.Net.Sockets.Socket.AwaitableSocketAsyncEventArgs.ThrowException(SocketError error, CancellationToken cancellationToken)
   at System.Net.Sockets.Socket.AwaitableSocketAsyncEventArgs.System.Threading.Tasks.Sources.IValueTaskSource.GetResult(Int16 token)
   at System.Net.Sockets.Socket.<ConnectAsync>g__WaitForConnectWithCancellation|285_0(AwaitableSocketAsyncEventArgs saea, ValueTask connectTask, CancellationToken cancellationToken)
   at System.Net.Http.HttpConnectionPool.ConnectToTcpHostAsync(String host, Int32 port, HttpRequestMessage initialRequest, Boolean async, CancellationToken cancellationToken)
13/11/2025 04:21:21==>Cotizacion Invalida
   at Applet.Nat.Api.Br.Models.DocumentExp.GetCotizacion(String vivstrMoneda, DateTime vivdtm) in C:\Users\Jaco2701\Documents\Visual Studio Projects\Nat\Nat.api\Models\BR\DocumentExp.cs:line 175
   at Applet.Nat.Api.Controllers.MiscController.Statics() in C:\Users\Jaco2701\Documents\Visual Studio Projects\Nat\Nat.api\Controllers\MiscController.cs:line 45
13/11/2025 04:21:21==>Valor de Lista FORMAT:dtmwsmtxca no encontrado
   at Applet.Nat.Api.Static.ListHelper.GetValue(String vivcodType, String vivcodId, NatContext vioContext) in C:\Users\Jaco2701\Documents\Visual Studio Projects\Nat\Nat.api\Static\ListHelper.cs:line 26
   at Applet.Nat.Api.Models.Afip.AfipService.get_ivstrDateformat() in C:\Users\Jaco2701\Documents\Visual Studio Projects\Nat\Nat.api\Models\Afip\AfipService.cs:line 74
   at Applet.Nat.BR.DocumentMTXCA.GetCotizacion(String vivstrMoneda, DateTime vivdtm) in C:\Users\Jaco2701\Documents\Visual Studio Projects\Nat\Nat.api\Models\BR\DocumentMtxca.cs:line 540
13/11/2025 04:21:21==>Cotizacion Invalida
   at Applet.Nat.BR.DocumentMTXCA.GetCotizacion(String vivstrMoneda, DateTime vivdtm) in C:\Users\Jaco2701\Documents\Visual Studio Projects\Nat\Nat.api\Models\BR\DocumentMtxca.cs:line 566
   at Applet.Nat.Api.Controllers.MiscController.Statics() in C:\Users\Jaco2701\Documents\Visual Studio Projects\Nat\Nat.api\Controllers\MiscController.cs:line 65
13/11/2025 04:21:24==>No connection could be made because the target machine actively refused it. (wsfe-homo.arca.gob.ar:443)
   at System.Runtime.AsyncResult.End[TAsyncResult](IAsyncResult result)
   at System.ServiceModel.Channels.ServiceChannel.SendAsyncResult.End(SendAsyncResult result)
   at System.ServiceModel.Channels.ServiceChannel.EndCall(String action, Object[] outs, IAsyncResult result)
   at System.ServiceModel.Channels.ServiceChannelProxy.TaskCreator.<>c__DisplayClass1_0.<CreateGenericTask>b__0(IAsyncResult asyncResult)
--- End of stack trace from previous location ---
   at Applet.Nat.Api.Br.Models.DocumentExp.GetCotizacion(String vivstrMoneda, DateTime vivdtm) in C:\Users\Jaco2701\Documents\Visual Studio Projects\Nat\Nat.api\Models\BR\DocumentExp.cs:line 156
No connection could be made because the target machine actively refused it. (wsfe-homo.arca.gob.ar:443)
   at System.Net.Http.HttpConnectionPool.ConnectToTcpHostAsync(String host, Int32 port, HttpRequestMessage initialRequest, Boolean async, CancellationToken cancellationToken)
   at System.Net.Http.HttpConnectionPool.ConnectAsync(HttpRequestMessage request, Boolean async, CancellationToken cancellationToken)
   at System.Net.Http.HttpConnectionPool.CreateHttp11ConnectionAsync(HttpRequestMessage request, Boolean async, CancellationToken cancellationToken)
   at System.Net.Http.HttpConnectionPool.AddHttp11ConnectionAsync(QueueItem queueItem)
   at System.Threading.Tasks.TaskCompletionSourceWithCancellation`1.WaitWithCancellationAsync(CancellationToken cancellationToken)
   at System.Net.Http.HttpConnectionPool.SendWithVersionDetectionAndRetryAsync(HttpRequestMessage request, Boolean async, Boolean doRequestAuth, CancellationToken cancellationToken)
   at System.Net.Http.DiagnosticsHandler.SendAsyncCore(HttpRequestMessage request, Boolean async, CancellationToken cancellationToken)
   at System.Net.Http.RedirectHandler.SendAsync(HttpRequestMessage request, Boolean async, CancellationToken cancellationToken)
   at System.Net.Http.DecompressionHandler.SendAsync(HttpRequestMessage request, Boolean async, CancellationToken cancellationToken)
   at System.Net.Http.HttpClient.<SendAsync>g__Core|83_0(HttpRequestMessage request, HttpCompletionOption completionOption, CancellationTokenSource cts, Boolean disposeCts, CancellationTokenSource pendingRequestsCts, CancellationToken originalCancellationToken)
   at System.ServiceModel.Channels.HttpChannelFactory`1.HttpClientRequestChannel.HttpClientChannelAsyncRequest.SendRequestAsync(Message message, TimeoutHelper timeoutHelper)
No connection could be made because the target machine actively refused it.
   at System.Net.Sockets.Socket.AwaitableSocketAsyncEventArgs.ThrowException(SocketError error, CancellationToken cancellationToken)
   at System.Net.Sockets.Socket.AwaitableSocketAsyncEventArgs.System.Threading.Tasks.Sources.IValueTaskSource.GetResult(Int16 token)
   at System.Net.Sockets.Socket.<ConnectAsync>g__WaitForConnectWithCancellation|285_0(AwaitableSocketAsyncEventArgs saea, ValueTask connectTask, CancellationToken cancellationToken)
   at System.Net.Http.HttpConnectionPool.ConnectToTcpHostAsync(String host, Int32 port, HttpRequestMessage initialRequest, Boolean async, CancellationToken cancellationToken)
13/11/2025 04:21:24==>Cotizacion Invalida
   at Applet.Nat.Api.Br.Models.DocumentExp.GetCotizacion(String vivstrMoneda, DateTime vivdtm) in C:\Users\Jaco2701\Documents\Visual Studio Projects\Nat\Nat.api\Models\BR\DocumentExp.cs:line 175
   at Applet.Nat.Api.Controllers.MiscController.Statics() in C:\Users\Jaco2701\Documents\Visual Studio Projects\Nat\Nat.api\Controllers\MiscController.cs:line 45
13/11/2025 04:21:24==>Valor de Lista FORMAT:dtmwsmtxca no encontrado
   at Applet.Nat.Api.Static.ListHelper.GetValue(String vivcodType, String vivcodId, NatContext vioContext) in C:\Users\Jaco2701\Documents\Visual Studio Projects\Nat\Nat.api\Static\ListHelper.cs:line 26
   at Applet.Nat.Api.Models.Afip.AfipService.get_ivstrDateformat() in C:\Users\Jaco2701\Documents\Visual Studio Projects\Nat\Nat.api\Models\Afip\AfipService.cs:line 74
   at Applet.Nat.BR.DocumentMTXCA.GetCotizacion(String vivstrMoneda, DateTime vivdtm) in C:\Users\Jaco2701\Documents\Visual Studio Projects\Nat\Nat.api\Models\BR\DocumentMtxca.cs:line 540
13/11/2025 04:21:24==>Cotizacion Invalida
   at Applet.Nat.BR.DocumentMTXCA.GetCotizacion(String vivstrMoneda, DateTime vivdtm) in C:\Users\Jaco2701\Documents\Visual Studio Projects\Nat\Nat.api\Models\BR\DocumentMtxca.cs:line 566
   at Applet.Nat.Api.Controllers.MiscController.Statics() in C:\Users\Jaco2701\Documents\Visual Studio Projects\Nat\Nat.api\Controllers\MiscController.cs:line 65
13/11/2025 04:21:26==>No connection could be made because the target machine actively refused it. (wsfe-homo.arca.gob.ar:443)
   at System.Runtime.AsyncResult.End[TAsyncResult](IAsyncResult result)
   at System.ServiceModel.Channels.ServiceChannel.SendAsyncResult.End(SendAsyncResult result)
   at System.ServiceModel.Channels.ServiceChannel.EndCall(String action, Object[] outs, IAsyncResult result)
   at System.ServiceModel.Channels.ServiceChannelProxy.TaskCreator.<>c__DisplayClass1_0.<CreateGenericTask>b__0(IAsyncResult asyncResult)
--- End of stack trace from previous location ---
   at Applet.Nat.Api.Br.Models.DocumentExp.GetCotizacion(String vivstrMoneda, DateTime vivdtm) in C:\Users\Jaco2701\Documents\Visual Studio Projects\Nat\Nat.api\Models\BR\DocumentExp.cs:line 156
No connection could be made because the target machine actively refused it. (wsfe-homo.arca.gob.ar:443)
   at System.Net.Http.HttpConnectionPool.ConnectToTcpHostAsync(String host, Int32 port, HttpRequestMessage initialRequest, Boolean async, CancellationToken cancellationToken)
   at System.Net.Http.HttpConnectionPool.ConnectAsync(HttpRequestMessage request, Boolean async, CancellationToken cancellationToken)
   at System.Net.Http.HttpConnectionPool.CreateHttp11ConnectionAsync(HttpRequestMessage request, Boolean async, CancellationToken cancellationToken)
   at System.Net.Http.HttpConnectionPool.AddHttp11ConnectionAsync(QueueItem queueItem)
   at System.Threading.Tasks.TaskCompletionSourceWithCancellation`1.WaitWithCancellationAsync(CancellationToken cancellationToken)
   at System.Net.Http.HttpConnectionPool.SendWithVersionDetectionAndRetryAsync(HttpRequestMessage request, Boolean async, Boolean doRequestAuth, CancellationToken cancellationToken)
   at System.Net.Http.DiagnosticsHandler.SendAsyncCore(HttpRequestMessage request, Boolean async, CancellationToken cancellationToken)
   at System.Net.Http.RedirectHandler.SendAsync(HttpRequestMessage request, Boolean async, CancellationToken cancellationToken)
   at System.Net.Http.DecompressionHandler.SendAsync(HttpRequestMessage request, Boolean async, CancellationToken cancellationToken)
   at System.Net.Http.HttpClient.<SendAsync>g__Core|83_0(HttpRequestMessage request, HttpCompletionOption completionOption, CancellationTokenSource cts, Boolean disposeCts, CancellationTokenSource pendingRequestsCts, CancellationToken originalCancellationToken)
   at System.ServiceModel.Channels.HttpChannelFactory`1.HttpClientRequestChannel.HttpClientChannelAsyncRequest.SendRequestAsync(Message message, TimeoutHelper timeoutHelper)
No connection could be made because the target machine actively refused it.
   at System.Net.Sockets.Socket.AwaitableSocketAsyncEventArgs.ThrowException(SocketError error, CancellationToken cancellationToken)
   at System.Net.Sockets.Socket.AwaitableSocketAsyncEventArgs.System.Threading.Tasks.Sources.IValueTaskSource.GetResult(Int16 token)
   at System.Net.Sockets.Socket.<ConnectAsync>g__WaitForConnectWithCancellation|285_0(AwaitableSocketAsyncEventArgs saea, ValueTask connectTask, CancellationToken cancellationToken)
   at System.Net.Http.HttpConnectionPool.ConnectToTcpHostAsync(String host, Int32 port, HttpRequestMessage initialRequest, Boolean async, CancellationToken cancellationToken)
13/11/2025 04:21:26==>Cotizacion Invalida
   at Applet.Nat.Api.Br.Models.DocumentExp.GetCotizacion(String vivstrMoneda, DateTime vivdtm) in C:\Users\Jaco2701\Documents\Visual Studio Projects\Nat\Nat.api\Models\BR\DocumentExp.cs:line 175
   at Applet.Nat.Api.Controllers.MiscController.Statics() in C:\Users\Jaco2701\Documents\Visual Studio Projects\Nat\Nat.api\Controllers\MiscController.cs:line 45
13/11/2025 04:21:26==>Valor de Lista FORMAT:dtmwsmtxca no encontrado
   at Applet.Nat.Api.Static.ListHelper.GetValue(String vivcodType, String vivcodId, NatContext vioContext) in C:\Users\Jaco2701\Documents\Visual Studio Projects\Nat\Nat.api\Static\ListHelper.cs:line 26
   at Applet.Nat.Api.Models.Afip.AfipService.get_ivstrDateformat() in C:\Users\Jaco2701\Documents\Visual Studio Projects\Nat\Nat.api\Models\Afip\AfipService.cs:line 74
   at Applet.Nat.BR.DocumentMTXCA.GetCotizacion(String vivstrMoneda, DateTime vivdtm) in C:\Users\Jaco2701\Documents\Visual Studio Projects\Nat\Nat.api\Models\BR\DocumentMtxca.cs:line 540
13/11/2025 04:21:26==>Cotizacion Invalida
   at Applet.Nat.BR.DocumentMTXCA.GetCotizacion(String vivstrMoneda, DateTime vivdtm) in C:\Users\Jaco2701\Documents\Visual Studio Projects\Nat\Nat.api\Models\BR\DocumentMtxca.cs:line 566
   at Applet.Nat.Api.Controllers.MiscController.Statics() in C:\Users\Jaco2701\Documents\Visual Studio Projects\Nat\Nat.api\Controllers\MiscController.cs:line 65
13/11/2025 04:26:11==>No connection could be made because the target machine actively refused it. (wsfe-homo.arca.gob.ar:443)
   at System.Runtime.AsyncResult.End[TAsyncResult](IAsyncResult result)
   at System.ServiceModel.Channels.ServiceChannel.SendAsyncResult.End(SendAsyncResult result)
   at System.ServiceModel.Channels.ServiceChannel.EndCall(String action, Object[] outs, IAsyncResult result)
   at System.ServiceModel.Channels.ServiceChannelProxy.TaskCreator.<>c__DisplayClass1_0.<CreateGenericTask>b__0(IAsyncResult asyncResult)
--- End of stack trace from previous location ---
   at Applet.Nat.Api.Br.Models.DocumentExp.GetCotizacion(String vivstrMoneda, DateTime vivdtm) in C:\Users\Jaco2701\Documents\Visual Studio Projects\Nat\Nat.api\Models\BR\DocumentExp.cs:line 156
No connection could be made because the target machine actively refused it. (wsfe-homo.arca.gob.ar:443)
   at System.Net.Http.HttpConnectionPool.ConnectToTcpHostAsync(String host, Int32 port, HttpRequestMessage initialRequest, Boolean async, CancellationToken cancellationToken)
   at System.Net.Http.HttpConnectionPool.ConnectAsync(HttpRequestMessage request, Boolean async, CancellationToken cancellationToken)
   at System.Net.Http.HttpConnectionPool.CreateHttp11ConnectionAsync(HttpRequestMessage request, Boolean async, CancellationToken cancellationToken)
   at System.Net.Http.HttpConnectionPool.AddHttp11ConnectionAsync(QueueItem queueItem)
   at System.Threading.Tasks.TaskCompletionSourceWithCancellation`1.WaitWithCancellationAsync(CancellationToken cancellationToken)
   at System.Net.Http.HttpConnectionPool.SendWithVersionDetectionAndRetryAsync(HttpRequestMessage request, Boolean async, Boolean doRequestAuth, CancellationToken cancellationToken)
   at System.Net.Http.DiagnosticsHandler.SendAsyncCore(HttpRequestMessage request, Boolean async, CancellationToken cancellationToken)
   at System.Net.Http.RedirectHandler.SendAsync(HttpRequestMessage request, Boolean async, CancellationToken cancellationToken)
   at System.Net.Http.DecompressionHandler.SendAsync(HttpRequestMessage request, Boolean async, CancellationToken cancellationToken)
   at System.Net.Http.HttpClient.<SendAsync>g__Core|83_0(HttpRequestMessage request, HttpCompletionOption completionOption, CancellationTokenSource cts, Boolean disposeCts, CancellationTokenSource pendingRequestsCts, CancellationToken originalCancellationToken)
   at System.ServiceModel.Channels.HttpChannelFactory`1.HttpClientRequestChannel.HttpClientChannelAsyncRequest.SendRequestAsync(Message message, TimeoutHelper timeoutHelper)
No connection could be made because the target machine actively refused it.
   at System.Net.Sockets.Socket.AwaitableSocketAsyncEventArgs.ThrowException(SocketError error, CancellationToken cancellationToken)
   at System.Net.Sockets.Socket.AwaitableSocketAsyncEventArgs.System.Threading.Tasks.Sources.IValueTaskSource.GetResult(Int16 token)
   at System.Net.Sockets.Socket.<ConnectAsync>g__WaitForConnectWithCancellation|285_0(AwaitableSocketAsyncEventArgs saea, ValueTask connectTask, CancellationToken cancellationToken)
   at System.Net.Http.HttpConnectionPool.ConnectToTcpHostAsync(String host, Int32 port, HttpRequestMessage initialRequest, Boolean async, CancellationToken cancellationToken)
13/11/2025 04:26:11==>Cotizacion Invalida
   at Applet.Nat.Api.Br.Models.DocumentExp.GetCotizacion(String vivstrMoneda, DateTime vivdtm) in C:\Users\Jaco2701\Documents\Visual Studio Projects\Nat\Nat.api\Models\BR\DocumentExp.cs:line 175
   at Applet.Nat.Api.Controllers.MiscController.Statics() in C:\Users\Jaco2701\Documents\Visual Studio Projects\Nat\Nat.api\Controllers\MiscController.cs:line 45
13/11/2025 04:26:11==>Valor de Lista FORMAT:dtmwsmtxca no encontrado
   at Applet.Nat.Api.Static.ListHelper.GetValue(String vivcodType, String vivcodId, NatContext vioContext) in C:\Users\Jaco2701\Documents\Visual Studio Projects\Nat\Nat.api\Static\ListHelper.cs:line 26
   at Applet.Nat.Api.Models.Afip.AfipService.get_ivstrDateformat() in C:\Users\Jaco2701\Documents\Visual Studio Projects\Nat\Nat.api\Models\Afip\AfipService.cs:line 74
   at Applet.Nat.BR.DocumentMTXCA.GetCotizacion(String vivstrMoneda, DateTime vivdtm) in C:\Users\Jaco2701\Documents\Visual Studio Projects\Nat\Nat.api\Models\BR\DocumentMtxca.cs:line 540
13/11/2025 04:26:11==>Cotizacion Invalida
   at Applet.Nat.BR.DocumentMTXCA.GetCotizacion(String vivstrMoneda, DateTime vivdtm) in C:\Users\Jaco2701\Documents\Visual Studio Projects\Nat\Nat.api\Models\BR\DocumentMtxca.cs:line 566
   at Applet.Nat.Api.Controllers.MiscController.Statics() in C:\Users\Jaco2701\Documents\Visual Studio Projects\Nat\Nat.api\Controllers\MiscController.cs:line 65
13/11/2025 04:26:13==>No connection could be made because the target machine actively refused it. (wsfe-homo.arca.gob.ar:443)
   at System.Runtime.AsyncResult.End[TAsyncResult](IAsyncResult result)
   at System.ServiceModel.Channels.ServiceChannel.SendAsyncResult.End(SendAsyncResult result)
   at System.ServiceModel.Channels.ServiceChannel.EndCall(String action, Object[] outs, IAsyncResult result)
   at System.ServiceModel.Channels.ServiceChannelProxy.TaskCreator.<>c__DisplayClass1_0.<CreateGenericTask>b__0(IAsyncResult asyncResult)
--- End of stack trace from previous location ---
   at Applet.Nat.Api.Br.Models.DocumentExp.GetCotizacion(String vivstrMoneda, DateTime vivdtm) in C:\Users\Jaco2701\Documents\Visual Studio Projects\Nat\Nat.api\Models\BR\DocumentExp.cs:line 156
No connection could be made because the target machine actively refused it. (wsfe-homo.arca.gob.ar:443)
   at System.Net.Http.HttpConnectionPool.ConnectToTcpHostAsync(String host, Int32 port, HttpRequestMessage initialRequest, Boolean async, CancellationToken cancellationToken)
   at System.Net.Http.HttpConnectionPool.ConnectAsync(HttpRequestMessage request, Boolean async, CancellationToken cancellationToken)
   at System.Net.Http.HttpConnectionPool.CreateHttp11ConnectionAsync(HttpRequestMessage request, Boolean async, CancellationToken cancellationToken)
   at System.Net.Http.HttpConnectionPool.AddHttp11ConnectionAsync(QueueItem queueItem)
   at System.Threading.Tasks.TaskCompletionSourceWithCancellation`1.WaitWithCancellationAsync(CancellationToken cancellationToken)
   at System.Net.Http.HttpConnectionPool.SendWithVersionDetectionAndRetryAsync(HttpRequestMessage request, Boolean async, Boolean doRequestAuth, CancellationToken cancellationToken)
   at System.Net.Http.DiagnosticsHandler.SendAsyncCore(HttpRequestMessage request, Boolean async, CancellationToken cancellationToken)
   at System.Net.Http.RedirectHandler.SendAsync(HttpRequestMessage request, Boolean async, CancellationToken cancellationToken)
   at System.Net.Http.DecompressionHandler.SendAsync(HttpRequestMessage request, Boolean async, CancellationToken cancellationToken)
   at System.Net.Http.HttpClient.<SendAsync>g__Core|83_0(HttpRequestMessage request, HttpCompletionOption completionOption, CancellationTokenSource cts, Boolean disposeCts, CancellationTokenSource pendingRequestsCts, CancellationToken originalCancellationToken)
   at System.ServiceModel.Channels.HttpChannelFactory`1.HttpClientRequestChannel.HttpClientChannelAsyncRequest.SendRequestAsync(Message message, TimeoutHelper timeoutHelper)
No connection could be made because the target machine actively refused it.
   at System.Net.Sockets.Socket.AwaitableSocketAsyncEventArgs.ThrowException(SocketError error, CancellationToken cancellationToken)
   at System.Net.Sockets.Socket.AwaitableSocketAsyncEventArgs.System.Threading.Tasks.Sources.IValueTaskSource.GetResult(Int16 token)
   at System.Net.Sockets.Socket.<ConnectAsync>g__WaitForConnectWithCancellation|285_0(AwaitableSocketAsyncEventArgs saea, ValueTask connectTask, CancellationToken cancellationToken)
   at System.Net.Http.HttpConnectionPool.ConnectToTcpHostAsync(String host, Int32 port, HttpRequestMessage initialRequest, Boolean async, CancellationToken cancellationToken)
13/11/2025 04:26:13==>Cotizacion Invalida
   at Applet.Nat.Api.Br.Models.DocumentExp.GetCotizacion(String vivstrMoneda, DateTime vivdtm) in C:\Users\Jaco2701\Documents\Visual Studio Projects\Nat\Nat.api\Models\BR\DocumentExp.cs:line 175
   at Applet.Nat.Api.Controllers.MiscController.Statics() in C:\Users\Jaco2701\Documents\Visual Studio Projects\Nat\Nat.api\Controllers\MiscController.cs:line 45
13/11/2025 04:26:14==>Valor de Lista FORMAT:dtmwsmtxca no encontrado
   at Applet.Nat.Api.Static.ListHelper.GetValue(String vivcodType, String vivcodId, NatContext vioContext) in C:\Users\Jaco2701\Documents\Visual Studio Projects\Nat\Nat.api\Static\ListHelper.cs:line 26
   at Applet.Nat.Api.Models.Afip.AfipService.get_ivstrDateformat() in C:\Users\Jaco2701\Documents\Visual Studio Projects\Nat\Nat.api\Models\Afip\AfipService.cs:line 74
   at Applet.Nat.BR.DocumentMTXCA.GetCotizacion(String vivstrMoneda, DateTime vivdtm) in C:\Users\Jaco2701\Documents\Visual Studio Projects\Nat\Nat.api\Models\BR\DocumentMtxca.cs:line 540
13/11/2025 04:26:14==>Cotizacion Invalida
   at Applet.Nat.BR.DocumentMTXCA.GetCotizacion(String vivstrMoneda, DateTime vivdtm) in C:\Users\Jaco2701\Documents\Visual Studio Projects\Nat\Nat.api\Models\BR\DocumentMtxca.cs:line 566
   at Applet.Nat.Api.Controllers.MiscController.Statics() in C:\Users\Jaco2701\Documents\Visual Studio Projects\Nat\Nat.api\Controllers\MiscController.cs:line 65
13/11/2025 04:26:16==>No connection could be made because the target machine actively refused it. (wsfe-homo.arca.gob.ar:443)
   at System.Runtime.AsyncResult.End[TAsyncResult](IAsyncResult result)
   at System.ServiceModel.Channels.ServiceChannel.SendAsyncResult.End(SendAsyncResult result)
   at System.ServiceModel.Channels.ServiceChannel.EndCall(String action, Object[] outs, IAsyncResult result)
   at System.ServiceModel.Channels.ServiceChannelProxy.TaskCreator.<>c__DisplayClass1_0.<CreateGenericTask>b__0(IAsyncResult asyncResult)
--- End of stack trace from previous location ---
   at Applet.Nat.Api.Br.Models.DocumentExp.GetCotizacion(String vivstrMoneda, DateTime vivdtm) in C:\Users\Jaco2701\Documents\Visual Studio Projects\Nat\Nat.api\Models\BR\DocumentExp.cs:line 156
No connection could be made because the target machine actively refused it. (wsfe-homo.arca.gob.ar:443)
   at System.Net.Http.HttpConnectionPool.ConnectToTcpHostAsync(String host, Int32 port, HttpRequestMessage initialRequest, Boolean async, CancellationToken cancellationToken)
   at System.Net.Http.HttpConnectionPool.ConnectAsync(HttpRequestMessage request, Boolean async, CancellationToken cancellationToken)
   at System.Net.Http.HttpConnectionPool.CreateHttp11ConnectionAsync(HttpRequestMessage request, Boolean async, CancellationToken cancellationToken)
   at System.Net.Http.HttpConnectionPool.AddHttp11ConnectionAsync(QueueItem queueItem)
   at System.Threading.Tasks.TaskCompletionSourceWithCancellation`1.WaitWithCancellationAsync(CancellationToken cancellationToken)
   at System.Net.Http.HttpConnectionPool.SendWithVersionDetectionAndRetryAsync(HttpRequestMessage request, Boolean async, Boolean doRequestAuth, CancellationToken cancellationToken)
   at System.Net.Http.DiagnosticsHandler.SendAsyncCore(HttpRequestMessage request, Boolean async, CancellationToken cancellationToken)
   at System.Net.Http.RedirectHandler.SendAsync(HttpRequestMessage request, Boolean async, CancellationToken cancellationToken)
   at System.Net.Http.DecompressionHandler.SendAsync(HttpRequestMessage request, Boolean async, CancellationToken cancellationToken)
   at System.Net.Http.HttpClient.<SendAsync>g__Core|83_0(HttpRequestMessage request, HttpCompletionOption completionOption, CancellationTokenSource cts, Boolean disposeCts, CancellationTokenSource pendingRequestsCts, CancellationToken originalCancellationToken)
   at System.ServiceModel.Channels.HttpChannelFactory`1.HttpClientRequestChannel.HttpClientChannelAsyncRequest.SendRequestAsync(Message message, TimeoutHelper timeoutHelper)
No connection could be made because the target machine actively refused it.
   at System.Net.Sockets.Socket.AwaitableSocketAsyncEventArgs.ThrowException(SocketError error, CancellationToken cancellationToken)
   at System.Net.Sockets.Socket.AwaitableSocketAsyncEventArgs.System.Threading.Tasks.Sources.IValueTaskSource.GetResult(Int16 token)
   at System.Net.Sockets.Socket.<ConnectAsync>g__WaitForConnectWithCancellation|285_0(AwaitableSocketAsyncEventArgs saea, ValueTask connectTask, CancellationToken cancellationToken)
   at System.Net.Http.HttpConnectionPool.ConnectToTcpHostAsync(String host, Int32 port, HttpRequestMessage initialRequest, Boolean async, CancellationToken cancellationToken)
13/11/2025 04:26:16==>Cotizacion Invalida
   at Applet.Nat.Api.Br.Models.DocumentExp.GetCotizacion(String vivstrMoneda, DateTime vivdtm) in C:\Users\Jaco2701\Documents\Visual Studio Projects\Nat\Nat.api\Models\BR\DocumentExp.cs:line 175
   at Applet.Nat.Api.Controllers.MiscController.Statics() in C:\Users\Jaco2701\Documents\Visual Studio Projects\Nat\Nat.api\Controllers\MiscController.cs:line 45
13/11/2025 04:26:16==>Valor de Lista FORMAT:dtmwsmtxca no encontrado
   at Applet.Nat.Api.Static.ListHelper.GetValue(String vivcodType, String vivcodId, NatContext vioContext) in C:\Users\Jaco2701\Documents\Visual Studio Projects\Nat\Nat.api\Static\ListHelper.cs:line 26
   at Applet.Nat.Api.Models.Afip.AfipService.get_ivstrDateformat() in C:\Users\Jaco2701\Documents\Visual Studio Projects\Nat\Nat.api\Models\Afip\AfipService.cs:line 74
   at Applet.Nat.BR.DocumentMTXCA.GetCotizacion(String vivstrMoneda, DateTime vivdtm) in C:\Users\Jaco2701\Documents\Visual Studio Projects\Nat\Nat.api\Models\BR\DocumentMtxca.cs:line 540
13/11/2025 04:26:16==>Cotizacion Invalida
   at Applet.Nat.BR.DocumentMTXCA.GetCotizacion(String vivstrMoneda, DateTime vivdtm) in C:\Users\Jaco2701\Documents\Visual Studio Projects\Nat\Nat.api\Models\BR\DocumentMtxca.cs:line 566
   at Applet.Nat.Api.Controllers.MiscController.Statics() in C:\Users\Jaco2701\Documents\Visual Studio Projects\Nat\Nat.api\Controllers\MiscController.cs:line 65
13/11/2025 04:26:18==>No connection could be made because the target machine actively refused it. (wsfe-homo.arca.gob.ar:443)
   at System.Runtime.AsyncResult.End[TAsyncResult](IAsyncResult result)
   at System.ServiceModel.Channels.ServiceChannel.SendAsyncResult.End(SendAsyncResult result)
   at System.ServiceModel.Channels.ServiceChannel.EndCall(String action, Object[] outs, IAsyncResult result)
   at System.ServiceModel.Channels.ServiceChannelProxy.TaskCreator.<>c__DisplayClass1_0.<CreateGenericTask>b__0(IAsyncResult asyncResult)
--- End of stack trace from previous location ---
   at Applet.Nat.Api.Br.Models.DocumentExp.GetCotizacion(String vivstrMoneda, DateTime vivdtm) in C:\Users\Jaco2701\Documents\Visual Studio Projects\Nat\Nat.api\Models\BR\DocumentExp.cs:line 156
No connection could be made because the target machine actively refused it. (wsfe-homo.arca.gob.ar:443)
   at System.Net.Http.HttpConnectionPool.ConnectToTcpHostAsync(String host, Int32 port, HttpRequestMessage initialRequest, Boolean async, CancellationToken cancellationToken)
   at System.Net.Http.HttpConnectionPool.ConnectAsync(HttpRequestMessage request, Boolean async, CancellationToken cancellationToken)
   at System.Net.Http.HttpConnectionPool.CreateHttp11ConnectionAsync(HttpRequestMessage request, Boolean async, CancellationToken cancellationToken)
   at System.Net.Http.HttpConnectionPool.AddHttp11ConnectionAsync(QueueItem queueItem)
   at System.Threading.Tasks.TaskCompletionSourceWithCancellation`1.WaitWithCancellationAsync(CancellationToken cancellationToken)
   at System.Net.Http.HttpConnectionPool.SendWithVersionDetectionAndRetryAsync(HttpRequestMessage request, Boolean async, Boolean doRequestAuth, CancellationToken cancellationToken)
   at System.Net.Http.DiagnosticsHandler.SendAsyncCore(HttpRequestMessage request, Boolean async, CancellationToken cancellationToken)
   at System.Net.Http.RedirectHandler.SendAsync(HttpRequestMessage request, Boolean async, CancellationToken cancellationToken)
   at System.Net.Http.DecompressionHandler.SendAsync(HttpRequestMessage request, Boolean async, CancellationToken cancellationToken)
   at System.Net.Http.HttpClient.<SendAsync>g__Core|83_0(HttpRequestMessage request, HttpCompletionOption completionOption, CancellationTokenSource cts, Boolean disposeCts, CancellationTokenSource pendingRequestsCts, CancellationToken originalCancellationToken)
   at System.ServiceModel.Channels.HttpChannelFactory`1.HttpClientRequestChannel.HttpClientChannelAsyncRequest.SendRequestAsync(Message message, TimeoutHelper timeoutHelper)
No connection could be made because the target machine actively refused it.
   at System.Net.Sockets.Socket.AwaitableSocketAsyncEventArgs.ThrowException(SocketError error, CancellationToken cancellationToken)
   at System.Net.Sockets.Socket.AwaitableSocketAsyncEventArgs.System.Threading.Tasks.Sources.IValueTaskSource.GetResult(Int16 token)
   at System.Net.Sockets.Socket.<ConnectAsync>g__WaitForConnectWithCancellation|285_0(AwaitableSocketAsyncEventArgs saea, ValueTask connectTask, CancellationToken cancellationToken)
   at System.Net.Http.HttpConnectionPool.ConnectToTcpHostAsync(String host, Int32 port, HttpRequestMessage initialRequest, Boolean async, CancellationToken cancellationToken)
13/11/2025 04:26:18==>Cotizacion Invalida
   at Applet.Nat.Api.Br.Models.DocumentExp.GetCotizacion(String vivstrMoneda, DateTime vivdtm) in C:\Users\Jaco2701\Documents\Visual Studio Projects\Nat\Nat.api\Models\BR\DocumentExp.cs:line 175
   at Applet.Nat.Api.Controllers.MiscController.Statics() in C:\Users\Jaco2701\Documents\Visual Studio Projects\Nat\Nat.api\Controllers\MiscController.cs:line 45
13/11/2025 04:26:18==>Valor de Lista FORMAT:dtmwsmtxca no encontrado
   at Applet.Nat.Api.Static.ListHelper.GetValue(String vivcodType, String vivcodId, NatContext vioContext) in C:\Users\Jaco2701\Documents\Visual Studio Projects\Nat\Nat.api\Static\ListHelper.cs:line 26
   at Applet.Nat.Api.Models.Afip.AfipService.get_ivstrDateformat() in C:\Users\Jaco2701\Documents\Visual Studio Projects\Nat\Nat.api\Models\Afip\AfipService.cs:line 74
   at Applet.Nat.BR.DocumentMTXCA.GetCotizacion(String vivstrMoneda, DateTime vivdtm) in C:\Users\Jaco2701\Documents\Visual Studio Projects\Nat\Nat.api\Models\BR\DocumentMtxca.cs:line 540
13/11/2025 04:26:18==>Cotizacion Invalida
   at Applet.Nat.BR.DocumentMTXCA.GetCotizacion(String vivstrMoneda, DateTime vivdtm) in C:\Users\Jaco2701\Documents\Visual Studio Projects\Nat\Nat.api\Models\BR\DocumentMtxca.cs:line 566
   at Applet.Nat.Api.Controllers.MiscController.Statics() in C:\Users\Jaco2701\Documents\Visual Studio Projects\Nat\Nat.api\Controllers\MiscController.cs:line 65
13/11/2025 04:26:21==>No connection could be made because the target machine actively refused it. (wsfe-homo.arca.gob.ar:443)
   at System.Runtime.AsyncResult.End[TAsyncResult](IAsyncResult result)
   at System.ServiceModel.Channels.ServiceChannel.SendAsyncResult.End(SendAsyncResult result)
   at System.ServiceModel.Channels.ServiceChannel.EndCall(String action, Object[] outs, IAsyncResult result)
   at System.ServiceModel.Channels.ServiceChannelProxy.TaskCreator.<>c__DisplayClass1_0.<CreateGenericTask>b__0(IAsyncResult asyncResult)
--- End of stack trace from previous location ---
   at Applet.Nat.Api.Br.Models.DocumentExp.GetCotizacion(String vivstrMoneda, DateTime vivdtm) in C:\Users\Jaco2701\Documents\Visual Studio Projects\Nat\Nat.api\Models\BR\DocumentExp.cs:line 156
No connection could be made because the target machine actively refused it. (wsfe-homo.arca.gob.ar:443)
   at System.Net.Http.HttpConnectionPool.ConnectToTcpHostAsync(String host, Int32 port, HttpRequestMessage initialRequest, Boolean async, CancellationToken cancellationToken)
   at System.Net.Http.HttpConnectionPool.ConnectAsync(HttpRequestMessage request, Boolean async, CancellationToken cancellationToken)
   at System.Net.Http.HttpConnectionPool.CreateHttp11ConnectionAsync(HttpRequestMessage request, Boolean async, CancellationToken cancellationToken)
   at System.Net.Http.HttpConnectionPool.AddHttp11ConnectionAsync(QueueItem queueItem)
   at System.Threading.Tasks.TaskCompletionSourceWithCancellation`1.WaitWithCancellationAsync(CancellationToken cancellationToken)
   at System.Net.Http.HttpConnectionPool.SendWithVersionDetectionAndRetryAsync(HttpRequestMessage request, Boolean async, Boolean doRequestAuth, CancellationToken cancellationToken)
   at System.Net.Http.DiagnosticsHandler.SendAsyncCore(HttpRequestMessage request, Boolean async, CancellationToken cancellationToken)
   at System.Net.Http.RedirectHandler.SendAsync(HttpRequestMessage request, Boolean async, CancellationToken cancellationToken)
   at System.Net.Http.DecompressionHandler.SendAsync(HttpRequestMessage request, Boolean async, CancellationToken cancellationToken)
   at System.Net.Http.HttpClient.<SendAsync>g__Core|83_0(HttpRequestMessage request, HttpCompletionOption completionOption, CancellationTokenSource cts, Boolean disposeCts, CancellationTokenSource pendingRequestsCts, CancellationToken originalCancellationToken)
   at System.ServiceModel.Channels.HttpChannelFactory`1.HttpClientRequestChannel.HttpClientChannelAsyncRequest.SendRequestAsync(Message message, TimeoutHelper timeoutHelper)
No connection could be made because the target machine actively refused it.
   at System.Net.Sockets.Socket.AwaitableSocketAsyncEventArgs.ThrowException(SocketError error, CancellationToken cancellationToken)
   at System.Net.Sockets.Socket.AwaitableSocketAsyncEventArgs.System.Threading.Tasks.Sources.IValueTaskSource.GetResult(Int16 token)
   at System.Net.Sockets.Socket.<ConnectAsync>g__WaitForConnectWithCancellation|285_0(AwaitableSocketAsyncEventArgs saea, ValueTask connectTask, CancellationToken cancellationToken)
   at System.Net.Http.HttpConnectionPool.ConnectToTcpHostAsync(String host, Int32 port, HttpRequestMessage initialRequest, Boolean async, CancellationToken cancellationToken)
13/11/2025 04:26:21==>Cotizacion Invalida
   at Applet.Nat.Api.Br.Models.DocumentExp.GetCotizacion(String vivstrMoneda, DateTime vivdtm) in C:\Users\Jaco2701\Documents\Visual Studio Projects\Nat\Nat.api\Models\BR\DocumentExp.cs:line 175
   at Applet.Nat.Api.Controllers.MiscController.Statics() in C:\Users\Jaco2701\Documents\Visual Studio Projects\Nat\Nat.api\Controllers\MiscController.cs:line 45
13/11/2025 04:26:21==>Valor de Lista FORMAT:dtmwsmtxca no encontrado
   at Applet.Nat.Api.Static.ListHelper.GetValue(String vivcodType, String vivcodId, NatContext vioContext) in C:\Users\Jaco2701\Documents\Visual Studio Projects\Nat\Nat.api\Static\ListHelper.cs:line 26
   at Applet.Nat.Api.Models.Afip.AfipService.get_ivstrDateformat() in C:\Users\Jaco2701\Documents\Visual Studio Projects\Nat\Nat.api\Models\Afip\AfipService.cs:line 74
   at Applet.Nat.BR.DocumentMTXCA.GetCotizacion(String vivstrMoneda, DateTime vivdtm) in C:\Users\Jaco2701\Documents\Visual Studio Projects\Nat\Nat.api\Models\BR\DocumentMtxca.cs:line 540
13/11/2025 04:26:21==>Cotizacion Invalida
   at Applet.Nat.BR.DocumentMTXCA.GetCotizacion(String vivstrMoneda, DateTime vivdtm) in C:\Users\Jaco2701\Documents\Visual Studio Projects\Nat\Nat.api\Models\BR\DocumentMtxca.cs:line 566
   at Applet.Nat.Api.Controllers.MiscController.Statics() in C:\Users\Jaco2701\Documents\Visual Studio Projects\Nat\Nat.api\Controllers\MiscController.cs:line 65
13/11/2025 04:26:51==>No connection could be made because the target machine actively refused it. (wsfe-homo.arca.gob.ar:443)
   at System.Runtime.AsyncResult.End[TAsyncResult](IAsyncResult result)
   at System.ServiceModel.Channels.ServiceChannel.SendAsyncResult.End(SendAsyncResult result)
   at System.ServiceModel.Channels.ServiceChannel.EndCall(String action, Object[] outs, IAsyncResult result)
   at System.ServiceModel.Channels.ServiceChannelProxy.TaskCreator.<>c__DisplayClass1_0.<CreateGenericTask>b__0(IAsyncResult asyncResult)
--- End of stack trace from previous location ---
   at Applet.Nat.Api.Br.Models.DocumentExp.GetCotizacion(String vivstrMoneda, DateTime vivdtm) in C:\Users\Jaco2701\Documents\Visual Studio Projects\Nat\Nat.api\Models\BR\DocumentExp.cs:line 156
No connection could be made because the target machine actively refused it. (wsfe-homo.arca.gob.ar:443)
   at System.Net.Http.HttpConnectionPool.ConnectToTcpHostAsync(String host, Int32 port, HttpRequestMessage initialRequest, Boolean async, CancellationToken cancellationToken)
   at System.Net.Http.HttpConnectionPool.ConnectAsync(HttpRequestMessage request, Boolean async, CancellationToken cancellationToken)
   at System.Net.Http.HttpConnectionPool.CreateHttp11ConnectionAsync(HttpRequestMessage request, Boolean async, CancellationToken cancellationToken)
   at System.Net.Http.HttpConnectionPool.AddHttp11ConnectionAsync(QueueItem queueItem)
   at System.Threading.Tasks.TaskCompletionSourceWithCancellation`1.WaitWithCancellationAsync(CancellationToken cancellationToken)
   at System.Net.Http.HttpConnectionPool.SendWithVersionDetectionAndRetryAsync(HttpRequestMessage request, Boolean async, Boolean doRequestAuth, CancellationToken cancellationToken)
   at System.Net.Http.DiagnosticsHandler.SendAsyncCore(HttpRequestMessage request, Boolean async, CancellationToken cancellationToken)
   at System.Net.Http.RedirectHandler.SendAsync(HttpRequestMessage request, Boolean async, CancellationToken cancellationToken)
   at System.Net.Http.DecompressionHandler.SendAsync(HttpRequestMessage request, Boolean async, CancellationToken cancellationToken)
   at System.Net.Http.HttpClient.<SendAsync>g__Core|83_0(HttpRequestMessage request, HttpCompletionOption completionOption, CancellationTokenSource cts, Boolean disposeCts, CancellationTokenSource pendingRequestsCts, CancellationToken originalCancellationToken)
   at System.ServiceModel.Channels.HttpChannelFactory`1.HttpClientRequestChannel.HttpClientChannelAsyncRequest.SendRequestAsync(Message message, TimeoutHelper timeoutHelper)
No connection could be made because the target machine actively refused it.
   at System.Net.Sockets.Socket.AwaitableSocketAsyncEventArgs.ThrowException(SocketError error, CancellationToken cancellationToken)
   at System.Net.Sockets.Socket.AwaitableSocketAsyncEventArgs.System.Threading.Tasks.Sources.IValueTaskSource.GetResult(Int16 token)
   at System.Net.Sockets.Socket.<ConnectAsync>g__WaitForConnectWithCancellation|285_0(AwaitableSocketAsyncEventArgs saea, ValueTask connectTask, CancellationToken cancellationToken)
   at System.Net.Http.HttpConnectionPool.ConnectToTcpHostAsync(String host, Int32 port, HttpRequestMessage initialRequest, Boolean async, CancellationToken cancellationToken)
13/11/2025 04:26:51==>Cotizacion Invalida
   at Applet.Nat.Api.Br.Models.DocumentExp.GetCotizacion(String vivstrMoneda, DateTime vivdtm) in C:\Users\Jaco2701\Documents\Visual Studio Projects\Nat\Nat.api\Models\BR\DocumentExp.cs:line 175
   at Applet.Nat.Api.Controllers.MiscController.Statics() in C:\Users\Jaco2701\Documents\Visual Studio Projects\Nat\Nat.api\Controllers\MiscController.cs:line 45
13/11/2025 04:26:51==>Valor de Lista FORMAT:dtmwsmtxca no encontrado
   at Applet.Nat.Api.Static.ListHelper.GetValue(String vivcodType, String vivcodId, NatContext vioContext) in C:\Users\Jaco2701\Documents\Visual Studio Projects\Nat\Nat.api\Static\ListHelper.cs:line 26
   at Applet.Nat.Api.Models.Afip.AfipService.get_ivstrDateformat() in C:\Users\Jaco2701\Documents\Visual Studio Projects\Nat\Nat.api\Models\Afip\AfipService.cs:line 74
   at Applet.Nat.BR.DocumentMTXCA.GetCotizacion(String vivstrMoneda, DateTime vivdtm) in C:\Users\Jaco2701\Documents\Visual Studio Projects\Nat\Nat.api\Models\BR\DocumentMtxca.cs:line 540
13/11/2025 04:26:51==>Cotizacion Invalida
   at Applet.Nat.BR.DocumentMTXCA.GetCotizacion(String vivstrMoneda, DateTime vivdtm) in C:\Users\Jaco2701\Documents\Visual Studio Projects\Nat\Nat.api\Models\BR\DocumentMtxca.cs:line 566
   at Applet.Nat.Api.Controllers.MiscController.Statics() in C:\Users\Jaco2701\Documents\Visual Studio Projects\Nat\Nat.api\Controllers\MiscController.cs:line 65
13/11/2025 04:26:53==>No connection could be made because the target machine actively refused it. (wsfe-homo.arca.gob.ar:443)
   at System.Runtime.AsyncResult.End[TAsyncResult](IAsyncResult result)
   at System.ServiceModel.Channels.ServiceChannel.SendAsyncResult.End(SendAsyncResult result)
   at System.ServiceModel.Channels.ServiceChannel.EndCall(String action, Object[] outs, IAsyncResult result)
   at System.ServiceModel.Channels.ServiceChannelProxy.TaskCreator.<>c__DisplayClass1_0.<CreateGenericTask>b__0(IAsyncResult asyncResult)
--- End of stack trace from previous location ---
   at Applet.Nat.Api.Br.Models.DocumentExp.GetCotizacion(String vivstrMoneda, DateTime vivdtm) in C:\Users\Jaco2701\Documents\Visual Studio Projects\Nat\Nat.api\Models\BR\DocumentExp.cs:line 156
No connection could be made because the target machine actively refused it. (wsfe-homo.arca.gob.ar:443)
   at System.Net.Http.HttpConnectionPool.ConnectToTcpHostAsync(String host, Int32 port, HttpRequestMessage initialRequest, Boolean async, CancellationToken cancellationToken)
   at System.Net.Http.HttpConnectionPool.ConnectAsync(HttpRequestMessage request, Boolean async, CancellationToken cancellationToken)
   at System.Net.Http.HttpConnectionPool.CreateHttp11ConnectionAsync(HttpRequestMessage request, Boolean async, CancellationToken cancellationToken)
   at System.Net.Http.HttpConnectionPool.AddHttp11ConnectionAsync(QueueItem queueItem)
   at System.Threading.Tasks.TaskCompletionSourceWithCancellation`1.WaitWithCancellationAsync(CancellationToken cancellationToken)
   at System.Net.Http.HttpConnectionPool.SendWithVersionDetectionAndRetryAsync(HttpRequestMessage request, Boolean async, Boolean doRequestAuth, CancellationToken cancellationToken)
   at System.Net.Http.DiagnosticsHandler.SendAsyncCore(HttpRequestMessage request, Boolean async, CancellationToken cancellationToken)
   at System.Net.Http.RedirectHandler.SendAsync(HttpRequestMessage request, Boolean async, CancellationToken cancellationToken)
   at System.Net.Http.DecompressionHandler.SendAsync(HttpRequestMessage request, Boolean async, CancellationToken cancellationToken)
   at System.Net.Http.HttpClient.<SendAsync>g__Core|83_0(HttpRequestMessage request, HttpCompletionOption completionOption, CancellationTokenSource cts, Boolean disposeCts, CancellationTokenSource pendingRequestsCts, CancellationToken originalCancellationToken)
   at System.ServiceModel.Channels.HttpChannelFactory`1.HttpClientRequestChannel.HttpClientChannelAsyncRequest.SendRequestAsync(Message message, TimeoutHelper timeoutHelper)
No connection could be made because the target machine actively refused it.
   at System.Net.Sockets.Socket.AwaitableSocketAsyncEventArgs.ThrowException(SocketError error, CancellationToken cancellationToken)
   at System.Net.Sockets.Socket.AwaitableSocketAsyncEventArgs.System.Threading.Tasks.Sources.IValueTaskSource.GetResult(Int16 token)
   at System.Net.Sockets.Socket.<ConnectAsync>g__WaitForConnectWithCancellation|285_0(AwaitableSocketAsyncEventArgs saea, ValueTask connectTask, CancellationToken cancellationToken)
   at System.Net.Http.HttpConnectionPool.ConnectToTcpHostAsync(String host, Int32 port, HttpRequestMessage initialRequest, Boolean async, CancellationToken cancellationToken)
13/11/2025 04:26:53==>Cotizacion Invalida
   at Applet.Nat.Api.Br.Models.DocumentExp.GetCotizacion(String vivstrMoneda, DateTime vivdtm) in C:\Users\Jaco2701\Documents\Visual Studio Projects\Nat\Nat.api\Models\BR\DocumentExp.cs:line 175
   at Applet.Nat.Api.Controllers.MiscController.Statics() in C:\Users\Jaco2701\Documents\Visual Studio Projects\Nat\Nat.api\Controllers\MiscController.cs:line 45
13/11/2025 04:26:54==>Valor de Lista FORMAT:dtmwsmtxca no encontrado
   at Applet.Nat.Api.Static.ListHelper.GetValue(String vivcodType, String vivcodId, NatContext vioContext) in C:\Users\Jaco2701\Documents\Visual Studio Projects\Nat\Nat.api\Static\ListHelper.cs:line 26
   at Applet.Nat.Api.Models.Afip.AfipService.get_ivstrDateformat() in C:\Users\Jaco2701\Documents\Visual Studio Projects\Nat\Nat.api\Models\Afip\AfipService.cs:line 74
   at Applet.Nat.BR.DocumentMTXCA.GetCotizacion(String vivstrMoneda, DateTime vivdtm) in C:\Users\Jaco2701\Documents\Visual Studio Projects\Nat\Nat.api\Models\BR\DocumentMtxca.cs:line 540
13/11/2025 04:26:54==>Cotizacion Invalida
   at Applet.Nat.BR.DocumentMTXCA.GetCotizacion(String vivstrMoneda, DateTime vivdtm) in C:\Users\Jaco2701\Documents\Visual Studio Projects\Nat\Nat.api\Models\BR\DocumentMtxca.cs:line 566
   at Applet.Nat.Api.Controllers.MiscController.Statics() in C:\Users\Jaco2701\Documents\Visual Studio Projects\Nat\Nat.api\Controllers\MiscController.cs:line 65
13/11/2025 04:26:56==>No connection could be made because the target machine actively refused it. (wsfe-homo.arca.gob.ar:443)
   at System.Runtime.AsyncResult.End[TAsyncResult](IAsyncResult result)
   at System.ServiceModel.Channels.ServiceChannel.SendAsyncResult.End(SendAsyncResult result)
   at System.ServiceModel.Channels.ServiceChannel.EndCall(String action, Object[] outs, IAsyncResult result)
   at System.ServiceModel.Channels.ServiceChannelProxy.TaskCreator.<>c__DisplayClass1_0.<CreateGenericTask>b__0(IAsyncResult asyncResult)
--- End of stack trace from previous location ---
   at Applet.Nat.Api.Br.Models.DocumentExp.GetCotizacion(String vivstrMoneda, DateTime vivdtm) in C:\Users\Jaco2701\Documents\Visual Studio Projects\Nat\Nat.api\Models\BR\DocumentExp.cs:line 156
No connection could be made because the target machine actively refused it. (wsfe-homo.arca.gob.ar:443)
   at System.Net.Http.HttpConnectionPool.ConnectToTcpHostAsync(String host, Int32 port, HttpRequestMessage initialRequest, Boolean async, CancellationToken cancellationToken)
   at System.Net.Http.HttpConnectionPool.ConnectAsync(HttpRequestMessage request, Boolean async, CancellationToken cancellationToken)
   at System.Net.Http.HttpConnectionPool.CreateHttp11ConnectionAsync(HttpRequestMessage request, Boolean async, CancellationToken cancellationToken)
   at System.Net.Http.HttpConnectionPool.AddHttp11ConnectionAsync(QueueItem queueItem)
   at System.Threading.Tasks.TaskCompletionSourceWithCancellation`1.WaitWithCancellationAsync(CancellationToken cancellationToken)
   at System.Net.Http.HttpConnectionPool.SendWithVersionDetectionAndRetryAsync(HttpRequestMessage request, Boolean async, Boolean doRequestAuth, CancellationToken cancellationToken)
   at System.Net.Http.DiagnosticsHandler.SendAsyncCore(HttpRequestMessage request, Boolean async, CancellationToken cancellationToken)
   at System.Net.Http.RedirectHandler.SendAsync(HttpRequestMessage request, Boolean async, CancellationToken cancellationToken)
   at System.Net.Http.DecompressionHandler.SendAsync(HttpRequestMessage request, Boolean async, CancellationToken cancellationToken)
   at System.Net.Http.HttpClient.<SendAsync>g__Core|83_0(HttpRequestMessage request, HttpCompletionOption completionOption, CancellationTokenSource cts, Boolean disposeCts, CancellationTokenSource pendingRequestsCts, CancellationToken originalCancellationToken)
   at System.ServiceModel.Channels.HttpChannelFactory`1.HttpClientRequestChannel.HttpClientChannelAsyncRequest.SendRequestAsync(Message message, TimeoutHelper timeoutHelper)
No connection could be made because the target machine actively refused it.
   at System.Net.Sockets.Socket.AwaitableSocketAsyncEventArgs.ThrowException(SocketError error, CancellationToken cancellationToken)
   at System.Net.Sockets.Socket.AwaitableSocketAsyncEventArgs.System.Threading.Tasks.Sources.IValueTaskSource.GetResult(Int16 token)
   at System.Net.Sockets.Socket.<ConnectAsync>g__WaitForConnectWithCancellation|285_0(AwaitableSocketAsyncEventArgs saea, ValueTask connectTask, CancellationToken cancellationToken)
   at System.Net.Http.HttpConnectionPool.ConnectToTcpHostAsync(String host, Int32 port, HttpRequestMessage initialRequest, Boolean async, CancellationToken cancellationToken)
13/11/2025 04:26:56==>Cotizacion Invalida
   at Applet.Nat.Api.Br.Models.DocumentExp.GetCotizacion(String vivstrMoneda, DateTime vivdtm) in C:\Users\Jaco2701\Documents\Visual Studio Projects\Nat\Nat.api\Models\BR\DocumentExp.cs:line 175
   at Applet.Nat.Api.Controllers.MiscController.Statics() in C:\Users\Jaco2701\Documents\Visual Studio Projects\Nat\Nat.api\Controllers\MiscController.cs:line 45
13/11/2025 04:26:56==>Valor de Lista FORMAT:dtmwsmtxca no encontrado
   at Applet.Nat.Api.Static.ListHelper.GetValue(String vivcodType, String vivcodId, NatContext vioContext) in C:\Users\Jaco2701\Documents\Visual Studio Projects\Nat\Nat.api\Static\ListHelper.cs:line 26
   at Applet.Nat.Api.Models.Afip.AfipService.get_ivstrDateformat() in C:\Users\Jaco2701\Documents\Visual Studio Projects\Nat\Nat.api\Models\Afip\AfipService.cs:line 74
   at Applet.Nat.BR.DocumentMTXCA.GetCotizacion(String vivstrMoneda, DateTime vivdtm) in C:\Users\Jaco2701\Documents\Visual Studio Projects\Nat\Nat.api\Models\BR\DocumentMtxca.cs:line 540
13/11/2025 04:26:56==>Cotizacion Invalida
   at Applet.Nat.BR.DocumentMTXCA.GetCotizacion(String vivstrMoneda, DateTime vivdtm) in C:\Users\Jaco2701\Documents\Visual Studio Projects\Nat\Nat.api\Models\BR\DocumentMtxca.cs:line 566
   at Applet.Nat.Api.Controllers.MiscController.Statics() in C:\Users\Jaco2701\Documents\Visual Studio Projects\Nat\Nat.api\Controllers\MiscController.cs:line 65
13/11/2025 04:27:30==>No connection could be made because the target machine actively refused it. (wsfe-homo.arca.gob.ar:443)
   at System.Runtime.AsyncResult.End[TAsyncResult](IAsyncResult result)
   at System.ServiceModel.Channels.ServiceChannel.SendAsyncResult.End(SendAsyncResult result)
   at System.ServiceModel.Channels.ServiceChannel.EndCall(String action, Object[] outs, IAsyncResult result)
   at System.ServiceModel.Channels.ServiceChannelProxy.TaskCreator.<>c__DisplayClass1_0.<CreateGenericTask>b__0(IAsyncResult asyncResult)
--- End of stack trace from previous location ---
   at Applet.Nat.Api.Br.Models.DocumentExp.GetCotizacion(String vivstrMoneda, DateTime vivdtm) in C:\Users\Jaco2701\Documents\Visual Studio Projects\Nat\Nat.api\Models\BR\DocumentExp.cs:line 156
No connection could be made because the target machine actively refused it. (wsfe-homo.arca.gob.ar:443)
   at System.Net.Http.HttpConnectionPool.ConnectToTcpHostAsync(String host, Int32 port, HttpRequestMessage initialRequest, Boolean async, CancellationToken cancellationToken)
   at System.Net.Http.HttpConnectionPool.ConnectAsync(HttpRequestMessage request, Boolean async, CancellationToken cancellationToken)
   at System.Net.Http.HttpConnectionPool.CreateHttp11ConnectionAsync(HttpRequestMessage request, Boolean async, CancellationToken cancellationToken)
   at System.Net.Http.HttpConnectionPool.AddHttp11ConnectionAsync(QueueItem queueItem)
   at System.Threading.Tasks.TaskCompletionSourceWithCancellation`1.WaitWithCancellationAsync(CancellationToken cancellationToken)
   at System.Net.Http.HttpConnectionPool.SendWithVersionDetectionAndRetryAsync(HttpRequestMessage request, Boolean async, Boolean doRequestAuth, CancellationToken cancellationToken)
   at System.Net.Http.DiagnosticsHandler.SendAsyncCore(HttpRequestMessage request, Boolean async, CancellationToken cancellationToken)
   at System.Net.Http.RedirectHandler.SendAsync(HttpRequestMessage request, Boolean async, CancellationToken cancellationToken)
   at System.Net.Http.DecompressionHandler.SendAsync(HttpRequestMessage request, Boolean async, CancellationToken cancellationToken)
   at System.Net.Http.HttpClient.<SendAsync>g__Core|83_0(HttpRequestMessage request, HttpCompletionOption completionOption, CancellationTokenSource cts, Boolean disposeCts, CancellationTokenSource pendingRequestsCts, CancellationToken originalCancellationToken)
   at System.ServiceModel.Channels.HttpChannelFactory`1.HttpClientRequestChannel.HttpClientChannelAsyncRequest.SendRequestAsync(Message message, TimeoutHelper timeoutHelper)
No connection could be made because the target machine actively refused it.
   at System.Net.Sockets.Socket.AwaitableSocketAsyncEventArgs.ThrowException(SocketError error, CancellationToken cancellationToken)
   at System.Net.Sockets.Socket.AwaitableSocketAsyncEventArgs.System.Threading.Tasks.Sources.IValueTaskSource.GetResult(Int16 token)
   at System.Net.Sockets.Socket.<ConnectAsync>g__WaitForConnectWithCancellation|285_0(AwaitableSocketAsyncEventArgs saea, ValueTask connectTask, CancellationToken cancellationToken)
   at System.Net.Http.HttpConnectionPool.ConnectToTcpHostAsync(String host, Int32 port, HttpRequestMessage initialRequest, Boolean async, CancellationToken cancellationToken)
13/11/2025 04:27:30==>Cotizacion Invalida
   at Applet.Nat.Api.Br.Models.DocumentExp.GetCotizacion(String vivstrMoneda, DateTime vivdtm) in C:\Users\Jaco2701\Documents\Visual Studio Projects\Nat\Nat.api\Models\BR\DocumentExp.cs:line 175
   at Applet.Nat.Api.Controllers.MiscController.Statics() in C:\Users\Jaco2701\Documents\Visual Studio Projects\Nat\Nat.api\Controllers\MiscController.cs:line 45
13/11/2025 04:27:30==>Valor de Lista FORMAT:dtmwsmtxca no encontrado
   at Applet.Nat.Api.Static.ListHelper.GetValue(String vivcodType, String vivcodId, NatContext vioContext) in C:\Users\Jaco2701\Documents\Visual Studio Projects\Nat\Nat.api\Static\ListHelper.cs:line 26
   at Applet.Nat.Api.Models.Afip.AfipService.get_ivstrDateformat() in C:\Users\Jaco2701\Documents\Visual Studio Projects\Nat\Nat.api\Models\Afip\AfipService.cs:line 74
   at Applet.Nat.BR.DocumentMTXCA.GetCotizacion(String vivstrMoneda, DateTime vivdtm) in C:\Users\Jaco2701\Documents\Visual Studio Projects\Nat\Nat.api\Models\BR\DocumentMtxca.cs:line 540
13/11/2025 04:27:30==>Cotizacion Invalida
   at Applet.Nat.BR.DocumentMTXCA.GetCotizacion(String vivstrMoneda, DateTime vivdtm) in C:\Users\Jaco2701\Documents\Visual Studio Projects\Nat\Nat.api\Models\BR\DocumentMtxca.cs:line 566
   at Applet.Nat.Api.Controllers.MiscController.Statics() in C:\Users\Jaco2701\Documents\Visual Studio Projects\Nat\Nat.api\Controllers\MiscController.cs:line 65
13/11/2025 04:27:32==>No connection could be made because the target machine actively refused it. (wsfe-homo.arca.gob.ar:443)
   at System.Runtime.AsyncResult.End[TAsyncResult](IAsyncResult result)
   at System.ServiceModel.Channels.ServiceChannel.SendAsyncResult.End(SendAsyncResult result)
   at System.ServiceModel.Channels.ServiceChannel.EndCall(String action, Object[] outs, IAsyncResult result)
   at System.ServiceModel.Channels.ServiceChannelProxy.TaskCreator.<>c__DisplayClass1_0.<CreateGenericTask>b__0(IAsyncResult asyncResult)
--- End of stack trace from previous location ---
   at Applet.Nat.Api.Br.Models.DocumentExp.GetCotizacion(String vivstrMoneda, DateTime vivdtm) in C:\Users\Jaco2701\Documents\Visual Studio Projects\Nat\Nat.api\Models\BR\DocumentExp.cs:line 156
No connection could be made because the target machine actively refused it. (wsfe-homo.arca.gob.ar:443)
   at System.Net.Http.HttpConnectionPool.ConnectToTcpHostAsync(String host, Int32 port, HttpRequestMessage initialRequest, Boolean async, CancellationToken cancellationToken)
   at System.Net.Http.HttpConnectionPool.ConnectAsync(HttpRequestMessage request, Boolean async, CancellationToken cancellationToken)
   at System.Net.Http.HttpConnectionPool.CreateHttp11ConnectionAsync(HttpRequestMessage request, Boolean async, CancellationToken cancellationToken)
   at System.Net.Http.HttpConnectionPool.AddHttp11ConnectionAsync(QueueItem queueItem)
   at System.Threading.Tasks.TaskCompletionSourceWithCancellation`1.WaitWithCancellationAsync(CancellationToken cancellationToken)
   at System.Net.Http.HttpConnectionPool.SendWithVersionDetectionAndRetryAsync(HttpRequestMessage request, Boolean async, Boolean doRequestAuth, CancellationToken cancellationToken)
   at System.Net.Http.DiagnosticsHandler.SendAsyncCore(HttpRequestMessage request, Boolean async, CancellationToken cancellationToken)
   at System.Net.Http.RedirectHandler.SendAsync(HttpRequestMessage request, Boolean async, CancellationToken cancellationToken)
   at System.Net.Http.DecompressionHandler.SendAsync(HttpRequestMessage request, Boolean async, CancellationToken cancellationToken)
   at System.Net.Http.HttpClient.<SendAsync>g__Core|83_0(HttpRequestMessage request, HttpCompletionOption completionOption, CancellationTokenSource cts, Boolean disposeCts, CancellationTokenSource pendingRequestsCts, CancellationToken originalCancellationToken)
   at System.ServiceModel.Channels.HttpChannelFactory`1.HttpClientRequestChannel.HttpClientChannelAsyncRequest.SendRequestAsync(Message message, TimeoutHelper timeoutHelper)
No connection could be made because the target machine actively refused it.
   at System.Net.Sockets.Socket.AwaitableSocketAsyncEventArgs.ThrowException(SocketError error, CancellationToken cancellationToken)
   at System.Net.Sockets.Socket.AwaitableSocketAsyncEventArgs.System.Threading.Tasks.Sources.IValueTaskSource.GetResult(Int16 token)
   at System.Net.Sockets.Socket.<ConnectAsync>g__WaitForConnectWithCancellation|285_0(AwaitableSocketAsyncEventArgs saea, ValueTask connectTask, CancellationToken cancellationToken)
   at System.Net.Http.HttpConnectionPool.ConnectToTcpHostAsync(String host, Int32 port, HttpRequestMessage initialRequest, Boolean async, CancellationToken cancellationToken)
13/11/2025 04:27:32==>Cotizacion Invalida
   at Applet.Nat.Api.Br.Models.DocumentExp.GetCotizacion(String vivstrMoneda, DateTime vivdtm) in C:\Users\Jaco2701\Documents\Visual Studio Projects\Nat\Nat.api\Models\BR\DocumentExp.cs:line 175
   at Applet.Nat.Api.Controllers.MiscController.Statics() in C:\Users\Jaco2701\Documents\Visual Studio Projects\Nat\Nat.api\Controllers\MiscController.cs:line 45
13/11/2025 04:27:32==>Valor de Lista FORMAT:dtmwsmtxca no encontrado
   at Applet.Nat.Api.Static.ListHelper.GetValue(String vivcodType, String vivcodId, NatContext vioContext) in C:\Users\Jaco2701\Documents\Visual Studio Projects\Nat\Nat.api\Static\ListHelper.cs:line 26
   at Applet.Nat.Api.Models.Afip.AfipService.get_ivstrDateformat() in C:\Users\Jaco2701\Documents\Visual Studio Projects\Nat\Nat.api\Models\Afip\AfipService.cs:line 74
   at Applet.Nat.BR.DocumentMTXCA.GetCotizacion(String vivstrMoneda, DateTime vivdtm) in C:\Users\Jaco2701\Documents\Visual Studio Projects\Nat\Nat.api\Models\BR\DocumentMtxca.cs:line 540
13/11/2025 04:27:32==>Cotizacion Invalida
   at Applet.Nat.BR.DocumentMTXCA.GetCotizacion(String vivstrMoneda, DateTime vivdtm) in C:\Users\Jaco2701\Documents\Visual Studio Projects\Nat\Nat.api\Models\BR\DocumentMtxca.cs:line 566
   at Applet.Nat.Api.Controllers.MiscController.Statics() in C:\Users\Jaco2701\Documents\Visual Studio Projects\Nat\Nat.api\Controllers\MiscController.cs:line 65
13/11/2025 04:27:34==>No connection could be made because the target machine actively refused it. (wsfe-homo.arca.gob.ar:443)
   at System.Runtime.AsyncResult.End[TAsyncResult](IAsyncResult result)
   at System.ServiceModel.Channels.ServiceChannel.SendAsyncResult.End(SendAsyncResult result)
   at System.ServiceModel.Channels.ServiceChannel.EndCall(String action, Object[] outs, IAsyncResult result)
   at System.ServiceModel.Channels.ServiceChannelProxy.TaskCreator.<>c__DisplayClass1_0.<CreateGenericTask>b__0(IAsyncResult asyncResult)
--- End of stack trace from previous location ---
   at Applet.Nat.Api.Br.Models.DocumentExp.GetCotizacion(String vivstrMoneda, DateTime vivdtm) in C:\Users\Jaco2701\Documents\Visual Studio Projects\Nat\Nat.api\Models\BR\DocumentExp.cs:line 156
No connection could be made because the target machine actively refused it. (wsfe-homo.arca.gob.ar:443)
   at System.Net.Http.HttpConnectionPool.ConnectToTcpHostAsync(String host, Int32 port, HttpRequestMessage initialRequest, Boolean async, CancellationToken cancellationToken)
   at System.Net.Http.HttpConnectionPool.ConnectAsync(HttpRequestMessage request, Boolean async, CancellationToken cancellationToken)
   at System.Net.Http.HttpConnectionPool.CreateHttp11ConnectionAsync(HttpRequestMessage request, Boolean async, CancellationToken cancellationToken)
   at System.Net.Http.HttpConnectionPool.AddHttp11ConnectionAsync(QueueItem queueItem)
   at System.Threading.Tasks.TaskCompletionSourceWithCancellation`1.WaitWithCancellationAsync(CancellationToken cancellationToken)
   at System.Net.Http.HttpConnectionPool.SendWithVersionDetectionAndRetryAsync(HttpRequestMessage request, Boolean async, Boolean doRequestAuth, CancellationToken cancellationToken)
   at System.Net.Http.DiagnosticsHandler.SendAsyncCore(HttpRequestMessage request, Boolean async, CancellationToken cancellationToken)
   at System.Net.Http.RedirectHandler.SendAsync(HttpRequestMessage request, Boolean async, CancellationToken cancellationToken)
   at System.Net.Http.DecompressionHandler.SendAsync(HttpRequestMessage request, Boolean async, CancellationToken cancellationToken)
   at System.Net.Http.HttpClient.<SendAsync>g__Core|83_0(HttpRequestMessage request, HttpCompletionOption completionOption, CancellationTokenSource cts, Boolean disposeCts, CancellationTokenSource pendingRequestsCts, CancellationToken originalCancellationToken)
   at System.ServiceModel.Channels.HttpChannelFactory`1.HttpClientRequestChannel.HttpClientChannelAsyncRequest.SendRequestAsync(Message message, TimeoutHelper timeoutHelper)
No connection could be made because the target machine actively refused it.
   at System.Net.Sockets.Socket.AwaitableSocketAsyncEventArgs.ThrowException(SocketError error, CancellationToken cancellationToken)
   at System.Net.Sockets.Socket.AwaitableSocketAsyncEventArgs.System.Threading.Tasks.Sources.IValueTaskSource.GetResult(Int16 token)
   at System.Net.Sockets.Socket.<ConnectAsync>g__WaitForConnectWithCancellation|285_0(AwaitableSocketAsyncEventArgs saea, ValueTask connectTask, CancellationToken cancellationToken)
   at System.Net.Http.HttpConnectionPool.ConnectToTcpHostAsync(String host, Int32 port, HttpRequestMessage initialRequest, Boolean async, CancellationToken cancellationToken)
13/11/2025 04:27:34==>Cotizacion Invalida
   at Applet.Nat.Api.Br.Models.DocumentExp.GetCotizacion(String vivstrMoneda, DateTime vivdtm) in C:\Users\Jaco2701\Documents\Visual Studio Projects\Nat\Nat.api\Models\BR\DocumentExp.cs:line 175
   at Applet.Nat.Api.Controllers.MiscController.Statics() in C:\Users\Jaco2701\Documents\Visual Studio Projects\Nat\Nat.api\Controllers\MiscController.cs:line 45
13/11/2025 04:27:34==>Valor de Lista FORMAT:dtmwsmtxca no encontrado
   at Applet.Nat.Api.Static.ListHelper.GetValue(String vivcodType, String vivcodId, NatContext vioContext) in C:\Users\Jaco2701\Documents\Visual Studio Projects\Nat\Nat.api\Static\ListHelper.cs:line 26
   at Applet.Nat.Api.Models.Afip.AfipService.get_ivstrDateformat() in C:\Users\Jaco2701\Documents\Visual Studio Projects\Nat\Nat.api\Models\Afip\AfipService.cs:line 74
   at Applet.Nat.BR.DocumentMTXCA.GetCotizacion(String vivstrMoneda, DateTime vivdtm) in C:\Users\Jaco2701\Documents\Visual Studio Projects\Nat\Nat.api\Models\BR\DocumentMtxca.cs:line 540
13/11/2025 04:27:34==>Cotizacion Invalida
   at Applet.Nat.BR.DocumentMTXCA.GetCotizacion(String vivstrMoneda, DateTime vivdtm) in C:\Users\Jaco2701\Documents\Visual Studio Projects\Nat\Nat.api\Models\BR\DocumentMtxca.cs:line 566
   at Applet.Nat.Api.Controllers.MiscController.Statics() in C:\Users\Jaco2701\Documents\Visual Studio Projects\Nat\Nat.api\Controllers\MiscController.cs:line 65
13/11/2025 04:27:41==>No connection could be made because the target machine actively refused it. (wsfe-homo.arca.gob.ar:443)
   at System.Runtime.AsyncResult.End[TAsyncResult](IAsyncResult result)
   at System.ServiceModel.Channels.ServiceChannel.SendAsyncResult.End(SendAsyncResult result)
   at System.ServiceModel.Channels.ServiceChannel.EndCall(String action, Object[] outs, IAsyncResult result)
   at System.ServiceModel.Channels.ServiceChannelProxy.TaskCreator.<>c__DisplayClass1_0.<CreateGenericTask>b__0(IAsyncResult asyncResult)
--- End of stack trace from previous location ---
   at Applet.Nat.Api.Br.Models.DocumentExp.GetCotizacion(String vivstrMoneda, DateTime vivdtm) in C:\Users\Jaco2701\Documents\Visual Studio Projects\Nat\Nat.api\Models\BR\DocumentExp.cs:line 156
No connection could be made because the target machine actively refused it. (wsfe-homo.arca.gob.ar:443)
   at System.Net.Http.HttpConnectionPool.ConnectToTcpHostAsync(String host, Int32 port, HttpRequestMessage initialRequest, Boolean async, CancellationToken cancellationToken)
   at System.Net.Http.HttpConnectionPool.ConnectAsync(HttpRequestMessage request, Boolean async, CancellationToken cancellationToken)
   at System.Net.Http.HttpConnectionPool.CreateHttp11ConnectionAsync(HttpRequestMessage request, Boolean async, CancellationToken cancellationToken)
   at System.Net.Http.HttpConnectionPool.AddHttp11ConnectionAsync(QueueItem queueItem)
   at System.Threading.Tasks.TaskCompletionSourceWithCancellation`1.WaitWithCancellationAsync(CancellationToken cancellationToken)
   at System.Net.Http.HttpConnectionPool.SendWithVersionDetectionAndRetryAsync(HttpRequestMessage request, Boolean async, Boolean doRequestAuth, CancellationToken cancellationToken)
   at System.Net.Http.DiagnosticsHandler.SendAsyncCore(HttpRequestMessage request, Boolean async, CancellationToken cancellationToken)
   at System.Net.Http.RedirectHandler.SendAsync(HttpRequestMessage request, Boolean async, CancellationToken cancellationToken)
   at System.Net.Http.DecompressionHandler.SendAsync(HttpRequestMessage request, Boolean async, CancellationToken cancellationToken)
   at System.Net.Http.HttpClient.<SendAsync>g__Core|83_0(HttpRequestMessage request, HttpCompletionOption completionOption, CancellationTokenSource cts, Boolean disposeCts, CancellationTokenSource pendingRequestsCts, CancellationToken originalCancellationToken)
   at System.ServiceModel.Channels.HttpChannelFactory`1.HttpClientRequestChannel.HttpClientChannelAsyncRequest.SendRequestAsync(Message message, TimeoutHelper timeoutHelper)
No connection could be made because the target machine actively refused it.
   at System.Net.Sockets.Socket.AwaitableSocketAsyncEventArgs.ThrowException(SocketError error, CancellationToken cancellationToken)
   at System.Net.Sockets.Socket.AwaitableSocketAsyncEventArgs.System.Threading.Tasks.Sources.IValueTaskSource.GetResult(Int16 token)
   at System.Net.Sockets.Socket.<ConnectAsync>g__WaitForConnectWithCancellation|285_0(AwaitableSocketAsyncEventArgs saea, ValueTask connectTask, CancellationToken cancellationToken)
   at System.Net.Http.HttpConnectionPool.ConnectToTcpHostAsync(String host, Int32 port, HttpRequestMessage initialRequest, Boolean async, CancellationToken cancellationToken)
13/11/2025 04:27:41==>Cotizacion Invalida
   at Applet.Nat.Api.Br.Models.DocumentExp.GetCotizacion(String vivstrMoneda, DateTime vivdtm) in C:\Users\Jaco2701\Documents\Visual Studio Projects\Nat\Nat.api\Models\BR\DocumentExp.cs:line 175
   at Applet.Nat.Api.Controllers.MiscController.Statics() in C:\Users\Jaco2701\Documents\Visual Studio Projects\Nat\Nat.api\Controllers\MiscController.cs:line 45
13/11/2025 04:27:42==>Valor de Lista FORMAT:dtmwsmtxca no encontrado
   at Applet.Nat.Api.Static.ListHelper.GetValue(String vivcodType, String vivcodId, NatContext vioContext) in C:\Users\Jaco2701\Documents\Visual Studio Projects\Nat\Nat.api\Static\ListHelper.cs:line 26
   at Applet.Nat.Api.Models.Afip.AfipService.get_ivstrDateformat() in C:\Users\Jaco2701\Documents\Visual Studio Projects\Nat\Nat.api\Models\Afip\AfipService.cs:line 74
   at Applet.Nat.BR.DocumentMTXCA.GetCotizacion(String vivstrMoneda, DateTime vivdtm) in C:\Users\Jaco2701\Documents\Visual Studio Projects\Nat\Nat.api\Models\BR\DocumentMtxca.cs:line 540
13/11/2025 04:27:42==>Cotizacion Invalida
   at Applet.Nat.BR.DocumentMTXCA.GetCotizacion(String vivstrMoneda, DateTime vivdtm) in C:\Users\Jaco2701\Documents\Visual Studio Projects\Nat\Nat.api\Models\BR\DocumentMtxca.cs:line 566
   at Applet.Nat.Api.Controllers.MiscController.Statics() in C:\Users\Jaco2701\Documents\Visual Studio Projects\Nat\Nat.api\Controllers\MiscController.cs:line 65
13/11/2025 04:27:44==>No connection could be made because the target machine actively refused it. (wsfe-homo.arca.gob.ar:443)
   at System.Runtime.AsyncResult.End[TAsyncResult](IAsyncResult result)
   at System.ServiceModel.Channels.ServiceChannel.SendAsyncResult.End(SendAsyncResult result)
   at System.ServiceModel.Channels.ServiceChannel.EndCall(String action, Object[] outs, IAsyncResult result)
   at System.ServiceModel.Channels.ServiceChannelProxy.TaskCreator.<>c__DisplayClass1_0.<CreateGenericTask>b__0(IAsyncResult asyncResult)
--- End of stack trace from previous location ---
   at Applet.Nat.Api.Br.Models.DocumentExp.GetCotizacion(String vivstrMoneda, DateTime vivdtm) in C:\Users\Jaco2701\Documents\Visual Studio Projects\Nat\Nat.api\Models\BR\DocumentExp.cs:line 156
No connection could be made because the target machine actively refused it. (wsfe-homo.arca.gob.ar:443)
   at System.Net.Http.HttpConnectionPool.ConnectToTcpHostAsync(String host, Int32 port, HttpRequestMessage initialRequest, Boolean async, CancellationToken cancellationToken)
   at System.Net.Http.HttpConnectionPool.ConnectAsync(HttpRequestMessage request, Boolean async, CancellationToken cancellationToken)
   at System.Net.Http.HttpConnectionPool.CreateHttp11ConnectionAsync(HttpRequestMessage request, Boolean async, CancellationToken cancellationToken)
   at System.Net.Http.HttpConnectionPool.AddHttp11ConnectionAsync(QueueItem queueItem)
   at System.Threading.Tasks.TaskCompletionSourceWithCancellation`1.WaitWithCancellationAsync(CancellationToken cancellationToken)
   at System.Net.Http.HttpConnectionPool.SendWithVersionDetectionAndRetryAsync(HttpRequestMessage request, Boolean async, Boolean doRequestAuth, CancellationToken cancellationToken)
   at System.Net.Http.DiagnosticsHandler.SendAsyncCore(HttpRequestMessage request, Boolean async, CancellationToken cancellationToken)
   at System.Net.Http.RedirectHandler.SendAsync(HttpRequestMessage request, Boolean async, CancellationToken cancellationToken)
   at System.Net.Http.DecompressionHandler.SendAsync(HttpRequestMessage request, Boolean async, CancellationToken cancellationToken)
   at System.Net.Http.HttpClient.<SendAsync>g__Core|83_0(HttpRequestMessage request, HttpCompletionOption completionOption, CancellationTokenSource cts, Boolean disposeCts, CancellationTokenSource pendingRequestsCts, CancellationToken originalCancellationToken)
   at System.ServiceModel.Channels.HttpChannelFactory`1.HttpClientRequestChannel.HttpClientChannelAsyncRequest.SendRequestAsync(Message message, TimeoutHelper timeoutHelper)
No connection could be made because the target machine actively refused it.
   at System.Net.Sockets.Socket.AwaitableSocketAsyncEventArgs.ThrowException(SocketError error, CancellationToken cancellationToken)
   at System.Net.Sockets.Socket.AwaitableSocketAsyncEventArgs.System.Threading.Tasks.Sources.IValueTaskSource.GetResult(Int16 token)
   at System.Net.Sockets.Socket.<ConnectAsync>g__WaitForConnectWithCancellation|285_0(AwaitableSocketAsyncEventArgs saea, ValueTask connectTask, CancellationToken cancellationToken)
   at System.Net.Http.HttpConnectionPool.ConnectToTcpHostAsync(String host, Int32 port, HttpRequestMessage initialRequest, Boolean async, CancellationToken cancellationToken)
13/11/2025 04:27:44==>Cotizacion Invalida
   at Applet.Nat.Api.Br.Models.DocumentExp.GetCotizacion(String vivstrMoneda, DateTime vivdtm) in C:\Users\Jaco2701\Documents\Visual Studio Projects\Nat\Nat.api\Models\BR\DocumentExp.cs:line 175
   at Applet.Nat.Api.Controllers.MiscController.Statics() in C:\Users\Jaco2701\Documents\Visual Studio Projects\Nat\Nat.api\Controllers\MiscController.cs:line 45
13/11/2025 04:27:44==>Valor de Lista FORMAT:dtmwsmtxca no encontrado
   at Applet.Nat.Api.Static.ListHelper.GetValue(String vivcodType, String vivcodId, NatContext vioContext) in C:\Users\Jaco2701\Documents\Visual Studio Projects\Nat\Nat.api\Static\ListHelper.cs:line 26
   at Applet.Nat.Api.Models.Afip.AfipService.get_ivstrDateformat() in C:\Users\Jaco2701\Documents\Visual Studio Projects\Nat\Nat.api\Models\Afip\AfipService.cs:line 74
   at Applet.Nat.BR.DocumentMTXCA.GetCotizacion(String vivstrMoneda, DateTime vivdtm) in C:\Users\Jaco2701\Documents\Visual Studio Projects\Nat\Nat.api\Models\BR\DocumentMtxca.cs:line 540
13/11/2025 04:27:44==>Cotizacion Invalida
   at Applet.Nat.BR.DocumentMTXCA.GetCotizacion(String vivstrMoneda, DateTime vivdtm) in C:\Users\Jaco2701\Documents\Visual Studio Projects\Nat\Nat.api\Models\BR\DocumentMtxca.cs:line 566
   at Applet.Nat.Api.Controllers.MiscController.Statics() in C:\Users\Jaco2701\Documents\Visual Studio Projects\Nat\Nat.api\Controllers\MiscController.cs:line 65
13/11/2025 04:27:46==>No connection could be made because the target machine actively refused it. (wsfe-homo.arca.gob.ar:443)
   at System.Runtime.AsyncResult.End[TAsyncResult](IAsyncResult result)
   at System.ServiceModel.Channels.ServiceChannel.SendAsyncResult.End(SendAsyncResult result)
   at System.ServiceModel.Channels.ServiceChannel.EndCall(String action, Object[] outs, IAsyncResult result)
   at System.ServiceModel.Channels.ServiceChannelProxy.TaskCreator.<>c__DisplayClass1_0.<CreateGenericTask>b__0(IAsyncResult asyncResult)
--- End of stack trace from previous location ---
   at Applet.Nat.Api.Br.Models.DocumentExp.GetCotizacion(String vivstrMoneda, DateTime vivdtm) in C:\Users\Jaco2701\Documents\Visual Studio Projects\Nat\Nat.api\Models\BR\DocumentExp.cs:line 156
No connection could be made because the target machine actively refused it. (wsfe-homo.arca.gob.ar:443)
   at System.Net.Http.HttpConnectionPool.ConnectToTcpHostAsync(String host, Int32 port, HttpRequestMessage initialRequest, Boolean async, CancellationToken cancellationToken)
   at System.Net.Http.HttpConnectionPool.ConnectAsync(HttpRequestMessage request, Boolean async, CancellationToken cancellationToken)
   at System.Net.Http.HttpConnectionPool.CreateHttp11ConnectionAsync(HttpRequestMessage request, Boolean async, CancellationToken cancellationToken)
   at System.Net.Http.HttpConnectionPool.AddHttp11ConnectionAsync(QueueItem queueItem)
   at System.Threading.Tasks.TaskCompletionSourceWithCancellation`1.WaitWithCancellationAsync(CancellationToken cancellationToken)
   at System.Net.Http.HttpConnectionPool.SendWithVersionDetectionAndRetryAsync(HttpRequestMessage request, Boolean async, Boolean doRequestAuth, CancellationToken cancellationToken)
   at System.Net.Http.DiagnosticsHandler.SendAsyncCore(HttpRequestMessage request, Boolean async, CancellationToken cancellationToken)
   at System.Net.Http.RedirectHandler.SendAsync(HttpRequestMessage request, Boolean async, CancellationToken cancellationToken)
   at System.Net.Http.DecompressionHandler.SendAsync(HttpRequestMessage request, Boolean async, CancellationToken cancellationToken)
   at System.Net.Http.HttpClient.<SendAsync>g__Core|83_0(HttpRequestMessage request, HttpCompletionOption completionOption, CancellationTokenSource cts, Boolean disposeCts, CancellationTokenSource pendingRequestsCts, CancellationToken originalCancellationToken)
   at System.ServiceModel.Channels.HttpChannelFactory`1.HttpClientRequestChannel.HttpClientChannelAsyncRequest.SendRequestAsync(Message message, TimeoutHelper timeoutHelper)
No connection could be made because the target machine actively refused it.
   at System.Net.Sockets.Socket.AwaitableSocketAsyncEventArgs.ThrowException(SocketError error, CancellationToken cancellationToken)
   at System.Net.Sockets.Socket.AwaitableSocketAsyncEventArgs.System.Threading.Tasks.Sources.IValueTaskSource.GetResult(Int16 token)
   at System.Net.Sockets.Socket.<ConnectAsync>g__WaitForConnectWithCancellation|285_0(AwaitableSocketAsyncEventArgs saea, ValueTask connectTask, CancellationToken cancellationToken)
   at System.Net.Http.HttpConnectionPool.ConnectToTcpHostAsync(String host, Int32 port, HttpRequestMessage initialRequest, Boolean async, CancellationToken cancellationToken)
13/11/2025 04:27:46==>Cotizacion Invalida
   at Applet.Nat.Api.Br.Models.DocumentExp.GetCotizacion(String vivstrMoneda, DateTime vivdtm) in C:\Users\Jaco2701\Documents\Visual Studio Projects\Nat\Nat.api\Models\BR\DocumentExp.cs:line 175
   at Applet.Nat.Api.Controllers.MiscController.Statics() in C:\Users\Jaco2701\Documents\Visual Studio Projects\Nat\Nat.api\Controllers\MiscController.cs:line 45
13/11/2025 04:27:46==>Valor de Lista FORMAT:dtmwsmtxca no encontrado
   at Applet.Nat.Api.Static.ListHelper.GetValue(String vivcodType, String vivcodId, NatContext vioContext) in C:\Users\Jaco2701\Documents\Visual Studio Projects\Nat\Nat.api\Static\ListHelper.cs:line 26
   at Applet.Nat.Api.Models.Afip.AfipService.get_ivstrDateformat() in C:\Users\Jaco2701\Documents\Visual Studio Projects\Nat\Nat.api\Models\Afip\AfipService.cs:line 74
   at Applet.Nat.BR.DocumentMTXCA.GetCotizacion(String vivstrMoneda, DateTime vivdtm) in C:\Users\Jaco2701\Documents\Visual Studio Projects\Nat\Nat.api\Models\BR\DocumentMtxca.cs:line 540
13/11/2025 04:27:46==>Cotizacion Invalida
   at Applet.Nat.BR.DocumentMTXCA.GetCotizacion(String vivstrMoneda, DateTime vivdtm) in C:\Users\Jaco2701\Documents\Visual Studio Projects\Nat\Nat.api\Models\BR\DocumentMtxca.cs:line 566
   at Applet.Nat.Api.Controllers.MiscController.Statics() in C:\Users\Jaco2701\Documents\Visual Studio Projects\Nat\Nat.api\Controllers\MiscController.cs:line 65
13/11/2025 04:27:52==>Credenciales Invalidas
   at Applet.Nat.Api.Controllers.LoginController.GetLogin() in C:\Users\Jaco2701\Documents\Visual Studio Projects\Nat\Nat.api\Controllers\LoginController.cs:line 36
13/11/2025 04:27:56==>Credenciales Invalidas
   at Applet.Nat.Api.Controllers.LoginController.GetLogin() in C:\Users\Jaco2701\Documents\Visual Studio Projects\Nat\Nat.api\Controllers\LoginController.cs:line 36
13/11/2025 04:27:57==>Credenciales Invalidas
   at Applet.Nat.Api.Controllers.LoginController.GetLogin() in C:\Users\Jaco2701\Documents\Visual Studio Projects\Nat\Nat.api\Controllers\LoginController.cs:line 36
13/11/2025 04:35:30==>No connection could be made because the target machine actively refused it. (wsfe-homo.arca.gob.ar:443)
   at System.Runtime.AsyncResult.End[TAsyncResult](IAsyncResult result)
   at System.ServiceModel.Channels.ServiceChannel.SendAsyncResult.End(SendAsyncResult result)
   at System.ServiceModel.Channels.ServiceChannel.EndCall(String action, Object[] outs, IAsyncResult result)
   at System.ServiceModel.Channels.ServiceChannelProxy.TaskCreator.<>c__DisplayClass1_0.<CreateGenericTask>b__0(IAsyncResult asyncResult)
--- End of stack trace from previous location ---
   at Applet.Nat.Api.Br.Models.DocumentExp.GetCotizacion(String vivstrMoneda, DateTime vivdtm) in C:\Users\Jaco2701\Documents\Visual Studio Projects\Nat\Nat.api\Models\BR\DocumentExp.cs:line 156
No connection could be made because the target machine actively refused it. (wsfe-homo.arca.gob.ar:443)
   at System.Net.Http.HttpConnectionPool.ConnectToTcpHostAsync(String host, Int32 port, HttpRequestMessage initialRequest, Boolean async, CancellationToken cancellationToken)
   at System.Net.Http.HttpConnectionPool.ConnectAsync(HttpRequestMessage request, Boolean async, CancellationToken cancellationToken)
   at System.Net.Http.HttpConnectionPool.CreateHttp11ConnectionAsync(HttpRequestMessage request, Boolean async, CancellationToken cancellationToken)
   at System.Net.Http.HttpConnectionPool.AddHttp11ConnectionAsync(QueueItem queueItem)
   at System.Threading.Tasks.TaskCompletionSourceWithCancellation`1.WaitWithCancellationAsync(CancellationToken cancellationToken)
   at System.Net.Http.HttpConnectionPool.SendWithVersionDetectionAndRetryAsync(HttpRequestMessage request, Boolean async, Boolean doRequestAuth, CancellationToken cancellationToken)
   at System.Net.Http.DiagnosticsHandler.SendAsyncCore(HttpRequestMessage request, Boolean async, CancellationToken cancellationToken)
   at System.Net.Http.RedirectHandler.SendAsync(HttpRequestMessage request, Boolean async, CancellationToken cancellationToken)
   at System.Net.Http.DecompressionHandler.SendAsync(HttpRequestMessage request, Boolean async, CancellationToken cancellationToken)
   at System.Net.Http.HttpClient.<SendAsync>g__Core|83_0(HttpRequestMessage request, HttpCompletionOption completionOption, CancellationTokenSource cts, Boolean disposeCts, CancellationTokenSource pendingRequestsCts, CancellationToken originalCancellationToken)
   at System.ServiceModel.Channels.HttpChannelFactory`1.HttpClientRequestChannel.HttpClientChannelAsyncRequest.SendRequestAsync(Message message, TimeoutHelper timeoutHelper)
No connection could be made because the target machine actively refused it.
   at System.Net.Sockets.Socket.AwaitableSocketAsyncEventArgs.ThrowException(SocketError error, CancellationToken cancellationToken)
   at System.Net.Sockets.Socket.AwaitableSocketAsyncEventArgs.System.Threading.Tasks.Sources.IValueTaskSource.GetResult(Int16 token)
   at System.Net.Sockets.Socket.<ConnectAsync>g__WaitForConnectWithCancellation|285_0(AwaitableSocketAsyncEventArgs saea, ValueTask connectTask, CancellationToken cancellationToken)
   at System.Net.Http.HttpConnectionPool.ConnectToTcpHostAsync(String host, Int32 port, HttpRequestMessage initialRequest, Boolean async, CancellationToken cancellationToken)
13/11/2025 04:35:30==>Cotizacion Invalida
   at Applet.Nat.Api.Br.Models.DocumentExp.GetCotizacion(String vivstrMoneda, DateTime vivdtm) in C:\Users\Jaco2701\Documents\Visual Studio Projects\Nat\Nat.api\Models\BR\DocumentExp.cs:line 175
   at Applet.Nat.Api.Controllers.MiscController.Statics() in C:\Users\Jaco2701\Documents\Visual Studio Projects\Nat\Nat.api\Controllers\MiscController.cs:line 45
13/11/2025 04:35:30==>Valor de Lista FORMAT:dtmwsmtxca no encontrado
   at Applet.Nat.Api.Static.ListHelper.GetValue(String vivcodType, String vivcodId, NatContext vioContext) in C:\Users\Jaco2701\Documents\Visual Studio Projects\Nat\Nat.api\Static\ListHelper.cs:line 26
   at Applet.Nat.Api.Models.Afip.AfipService.get_ivstrDateformat() in C:\Users\Jaco2701\Documents\Visual Studio Projects\Nat\Nat.api\Models\Afip\AfipService.cs:line 74
   at Applet.Nat.BR.DocumentMTXCA.GetCotizacion(String vivstrMoneda, DateTime vivdtm) in C:\Users\Jaco2701\Documents\Visual Studio Projects\Nat\Nat.api\Models\BR\DocumentMtxca.cs:line 540
13/11/2025 04:35:30==>Cotizacion Invalida
   at Applet.Nat.BR.DocumentMTXCA.GetCotizacion(String vivstrMoneda, DateTime vivdtm) in C:\Users\Jaco2701\Documents\Visual Studio Projects\Nat\Nat.api\Models\BR\DocumentMtxca.cs:line 566
   at Applet.Nat.Api.Controllers.MiscController.Statics() in C:\Users\Jaco2701\Documents\Visual Studio Projects\Nat\Nat.api\Controllers\MiscController.cs:line 65
13/11/2025 04:35:32==>No connection could be made because the target machine actively refused it. (wsfe-homo.arca.gob.ar:443)
   at System.Runtime.AsyncResult.End[TAsyncResult](IAsyncResult result)
   at System.ServiceModel.Channels.ServiceChannel.SendAsyncResult.End(SendAsyncResult result)
   at System.ServiceModel.Channels.ServiceChannel.EndCall(String action, Object[] outs, IAsyncResult result)
   at System.ServiceModel.Channels.ServiceChannelProxy.TaskCreator.<>c__DisplayClass1_0.<CreateGenericTask>b__0(IAsyncResult asyncResult)
--- End of stack trace from previous location ---
   at Applet.Nat.Api.Br.Models.DocumentExp.GetCotizacion(String vivstrMoneda, DateTime vivdtm) in C:\Users\Jaco2701\Documents\Visual Studio Projects\Nat\Nat.api\Models\BR\DocumentExp.cs:line 156
No connection could be made because the target machine actively refused it. (wsfe-homo.arca.gob.ar:443)
   at System.Net.Http.HttpConnectionPool.ConnectToTcpHostAsync(String host, Int32 port, HttpRequestMessage initialRequest, Boolean async, CancellationToken cancellationToken)
   at System.Net.Http.HttpConnectionPool.ConnectAsync(HttpRequestMessage request, Boolean async, CancellationToken cancellationToken)
   at System.Net.Http.HttpConnectionPool.CreateHttp11ConnectionAsync(HttpRequestMessage request, Boolean async, CancellationToken cancellationToken)
   at System.Net.Http.HttpConnectionPool.AddHttp11ConnectionAsync(QueueItem queueItem)
   at System.Threading.Tasks.TaskCompletionSourceWithCancellation`1.WaitWithCancellationAsync(CancellationToken cancellationToken)
   at System.Net.Http.HttpConnectionPool.SendWithVersionDetectionAndRetryAsync(HttpRequestMessage request, Boolean async, Boolean doRequestAuth, CancellationToken cancellationToken)
   at System.Net.Http.DiagnosticsHandler.SendAsyncCore(HttpRequestMessage request, Boolean async, CancellationToken cancellationToken)
   at System.Net.Http.RedirectHandler.SendAsync(HttpRequestMessage request, Boolean async, CancellationToken cancellationToken)
   at System.Net.Http.DecompressionHandler.SendAsync(HttpRequestMessage request, Boolean async, CancellationToken cancellationToken)
   at System.Net.Http.HttpClient.<SendAsync>g__Core|83_0(HttpRequestMessage request, HttpCompletionOption completionOption, CancellationTokenSource cts, Boolean disposeCts, CancellationTokenSource pendingRequestsCts, CancellationToken originalCancellationToken)
   at System.ServiceModel.Channels.HttpChannelFactory`1.HttpClientRequestChannel.HttpClientChannelAsyncRequest.SendRequestAsync(Message message, TimeoutHelper timeoutHelper)
No connection could be made because the target machine actively refused it.
   at System.Net.Sockets.Socket.AwaitableSocketAsyncEventArgs.ThrowException(SocketError error, CancellationToken cancellationToken)
   at System.Net.Sockets.Socket.AwaitableSocketAsyncEventArgs.System.Threading.Tasks.Sources.IValueTaskSource.GetResult(Int16 token)
   at System.Net.Sockets.Socket.<ConnectAsync>g__WaitForConnectWithCancellation|285_0(AwaitableSocketAsyncEventArgs saea, ValueTask connectTask, CancellationToken cancellationToken)
   at System.Net.Http.HttpConnectionPool.ConnectToTcpHostAsync(String host, Int32 port, HttpRequestMessage initialRequest, Boolean async, CancellationToken cancellationToken)
13/11/2025 04:35:32==>Cotizacion Invalida
   at Applet.Nat.Api.Br.Models.DocumentExp.GetCotizacion(String vivstrMoneda, DateTime vivdtm) in C:\Users\Jaco2701\Documents\Visual Studio Projects\Nat\Nat.api\Models\BR\DocumentExp.cs:line 175
   at Applet.Nat.Api.Controllers.MiscController.Statics() in C:\Users\Jaco2701\Documents\Visual Studio Projects\Nat\Nat.api\Controllers\MiscController.cs:line 45
13/11/2025 04:35:32==>Valor de Lista FORMAT:dtmwsmtxca no encontrado
   at Applet.Nat.Api.Static.ListHelper.GetValue(String vivcodType, String vivcodId, NatContext vioContext) in C:\Users\Jaco2701\Documents\Visual Studio Projects\Nat\Nat.api\Static\ListHelper.cs:line 26
   at Applet.Nat.Api.Models.Afip.AfipService.get_ivstrDateformat() in C:\Users\Jaco2701\Documents\Visual Studio Projects\Nat\Nat.api\Models\Afip\AfipService.cs:line 74
   at Applet.Nat.BR.DocumentMTXCA.GetCotizacion(String vivstrMoneda, DateTime vivdtm) in C:\Users\Jaco2701\Documents\Visual Studio Projects\Nat\Nat.api\Models\BR\DocumentMtxca.cs:line 540
13/11/2025 04:35:32==>Cotizacion Invalida
   at Applet.Nat.BR.DocumentMTXCA.GetCotizacion(String vivstrMoneda, DateTime vivdtm) in C:\Users\Jaco2701\Documents\Visual Studio Projects\Nat\Nat.api\Models\BR\DocumentMtxca.cs:line 566
   at Applet.Nat.Api.Controllers.MiscController.Statics() in C:\Users\Jaco2701\Documents\Visual Studio Projects\Nat\Nat.api\Controllers\MiscController.cs:line 65
13/11/2025 04:35:34==>No connection could be made because the target machine actively refused it. (wsfe-homo.arca.gob.ar:443)
   at System.Runtime.AsyncResult.End[TAsyncResult](IAsyncResult result)
   at System.ServiceModel.Channels.ServiceChannel.SendAsyncResult.End(SendAsyncResult result)
   at System.ServiceModel.Channels.ServiceChannel.EndCall(String action, Object[] outs, IAsyncResult result)
   at System.ServiceModel.Channels.ServiceChannelProxy.TaskCreator.<>c__DisplayClass1_0.<CreateGenericTask>b__0(IAsyncResult asyncResult)
--- End of stack trace from previous location ---
   at Applet.Nat.Api.Br.Models.DocumentExp.GetCotizacion(String vivstrMoneda, DateTime vivdtm) in C:\Users\Jaco2701\Documents\Visual Studio Projects\Nat\Nat.api\Models\BR\DocumentExp.cs:line 156
No connection could be made because the target machine actively refused it. (wsfe-homo.arca.gob.ar:443)
   at System.Net.Http.HttpConnectionPool.ConnectToTcpHostAsync(String host, Int32 port, HttpRequestMessage initialRequest, Boolean async, CancellationToken cancellationToken)
   at System.Net.Http.HttpConnectionPool.ConnectAsync(HttpRequestMessage request, Boolean async, CancellationToken cancellationToken)
   at System.Net.Http.HttpConnectionPool.CreateHttp11ConnectionAsync(HttpRequestMessage request, Boolean async, CancellationToken cancellationToken)
   at System.Net.Http.HttpConnectionPool.AddHttp11ConnectionAsync(QueueItem queueItem)
   at System.Threading.Tasks.TaskCompletionSourceWithCancellation`1.WaitWithCancellationAsync(CancellationToken cancellationToken)
   at System.Net.Http.HttpConnectionPool.SendWithVersionDetectionAndRetryAsync(HttpRequestMessage request, Boolean async, Boolean doRequestAuth, CancellationToken cancellationToken)
   at System.Net.Http.DiagnosticsHandler.SendAsyncCore(HttpRequestMessage request, Boolean async, CancellationToken cancellationToken)
   at System.Net.Http.RedirectHandler.SendAsync(HttpRequestMessage request, Boolean async, CancellationToken cancellationToken)
   at System.Net.Http.DecompressionHandler.SendAsync(HttpRequestMessage request, Boolean async, CancellationToken cancellationToken)
   at System.Net.Http.HttpClient.<SendAsync>g__Core|83_0(HttpRequestMessage request, HttpCompletionOption completionOption, CancellationTokenSource cts, Boolean disposeCts, CancellationTokenSource pendingRequestsCts, CancellationToken originalCancellationToken)
   at System.ServiceModel.Channels.HttpChannelFactory`1.HttpClientRequestChannel.HttpClientChannelAsyncRequest.SendRequestAsync(Message message, TimeoutHelper timeoutHelper)
No connection could be made because the target machine actively refused it.
   at System.Net.Sockets.Socket.AwaitableSocketAsyncEventArgs.ThrowException(SocketError error, CancellationToken cancellationToken)
   at System.Net.Sockets.Socket.AwaitableSocketAsyncEventArgs.System.Threading.Tasks.Sources.IValueTaskSource.GetResult(Int16 token)
   at System.Net.Sockets.Socket.<ConnectAsync>g__WaitForConnectWithCancellation|285_0(AwaitableSocketAsyncEventArgs saea, ValueTask connectTask, CancellationToken cancellationToken)
   at System.Net.Http.HttpConnectionPool.ConnectToTcpHostAsync(String host, Int32 port, HttpRequestMessage initialRequest, Boolean async, CancellationToken cancellationToken)
13/11/2025 04:35:34==>Cotizacion Invalida
   at Applet.Nat.Api.Br.Models.DocumentExp.GetCotizacion(String vivstrMoneda, DateTime vivdtm) in C:\Users\Jaco2701\Documents\Visual Studio Projects\Nat\Nat.api\Models\BR\DocumentExp.cs:line 175
   at Applet.Nat.Api.Controllers.MiscController.Statics() in C:\Users\Jaco2701\Documents\Visual Studio Projects\Nat\Nat.api\Controllers\MiscController.cs:line 45
13/11/2025 04:35:34==>Valor de Lista FORMAT:dtmwsmtxca no encontrado
   at Applet.Nat.Api.Static.ListHelper.GetValue(String vivcodType, String vivcodId, NatContext vioContext) in C:\Users\Jaco2701\Documents\Visual Studio Projects\Nat\Nat.api\Static\ListHelper.cs:line 26
   at Applet.Nat.Api.Models.Afip.AfipService.get_ivstrDateformat() in C:\Users\Jaco2701\Documents\Visual Studio Projects\Nat\Nat.api\Models\Afip\AfipService.cs:line 74
   at Applet.Nat.BR.DocumentMTXCA.GetCotizacion(String vivstrMoneda, DateTime vivdtm) in C:\Users\Jaco2701\Documents\Visual Studio Projects\Nat\Nat.api\Models\BR\DocumentMtxca.cs:line 540
13/11/2025 04:35:34==>Cotizacion Invalida
   at Applet.Nat.BR.DocumentMTXCA.GetCotizacion(String vivstrMoneda, DateTime vivdtm) in C:\Users\Jaco2701\Documents\Visual Studio Projects\Nat\Nat.api\Models\BR\DocumentMtxca.cs:line 566
   at Applet.Nat.Api.Controllers.MiscController.Statics() in C:\Users\Jaco2701\Documents\Visual Studio Projects\Nat\Nat.api\Controllers\MiscController.cs:line 65
13/11/2025 04:37:54==>No connection could be made because the target machine actively refused it. (wsfe-homo.arca.gob.ar:443)
   at System.Runtime.AsyncResult.End[TAsyncResult](IAsyncResult result)
   at System.ServiceModel.Channels.ServiceChannel.SendAsyncResult.End(SendAsyncResult result)
   at System.ServiceModel.Channels.ServiceChannel.EndCall(String action, Object[] outs, IAsyncResult result)
   at System.ServiceModel.Channels.ServiceChannelProxy.TaskCreator.<>c__DisplayClass1_0.<CreateGenericTask>b__0(IAsyncResult asyncResult)
--- End of stack trace from previous location ---
   at Applet.Nat.Api.Br.Models.DocumentExp.GetCotizacion(String vivstrMoneda, DateTime vivdtm) in C:\Users\Jaco2701\Documents\Visual Studio Projects\Nat\Nat.api\Models\BR\DocumentExp.cs:line 156
No connection could be made because the target machine actively refused it. (wsfe-homo.arca.gob.ar:443)
   at System.Net.Http.HttpConnectionPool.ConnectToTcpHostAsync(String host, Int32 port, HttpRequestMessage initialRequest, Boolean async, CancellationToken cancellationToken)
   at System.Net.Http.HttpConnectionPool.ConnectAsync(HttpRequestMessage request, Boolean async, CancellationToken cancellationToken)
   at System.Net.Http.HttpConnectionPool.CreateHttp11ConnectionAsync(HttpRequestMessage request, Boolean async, CancellationToken cancellationToken)
   at System.Net.Http.HttpConnectionPool.AddHttp11ConnectionAsync(QueueItem queueItem)
   at System.Threading.Tasks.TaskCompletionSourceWithCancellation`1.WaitWithCancellationAsync(CancellationToken cancellationToken)
   at System.Net.Http.HttpConnectionPool.SendWithVersionDetectionAndRetryAsync(HttpRequestMessage request, Boolean async, Boolean doRequestAuth, CancellationToken cancellationToken)
   at System.Net.Http.DiagnosticsHandler.SendAsyncCore(HttpRequestMessage request, Boolean async, CancellationToken cancellationToken)
   at System.Net.Http.RedirectHandler.SendAsync(HttpRequestMessage request, Boolean async, CancellationToken cancellationToken)
   at System.Net.Http.DecompressionHandler.SendAsync(HttpRequestMessage request, Boolean async, CancellationToken cancellationToken)
   at System.Net.Http.HttpClient.<SendAsync>g__Core|83_0(HttpRequestMessage request, HttpCompletionOption completionOption, CancellationTokenSource cts, Boolean disposeCts, CancellationTokenSource pendingRequestsCts, CancellationToken originalCancellationToken)
   at System.ServiceModel.Channels.HttpChannelFactory`1.HttpClientRequestChannel.HttpClientChannelAsyncRequest.SendRequestAsync(Message message, TimeoutHelper timeoutHelper)
No connection could be made because the target machine actively refused it.
   at System.Net.Sockets.Socket.AwaitableSocketAsyncEventArgs.ThrowException(SocketError error, CancellationToken cancellationToken)
   at System.Net.Sockets.Socket.AwaitableSocketAsyncEventArgs.System.Threading.Tasks.Sources.IValueTaskSource.GetResult(Int16 token)
   at System.Net.Sockets.Socket.<ConnectAsync>g__WaitForConnectWithCancellation|285_0(AwaitableSocketAsyncEventArgs saea, ValueTask connectTask, CancellationToken cancellationToken)
   at System.Net.Http.HttpConnectionPool.ConnectToTcpHostAsync(String host, Int32 port, HttpRequestMessage initialRequest, Boolean async, CancellationToken cancellationToken)
13/11/2025 04:37:54==>Cotizacion Invalida
   at Applet.Nat.Api.Br.Models.DocumentExp.GetCotizacion(String vivstrMoneda, DateTime vivdtm) in C:\Users\Jaco2701\Documents\Visual Studio Projects\Nat\Nat.api\Models\BR\DocumentExp.cs:line 175
   at Applet.Nat.Api.Controllers.MiscController.Statics() in C:\Users\Jaco2701\Documents\Visual Studio Projects\Nat\Nat.api\Controllers\MiscController.cs:line 45
13/11/2025 04:37:54==>Valor de Lista FORMAT:dtmwsmtxca no encontrado
   at Applet.Nat.Api.Static.ListHelper.GetValue(String vivcodType, String vivcodId, NatContext vioContext) in C:\Users\Jaco2701\Documents\Visual Studio Projects\Nat\Nat.api\Static\ListHelper.cs:line 26
   at Applet.Nat.Api.Models.Afip.AfipService.get_ivstrDateformat() in C:\Users\Jaco2701\Documents\Visual Studio Projects\Nat\Nat.api\Models\Afip\AfipService.cs:line 74
   at Applet.Nat.BR.DocumentMTXCA.GetCotizacion(String vivstrMoneda, DateTime vivdtm) in C:\Users\Jaco2701\Documents\Visual Studio Projects\Nat\Nat.api\Models\BR\DocumentMtxca.cs:line 540
13/11/2025 04:37:54==>Cotizacion Invalida
   at Applet.Nat.BR.DocumentMTXCA.GetCotizacion(String vivstrMoneda, DateTime vivdtm) in C:\Users\Jaco2701\Documents\Visual Studio Projects\Nat\Nat.api\Models\BR\DocumentMtxca.cs:line 566
   at Applet.Nat.Api.Controllers.MiscController.Statics() in C:\Users\Jaco2701\Documents\Visual Studio Projects\Nat\Nat.api\Controllers\MiscController.cs:line 65
13/11/2025 04:37:56==>No connection could be made because the target machine actively refused it. (wsfe-homo.arca.gob.ar:443)
   at System.Runtime.AsyncResult.End[TAsyncResult](IAsyncResult result)
   at System.ServiceModel.Channels.ServiceChannel.SendAsyncResult.End(SendAsyncResult result)
   at System.ServiceModel.Channels.ServiceChannel.EndCall(String action, Object[] outs, IAsyncResult result)
   at System.ServiceModel.Channels.ServiceChannelProxy.TaskCreator.<>c__DisplayClass1_0.<CreateGenericTask>b__0(IAsyncResult asyncResult)
--- End of stack trace from previous location ---
   at Applet.Nat.Api.Br.Models.DocumentExp.GetCotizacion(String vivstrMoneda, DateTime vivdtm) in C:\Users\Jaco2701\Documents\Visual Studio Projects\Nat\Nat.api\Models\BR\DocumentExp.cs:line 156
No connection could be made because the target machine actively refused it. (wsfe-homo.arca.gob.ar:443)
   at System.Net.Http.HttpConnectionPool.ConnectToTcpHostAsync(String host, Int32 port, HttpRequestMessage initialRequest, Boolean async, CancellationToken cancellationToken)
   at System.Net.Http.HttpConnectionPool.ConnectAsync(HttpRequestMessage request, Boolean async, CancellationToken cancellationToken)
   at System.Net.Http.HttpConnectionPool.CreateHttp11ConnectionAsync(HttpRequestMessage request, Boolean async, CancellationToken cancellationToken)
   at System.Net.Http.HttpConnectionPool.AddHttp11ConnectionAsync(QueueItem queueItem)
   at System.Threading.Tasks.TaskCompletionSourceWithCancellation`1.WaitWithCancellationAsync(CancellationToken cancellationToken)
   at System.Net.Http.HttpConnectionPool.SendWithVersionDetectionAndRetryAsync(HttpRequestMessage request, Boolean async, Boolean doRequestAuth, CancellationToken cancellationToken)
   at System.Net.Http.DiagnosticsHandler.SendAsyncCore(HttpRequestMessage request, Boolean async, CancellationToken cancellationToken)
   at System.Net.Http.RedirectHandler.SendAsync(HttpRequestMessage request, Boolean async, CancellationToken cancellationToken)
   at System.Net.Http.DecompressionHandler.SendAsync(HttpRequestMessage request, Boolean async, CancellationToken cancellationToken)
   at System.Net.Http.HttpClient.<SendAsync>g__Core|83_0(HttpRequestMessage request, HttpCompletionOption completionOption, CancellationTokenSource cts, Boolean disposeCts, CancellationTokenSource pendingRequestsCts, CancellationToken originalCancellationToken)
   at System.ServiceModel.Channels.HttpChannelFactory`1.HttpClientRequestChannel.HttpClientChannelAsyncRequest.SendRequestAsync(Message message, TimeoutHelper timeoutHelper)
No connection could be made because the target machine actively refused it.
   at System.Net.Sockets.Socket.AwaitableSocketAsyncEventArgs.ThrowException(SocketError error, CancellationToken cancellationToken)
   at System.Net.Sockets.Socket.AwaitableSocketAsyncEventArgs.System.Threading.Tasks.Sources.IValueTaskSource.GetResult(Int16 token)
   at System.Net.Sockets.Socket.<ConnectAsync>g__WaitForConnectWithCancellation|285_0(AwaitableSocketAsyncEventArgs saea, ValueTask connectTask, CancellationToken cancellationToken)
   at System.Net.Http.HttpConnectionPool.ConnectToTcpHostAsync(String host, Int32 port, HttpRequestMessage initialRequest, Boolean async, CancellationToken cancellationToken)
13/11/2025 04:37:56==>Cotizacion Invalida
   at Applet.Nat.Api.Br.Models.DocumentExp.GetCotizacion(String vivstrMoneda, DateTime vivdtm) in C:\Users\Jaco2701\Documents\Visual Studio Projects\Nat\Nat.api\Models\BR\DocumentExp.cs:line 175
   at Applet.Nat.Api.Controllers.MiscController.Statics() in C:\Users\Jaco2701\Documents\Visual Studio Projects\Nat\Nat.api\Controllers\MiscController.cs:line 45
13/11/2025 04:37:56==>Valor de Lista FORMAT:dtmwsmtxca no encontrado
   at Applet.Nat.Api.Static.ListHelper.GetValue(String vivcodType, String vivcodId, NatContext vioContext) in C:\Users\Jaco2701\Documents\Visual Studio Projects\Nat\Nat.api\Static\ListHelper.cs:line 26
   at Applet.Nat.Api.Models.Afip.AfipService.get_ivstrDateformat() in C:\Users\Jaco2701\Documents\Visual Studio Projects\Nat\Nat.api\Models\Afip\AfipService.cs:line 74
   at Applet.Nat.BR.DocumentMTXCA.GetCotizacion(String vivstrMoneda, DateTime vivdtm) in C:\Users\Jaco2701\Documents\Visual Studio Projects\Nat\Nat.api\Models\BR\DocumentMtxca.cs:line 540
13/11/2025 04:37:56==>Cotizacion Invalida
   at Applet.Nat.BR.DocumentMTXCA.GetCotizacion(String vivstrMoneda, DateTime vivdtm) in C:\Users\Jaco2701\Documents\Visual Studio Projects\Nat\Nat.api\Models\BR\DocumentMtxca.cs:line 566
   at Applet.Nat.Api.Controllers.MiscController.Statics() in C:\Users\Jaco2701\Documents\Visual Studio Projects\Nat\Nat.api\Controllers\MiscController.cs:line 65
13/11/2025 04:37:59==>No connection could be made because the target machine actively refused it. (wsfe-homo.arca.gob.ar:443)
   at System.Runtime.AsyncResult.End[TAsyncResult](IAsyncResult result)
   at System.ServiceModel.Channels.ServiceChannel.SendAsyncResult.End(SendAsyncResult result)
   at System.ServiceModel.Channels.ServiceChannel.EndCall(String action, Object[] outs, IAsyncResult result)
   at System.ServiceModel.Channels.ServiceChannelProxy.TaskCreator.<>c__DisplayClass1_0.<CreateGenericTask>b__0(IAsyncResult asyncResult)
--- End of stack trace from previous location ---
   at Applet.Nat.Api.Br.Models.DocumentExp.GetCotizacion(String vivstrMoneda, DateTime vivdtm) in C:\Users\Jaco2701\Documents\Visual Studio Projects\Nat\Nat.api\Models\BR\DocumentExp.cs:line 156
No connection could be made because the target machine actively refused it. (wsfe-homo.arca.gob.ar:443)
   at System.Net.Http.HttpConnectionPool.ConnectToTcpHostAsync(String host, Int32 port, HttpRequestMessage initialRequest, Boolean async, CancellationToken cancellationToken)
   at System.Net.Http.HttpConnectionPool.ConnectAsync(HttpRequestMessage request, Boolean async, CancellationToken cancellationToken)
   at System.Net.Http.HttpConnectionPool.CreateHttp11ConnectionAsync(HttpRequestMessage request, Boolean async, CancellationToken cancellationToken)
   at System.Net.Http.HttpConnectionPool.AddHttp11ConnectionAsync(QueueItem queueItem)
   at System.Threading.Tasks.TaskCompletionSourceWithCancellation`1.WaitWithCancellationAsync(CancellationToken cancellationToken)
   at System.Net.Http.HttpConnectionPool.SendWithVersionDetectionAndRetryAsync(HttpRequestMessage request, Boolean async, Boolean doRequestAuth, CancellationToken cancellationToken)
   at System.Net.Http.DiagnosticsHandler.SendAsyncCore(HttpRequestMessage request, Boolean async, CancellationToken cancellationToken)
   at System.Net.Http.RedirectHandler.SendAsync(HttpRequestMessage request, Boolean async, CancellationToken cancellationToken)
   at System.Net.Http.DecompressionHandler.SendAsync(HttpRequestMessage request, Boolean async, CancellationToken cancellationToken)
   at System.Net.Http.HttpClient.<SendAsync>g__Core|83_0(HttpRequestMessage request, HttpCompletionOption completionOption, CancellationTokenSource cts, Boolean disposeCts, CancellationTokenSource pendingRequestsCts, CancellationToken originalCancellationToken)
   at System.ServiceModel.Channels.HttpChannelFactory`1.HttpClientRequestChannel.HttpClientChannelAsyncRequest.SendRequestAsync(Message message, TimeoutHelper timeoutHelper)
No connection could be made because the target machine actively refused it.
   at System.Net.Sockets.Socket.AwaitableSocketAsyncEventArgs.ThrowException(SocketError error, CancellationToken cancellationToken)
   at System.Net.Sockets.Socket.AwaitableSocketAsyncEventArgs.System.Threading.Tasks.Sources.IValueTaskSource.GetResult(Int16 token)
   at System.Net.Sockets.Socket.<ConnectAsync>g__WaitForConnectWithCancellation|285_0(AwaitableSocketAsyncEventArgs saea, ValueTask connectTask, CancellationToken cancellationToken)
   at System.Net.Http.HttpConnectionPool.ConnectToTcpHostAsync(String host, Int32 port, HttpRequestMessage initialRequest, Boolean async, CancellationToken cancellationToken)
13/11/2025 04:37:59==>Cotizacion Invalida
   at Applet.Nat.Api.Br.Models.DocumentExp.GetCotizacion(String vivstrMoneda, DateTime vivdtm) in C:\Users\Jaco2701\Documents\Visual Studio Projects\Nat\Nat.api\Models\BR\DocumentExp.cs:line 175
   at Applet.Nat.Api.Controllers.MiscController.Statics() in C:\Users\Jaco2701\Documents\Visual Studio Projects\Nat\Nat.api\Controllers\MiscController.cs:line 45
13/11/2025 04:37:59==>Valor de Lista FORMAT:dtmwsmtxca no encontrado
   at Applet.Nat.Api.Static.ListHelper.GetValue(String vivcodType, String vivcodId, NatContext vioContext) in C:\Users\Jaco2701\Documents\Visual Studio Projects\Nat\Nat.api\Static\ListHelper.cs:line 26
   at Applet.Nat.Api.Models.Afip.AfipService.get_ivstrDateformat() in C:\Users\Jaco2701\Documents\Visual Studio Projects\Nat\Nat.api\Models\Afip\AfipService.cs:line 74
   at Applet.Nat.BR.DocumentMTXCA.GetCotizacion(String vivstrMoneda, DateTime vivdtm) in C:\Users\Jaco2701\Documents\Visual Studio Projects\Nat\Nat.api\Models\BR\DocumentMtxca.cs:line 540
13/11/2025 04:37:59==>Cotizacion Invalida
   at Applet.Nat.BR.DocumentMTXCA.GetCotizacion(String vivstrMoneda, DateTime vivdtm) in C:\Users\Jaco2701\Documents\Visual Studio Projects\Nat\Nat.api\Models\BR\DocumentMtxca.cs:line 566
   at Applet.Nat.Api.Controllers.MiscController.Statics() in C:\Users\Jaco2701\Documents\Visual Studio Projects\Nat\Nat.api\Controllers\MiscController.cs:line 65
13/11/2025 04:39:32==>No connection could be made because the target machine actively refused it. (wsfe-homo.arca.gob.ar:443)
   at System.Runtime.AsyncResult.End[TAsyncResult](IAsyncResult result)
   at System.ServiceModel.Channels.ServiceChannel.SendAsyncResult.End(SendAsyncResult result)
   at System.ServiceModel.Channels.ServiceChannel.EndCall(String action, Object[] outs, IAsyncResult result)
   at System.ServiceModel.Channels.ServiceChannelProxy.TaskCreator.<>c__DisplayClass1_0.<CreateGenericTask>b__0(IAsyncResult asyncResult)
--- End of stack trace from previous location ---
   at Applet.Nat.Api.Br.Models.DocumentExp.GetCotizacion(String vivstrMoneda, DateTime vivdtm) in C:\Users\Jaco2701\Documents\Visual Studio Projects\Nat\Nat.api\Models\BR\DocumentExp.cs:line 156
No connection could be made because the target machine actively refused it. (wsfe-homo.arca.gob.ar:443)
   at System.Net.Http.HttpConnectionPool.ConnectToTcpHostAsync(String host, Int32 port, HttpRequestMessage initialRequest, Boolean async, CancellationToken cancellationToken)
   at System.Net.Http.HttpConnectionPool.ConnectAsync(HttpRequestMessage request, Boolean async, CancellationToken cancellationToken)
   at System.Net.Http.HttpConnectionPool.CreateHttp11ConnectionAsync(HttpRequestMessage request, Boolean async, CancellationToken cancellationToken)
   at System.Net.Http.HttpConnectionPool.AddHttp11ConnectionAsync(QueueItem queueItem)
   at System.Threading.Tasks.TaskCompletionSourceWithCancellation`1.WaitWithCancellationAsync(CancellationToken cancellationToken)
   at System.Net.Http.HttpConnectionPool.SendWithVersionDetectionAndRetryAsync(HttpRequestMessage request, Boolean async, Boolean doRequestAuth, CancellationToken cancellationToken)
   at System.Net.Http.DiagnosticsHandler.SendAsyncCore(HttpRequestMessage request, Boolean async, CancellationToken cancellationToken)
   at System.Net.Http.RedirectHandler.SendAsync(HttpRequestMessage request, Boolean async, CancellationToken cancellationToken)
   at System.Net.Http.DecompressionHandler.SendAsync(HttpRequestMessage request, Boolean async, CancellationToken cancellationToken)
   at System.Net.Http.HttpClient.<SendAsync>g__Core|83_0(HttpRequestMessage request, HttpCompletionOption completionOption, CancellationTokenSource cts, Boolean disposeCts, CancellationTokenSource pendingRequestsCts, CancellationToken originalCancellationToken)
   at System.ServiceModel.Channels.HttpChannelFactory`1.HttpClientRequestChannel.HttpClientChannelAsyncRequest.SendRequestAsync(Message message, TimeoutHelper timeoutHelper)
No connection could be made because the target machine actively refused it.
   at System.Net.Sockets.Socket.AwaitableSocketAsyncEventArgs.ThrowException(SocketError error, CancellationToken cancellationToken)
   at System.Net.Sockets.Socket.AwaitableSocketAsyncEventArgs.System.Threading.Tasks.Sources.IValueTaskSource.GetResult(Int16 token)
   at System.Net.Sockets.Socket.<ConnectAsync>g__WaitForConnectWithCancellation|285_0(AwaitableSocketAsyncEventArgs saea, ValueTask connectTask, CancellationToken cancellationToken)
   at System.Net.Http.HttpConnectionPool.ConnectToTcpHostAsync(String host, Int32 port, HttpRequestMessage initialRequest, Boolean async, CancellationToken cancellationToken)
13/11/2025 04:39:32==>Cotizacion Invalida
   at Applet.Nat.Api.Br.Models.DocumentExp.GetCotizacion(String vivstrMoneda, DateTime vivdtm) in C:\Users\Jaco2701\Documents\Visual Studio Projects\Nat\Nat.api\Models\BR\DocumentExp.cs:line 175
   at Applet.Nat.Api.Controllers.MiscController.Statics() in C:\Users\Jaco2701\Documents\Visual Studio Projects\Nat\Nat.api\Controllers\MiscController.cs:line 45
13/11/2025 04:39:33==>Valor de Lista FORMAT:dtmwsmtxca no encontrado
   at Applet.Nat.Api.Static.ListHelper.GetValue(String vivcodType, String vivcodId, NatContext vioContext) in C:\Users\Jaco2701\Documents\Visual Studio Projects\Nat\Nat.api\Static\ListHelper.cs:line 26
   at Applet.Nat.Api.Models.Afip.AfipService.get_ivstrDateformat() in C:\Users\Jaco2701\Documents\Visual Studio Projects\Nat\Nat.api\Models\Afip\AfipService.cs:line 74
   at Applet.Nat.BR.DocumentMTXCA.GetCotizacion(String vivstrMoneda, DateTime vivdtm) in C:\Users\Jaco2701\Documents\Visual Studio Projects\Nat\Nat.api\Models\BR\DocumentMtxca.cs:line 540
13/11/2025 04:39:33==>Cotizacion Invalida
   at Applet.Nat.BR.DocumentMTXCA.GetCotizacion(String vivstrMoneda, DateTime vivdtm) in C:\Users\Jaco2701\Documents\Visual Studio Projects\Nat\Nat.api\Models\BR\DocumentMtxca.cs:line 566
   at Applet.Nat.Api.Controllers.MiscController.Statics() in C:\Users\Jaco2701\Documents\Visual Studio Projects\Nat\Nat.api\Controllers\MiscController.cs:line 65
13/11/2025 04:39:35==>No connection could be made because the target machine actively refused it. (wsfe-homo.arca.gob.ar:443)
   at System.Runtime.AsyncResult.End[TAsyncResult](IAsyncResult result)
   at System.ServiceModel.Channels.ServiceChannel.SendAsyncResult.End(SendAsyncResult result)
   at System.ServiceModel.Channels.ServiceChannel.EndCall(String action, Object[] outs, IAsyncResult result)
   at System.ServiceModel.Channels.ServiceChannelProxy.TaskCreator.<>c__DisplayClass1_0.<CreateGenericTask>b__0(IAsyncResult asyncResult)
--- End of stack trace from previous location ---
   at Applet.Nat.Api.Br.Models.DocumentExp.GetCotizacion(String vivstrMoneda, DateTime vivdtm) in C:\Users\Jaco2701\Documents\Visual Studio Projects\Nat\Nat.api\Models\BR\DocumentExp.cs:line 156
No connection could be made because the target machine actively refused it. (wsfe-homo.arca.gob.ar:443)
   at System.Net.Http.HttpConnectionPool.ConnectToTcpHostAsync(String host, Int32 port, HttpRequestMessage initialRequest, Boolean async, CancellationToken cancellationToken)
   at System.Net.Http.HttpConnectionPool.ConnectAsync(HttpRequestMessage request, Boolean async, CancellationToken cancellationToken)
   at System.Net.Http.HttpConnectionPool.CreateHttp11ConnectionAsync(HttpRequestMessage request, Boolean async, CancellationToken cancellationToken)
   at System.Net.Http.HttpConnectionPool.AddHttp11ConnectionAsync(QueueItem queueItem)
   at System.Threading.Tasks.TaskCompletionSourceWithCancellation`1.WaitWithCancellationAsync(CancellationToken cancellationToken)
   at System.Net.Http.HttpConnectionPool.SendWithVersionDetectionAndRetryAsync(HttpRequestMessage request, Boolean async, Boolean doRequestAuth, CancellationToken cancellationToken)
   at System.Net.Http.DiagnosticsHandler.SendAsyncCore(HttpRequestMessage request, Boolean async, CancellationToken cancellationToken)
   at System.Net.Http.RedirectHandler.SendAsync(HttpRequestMessage request, Boolean async, CancellationToken cancellationToken)
   at System.Net.Http.DecompressionHandler.SendAsync(HttpRequestMessage request, Boolean async, CancellationToken cancellationToken)
   at System.Net.Http.HttpClient.<SendAsync>g__Core|83_0(HttpRequestMessage request, HttpCompletionOption completionOption, CancellationTokenSource cts, Boolean disposeCts, CancellationTokenSource pendingRequestsCts, CancellationToken originalCancellationToken)
   at System.ServiceModel.Channels.HttpChannelFactory`1.HttpClientRequestChannel.HttpClientChannelAsyncRequest.SendRequestAsync(Message message, TimeoutHelper timeoutHelper)
No connection could be made because the target machine actively refused it.
   at System.Net.Sockets.Socket.AwaitableSocketAsyncEventArgs.ThrowException(SocketError error, CancellationToken cancellationToken)
   at System.Net.Sockets.Socket.AwaitableSocketAsyncEventArgs.System.Threading.Tasks.Sources.IValueTaskSource.GetResult(Int16 token)
   at System.Net.Sockets.Socket.<ConnectAsync>g__WaitForConnectWithCancellation|285_0(AwaitableSocketAsyncEventArgs saea, ValueTask connectTask, CancellationToken cancellationToken)
   at System.Net.Http.HttpConnectionPool.ConnectToTcpHostAsync(String host, Int32 port, HttpRequestMessage initialRequest, Boolean async, CancellationToken cancellationToken)
13/11/2025 04:39:35==>Cotizacion Invalida
   at Applet.Nat.Api.Br.Models.DocumentExp.GetCotizacion(String vivstrMoneda, DateTime vivdtm) in C:\Users\Jaco2701\Documents\Visual Studio Projects\Nat\Nat.api\Models\BR\DocumentExp.cs:line 175
   at Applet.Nat.Api.Controllers.MiscController.Statics() in C:\Users\Jaco2701\Documents\Visual Studio Projects\Nat\Nat.api\Controllers\MiscController.cs:line 45
13/11/2025 04:39:35==>Valor de Lista FORMAT:dtmwsmtxca no encontrado
   at Applet.Nat.Api.Static.ListHelper.GetValue(String vivcodType, String vivcodId, NatContext vioContext) in C:\Users\Jaco2701\Documents\Visual Studio Projects\Nat\Nat.api\Static\ListHelper.cs:line 26
   at Applet.Nat.Api.Models.Afip.AfipService.get_ivstrDateformat() in C:\Users\Jaco2701\Documents\Visual Studio Projects\Nat\Nat.api\Models\Afip\AfipService.cs:line 74
   at Applet.Nat.BR.DocumentMTXCA.GetCotizacion(String vivstrMoneda, DateTime vivdtm) in C:\Users\Jaco2701\Documents\Visual Studio Projects\Nat\Nat.api\Models\BR\DocumentMtxca.cs:line 540
13/11/2025 04:39:35==>Cotizacion Invalida
   at Applet.Nat.BR.DocumentMTXCA.GetCotizacion(String vivstrMoneda, DateTime vivdtm) in C:\Users\Jaco2701\Documents\Visual Studio Projects\Nat\Nat.api\Models\BR\DocumentMtxca.cs:line 566
   at Applet.Nat.Api.Controllers.MiscController.Statics() in C:\Users\Jaco2701\Documents\Visual Studio Projects\Nat\Nat.api\Controllers\MiscController.cs:line 65
13/11/2025 04:39:37==>No connection could be made because the target machine actively refused it. (wsfe-homo.arca.gob.ar:443)
   at System.Runtime.AsyncResult.End[TAsyncResult](IAsyncResult result)
   at System.ServiceModel.Channels.ServiceChannel.SendAsyncResult.End(SendAsyncResult result)
   at System.ServiceModel.Channels.ServiceChannel.EndCall(String action, Object[] outs, IAsyncResult result)
   at System.ServiceModel.Channels.ServiceChannelProxy.TaskCreator.<>c__DisplayClass1_0.<CreateGenericTask>b__0(IAsyncResult asyncResult)
--- End of stack trace from previous location ---
   at Applet.Nat.Api.Br.Models.DocumentExp.GetCotizacion(String vivstrMoneda, DateTime vivdtm) in C:\Users\Jaco2701\Documents\Visual Studio Projects\Nat\Nat.api\Models\BR\DocumentExp.cs:line 156
No connection could be made because the target machine actively refused it. (wsfe-homo.arca.gob.ar:443)
   at System.Net.Http.HttpConnectionPool.ConnectToTcpHostAsync(String host, Int32 port, HttpRequestMessage initialRequest, Boolean async, CancellationToken cancellationToken)
   at System.Net.Http.HttpConnectionPool.ConnectAsync(HttpRequestMessage request, Boolean async, CancellationToken cancellationToken)
   at System.Net.Http.HttpConnectionPool.CreateHttp11ConnectionAsync(HttpRequestMessage request, Boolean async, CancellationToken cancellationToken)
   at System.Net.Http.HttpConnectionPool.AddHttp11ConnectionAsync(QueueItem queueItem)
   at System.Threading.Tasks.TaskCompletionSourceWithCancellation`1.WaitWithCancellationAsync(CancellationToken cancellationToken)
   at System.Net.Http.HttpConnectionPool.SendWithVersionDetectionAndRetryAsync(HttpRequestMessage request, Boolean async, Boolean doRequestAuth, CancellationToken cancellationToken)
   at System.Net.Http.DiagnosticsHandler.SendAsyncCore(HttpRequestMessage request, Boolean async, CancellationToken cancellationToken)
   at System.Net.Http.RedirectHandler.SendAsync(HttpRequestMessage request, Boolean async, CancellationToken cancellationToken)
   at System.Net.Http.DecompressionHandler.SendAsync(HttpRequestMessage request, Boolean async, CancellationToken cancellationToken)
   at System.Net.Http.HttpClient.<SendAsync>g__Core|83_0(HttpRequestMessage request, HttpCompletionOption completionOption, CancellationTokenSource cts, Boolean disposeCts, CancellationTokenSource pendingRequestsCts, CancellationToken originalCancellationToken)
   at System.ServiceModel.Channels.HttpChannelFactory`1.HttpClientRequestChannel.HttpClientChannelAsyncRequest.SendRequestAsync(Message message, TimeoutHelper timeoutHelper)
No connection could be made because the target machine actively refused it.
   at System.Net.Sockets.Socket.AwaitableSocketAsyncEventArgs.ThrowException(SocketError error, CancellationToken cancellationToken)
   at System.Net.Sockets.Socket.AwaitableSocketAsyncEventArgs.System.Threading.Tasks.Sources.IValueTaskSource.GetResult(Int16 token)
   at System.Net.Sockets.Socket.<ConnectAsync>g__WaitForConnectWithCancellation|285_0(AwaitableSocketAsyncEventArgs saea, ValueTask connectTask, CancellationToken cancellationToken)
   at System.Net.Http.HttpConnectionPool.ConnectToTcpHostAsync(String host, Int32 port, HttpRequestMessage initialRequest, Boolean async, CancellationToken cancellationToken)
13/11/2025 04:39:37==>Cotizacion Invalida
   at Applet.Nat.Api.Br.Models.DocumentExp.GetCotizacion(String vivstrMoneda, DateTime vivdtm) in C:\Users\Jaco2701\Documents\Visual Studio Projects\Nat\Nat.api\Models\BR\DocumentExp.cs:line 175
   at Applet.Nat.Api.Controllers.MiscController.Statics() in C:\Users\Jaco2701\Documents\Visual Studio Projects\Nat\Nat.api\Controllers\MiscController.cs:line 45
13/11/2025 04:39:37==>Valor de Lista FORMAT:dtmwsmtxca no encontrado
   at Applet.Nat.Api.Static.ListHelper.GetValue(String vivcodType, String vivcodId, NatContext vioContext) in C:\Users\Jaco2701\Documents\Visual Studio Projects\Nat\Nat.api\Static\ListHelper.cs:line 26
   at Applet.Nat.Api.Models.Afip.AfipService.get_ivstrDateformat() in C:\Users\Jaco2701\Documents\Visual Studio Projects\Nat\Nat.api\Models\Afip\AfipService.cs:line 74
   at Applet.Nat.BR.DocumentMTXCA.GetCotizacion(String vivstrMoneda, DateTime vivdtm) in C:\Users\Jaco2701\Documents\Visual Studio Projects\Nat\Nat.api\Models\BR\DocumentMtxca.cs:line 540
13/11/2025 04:39:37==>Cotizacion Invalida
   at Applet.Nat.BR.DocumentMTXCA.GetCotizacion(String vivstrMoneda, DateTime vivdtm) in C:\Users\Jaco2701\Documents\Visual Studio Projects\Nat\Nat.api\Models\BR\DocumentMtxca.cs:line 566
   at Applet.Nat.Api.Controllers.MiscController.Statics() in C:\Users\Jaco2701\Documents\Visual Studio Projects\Nat\Nat.api\Controllers\MiscController.cs:line 65
13/11/2025 04:39:40==>No connection could be made because the target machine actively refused it. (wsfe-homo.arca.gob.ar:443)
   at System.Runtime.AsyncResult.End[TAsyncResult](IAsyncResult result)
   at System.ServiceModel.Channels.ServiceChannel.SendAsyncResult.End(SendAsyncResult result)
   at System.ServiceModel.Channels.ServiceChannel.EndCall(String action, Object[] outs, IAsyncResult result)
   at System.ServiceModel.Channels.ServiceChannelProxy.TaskCreator.<>c__DisplayClass1_0.<CreateGenericTask>b__0(IAsyncResult asyncResult)
--- End of stack trace from previous location ---
   at Applet.Nat.Api.Br.Models.DocumentExp.GetCotizacion(String vivstrMoneda, DateTime vivdtm) in C:\Users\Jaco2701\Documents\Visual Studio Projects\Nat\Nat.api\Models\BR\DocumentExp.cs:line 156
No connection could be made because the target machine actively refused it. (wsfe-homo.arca.gob.ar:443)
   at System.Net.Http.HttpConnectionPool.ConnectToTcpHostAsync(String host, Int32 port, HttpRequestMessage initialRequest, Boolean async, CancellationToken cancellationToken)
   at System.Net.Http.HttpConnectionPool.ConnectAsync(HttpRequestMessage request, Boolean async, CancellationToken cancellationToken)
   at System.Net.Http.HttpConnectionPool.CreateHttp11ConnectionAsync(HttpRequestMessage request, Boolean async, CancellationToken cancellationToken)
   at System.Net.Http.HttpConnectionPool.AddHttp11ConnectionAsync(QueueItem queueItem)
   at System.Threading.Tasks.TaskCompletionSourceWithCancellation`1.WaitWithCancellationAsync(CancellationToken cancellationToken)
   at System.Net.Http.HttpConnectionPool.SendWithVersionDetectionAndRetryAsync(HttpRequestMessage request, Boolean async, Boolean doRequestAuth, CancellationToken cancellationToken)
   at System.Net.Http.DiagnosticsHandler.SendAsyncCore(HttpRequestMessage request, Boolean async, CancellationToken cancellationToken)
   at System.Net.Http.RedirectHandler.SendAsync(HttpRequestMessage request, Boolean async, CancellationToken cancellationToken)
   at System.Net.Http.DecompressionHandler.SendAsync(HttpRequestMessage request, Boolean async, CancellationToken cancellationToken)
   at System.Net.Http.HttpClient.<SendAsync>g__Core|83_0(HttpRequestMessage request, HttpCompletionOption completionOption, CancellationTokenSource cts, Boolean disposeCts, CancellationTokenSource pendingRequestsCts, CancellationToken originalCancellationToken)
   at System.ServiceModel.Channels.HttpChannelFactory`1.HttpClientRequestChannel.HttpClientChannelAsyncRequest.SendRequestAsync(Message message, TimeoutHelper timeoutHelper)
No connection could be made because the target machine actively refused it.
   at System.Net.Sockets.Socket.AwaitableSocketAsyncEventArgs.ThrowException(SocketError error, CancellationToken cancellationToken)
   at System.Net.Sockets.Socket.AwaitableSocketAsyncEventArgs.System.Threading.Tasks.Sources.IValueTaskSource.GetResult(Int16 token)
   at System.Net.Sockets.Socket.<ConnectAsync>g__WaitForConnectWithCancellation|285_0(AwaitableSocketAsyncEventArgs saea, ValueTask connectTask, CancellationToken cancellationToken)
   at System.Net.Http.HttpConnectionPool.ConnectToTcpHostAsync(String host, Int32 port, HttpRequestMessage initialRequest, Boolean async, CancellationToken cancellationToken)
13/11/2025 04:39:40==>Cotizacion Invalida
   at Applet.Nat.Api.Br.Models.DocumentExp.GetCotizacion(String vivstrMoneda, DateTime vivdtm) in C:\Users\Jaco2701\Documents\Visual Studio Projects\Nat\Nat.api\Models\BR\DocumentExp.cs:line 175
   at Applet.Nat.Api.Controllers.MiscController.Statics() in C:\Users\Jaco2701\Documents\Visual Studio Projects\Nat\Nat.api\Controllers\MiscController.cs:line 45
13/11/2025 04:39:40==>Valor de Lista FORMAT:dtmwsmtxca no encontrado
   at Applet.Nat.Api.Static.ListHelper.GetValue(String vivcodType, String vivcodId, NatContext vioContext) in C:\Users\Jaco2701\Documents\Visual Studio Projects\Nat\Nat.api\Static\ListHelper.cs:line 26
   at Applet.Nat.Api.Models.Afip.AfipService.get_ivstrDateformat() in C:\Users\Jaco2701\Documents\Visual Studio Projects\Nat\Nat.api\Models\Afip\AfipService.cs:line 74
   at Applet.Nat.BR.DocumentMTXCA.GetCotizacion(String vivstrMoneda, DateTime vivdtm) in C:\Users\Jaco2701\Documents\Visual Studio Projects\Nat\Nat.api\Models\BR\DocumentMtxca.cs:line 540
13/11/2025 04:39:40==>Cotizacion Invalida
   at Applet.Nat.BR.DocumentMTXCA.GetCotizacion(String vivstrMoneda, DateTime vivdtm) in C:\Users\Jaco2701\Documents\Visual Studio Projects\Nat\Nat.api\Models\BR\DocumentMtxca.cs:line 566
   at Applet.Nat.Api.Controllers.MiscController.Statics() in C:\Users\Jaco2701\Documents\Visual Studio Projects\Nat\Nat.api\Controllers\MiscController.cs:line 65
13/11/2025 04:39:42==>No connection could be made because the target machine actively refused it. (wsfe-homo.arca.gob.ar:443)
   at System.Runtime.AsyncResult.End[TAsyncResult](IAsyncResult result)
   at System.ServiceModel.Channels.ServiceChannel.SendAsyncResult.End(SendAsyncResult result)
   at System.ServiceModel.Channels.ServiceChannel.EndCall(String action, Object[] outs, IAsyncResult result)
   at System.ServiceModel.Channels.ServiceChannelProxy.TaskCreator.<>c__DisplayClass1_0.<CreateGenericTask>b__0(IAsyncResult asyncResult)
--- End of stack trace from previous location ---
   at Applet.Nat.Api.Br.Models.DocumentExp.GetCotizacion(String vivstrMoneda, DateTime vivdtm) in C:\Users\Jaco2701\Documents\Visual Studio Projects\Nat\Nat.api\Models\BR\DocumentExp.cs:line 156
No connection could be made because the target machine actively refused it. (wsfe-homo.arca.gob.ar:443)
   at System.Net.Http.HttpConnectionPool.ConnectToTcpHostAsync(String host, Int32 port, HttpRequestMessage initialRequest, Boolean async, CancellationToken cancellationToken)
   at System.Net.Http.HttpConnectionPool.ConnectAsync(HttpRequestMessage request, Boolean async, CancellationToken cancellationToken)
   at System.Net.Http.HttpConnectionPool.CreateHttp11ConnectionAsync(HttpRequestMessage request, Boolean async, CancellationToken cancellationToken)
   at System.Net.Http.HttpConnectionPool.AddHttp11ConnectionAsync(QueueItem queueItem)
   at System.Threading.Tasks.TaskCompletionSourceWithCancellation`1.WaitWithCancellationAsync(CancellationToken cancellationToken)
   at System.Net.Http.HttpConnectionPool.SendWithVersionDetectionAndRetryAsync(HttpRequestMessage request, Boolean async, Boolean doRequestAuth, CancellationToken cancellationToken)
   at System.Net.Http.DiagnosticsHandler.SendAsyncCore(HttpRequestMessage request, Boolean async, CancellationToken cancellationToken)
   at System.Net.Http.RedirectHandler.SendAsync(HttpRequestMessage request, Boolean async, CancellationToken cancellationToken)
   at System.Net.Http.DecompressionHandler.SendAsync(HttpRequestMessage request, Boolean async, CancellationToken cancellationToken)
   at System.Net.Http.HttpClient.<SendAsync>g__Core|83_0(HttpRequestMessage request, HttpCompletionOption completionOption, CancellationTokenSource cts, Boolean disposeCts, CancellationTokenSource pendingRequestsCts, CancellationToken originalCancellationToken)
   at System.ServiceModel.Channels.HttpChannelFactory`1.HttpClientRequestChannel.HttpClientChannelAsyncRequest.SendRequestAsync(Message message, TimeoutHelper timeoutHelper)
No connection could be made because the target machine actively refused it.
   at System.Net.Sockets.Socket.AwaitableSocketAsyncEventArgs.ThrowException(SocketError error, CancellationToken cancellationToken)
   at System.Net.Sockets.Socket.AwaitableSocketAsyncEventArgs.System.Threading.Tasks.Sources.IValueTaskSource.GetResult(Int16 token)
   at System.Net.Sockets.Socket.<ConnectAsync>g__WaitForConnectWithCancellation|285_0(AwaitableSocketAsyncEventArgs saea, ValueTask connectTask, CancellationToken cancellationToken)
   at System.Net.Http.HttpConnectionPool.ConnectToTcpHostAsync(String host, Int32 port, HttpRequestMessage initialRequest, Boolean async, CancellationToken cancellationToken)
13/11/2025 04:39:42==>Cotizacion Invalida
   at Applet.Nat.Api.Br.Models.DocumentExp.GetCotizacion(String vivstrMoneda, DateTime vivdtm) in C:\Users\Jaco2701\Documents\Visual Studio Projects\Nat\Nat.api\Models\BR\DocumentExp.cs:line 175
   at Applet.Nat.Api.Controllers.MiscController.Statics() in C:\Users\Jaco2701\Documents\Visual Studio Projects\Nat\Nat.api\Controllers\MiscController.cs:line 45
13/11/2025 04:39:42==>Valor de Lista FORMAT:dtmwsmtxca no encontrado
   at Applet.Nat.Api.Static.ListHelper.GetValue(String vivcodType, String vivcodId, NatContext vioContext) in C:\Users\Jaco2701\Documents\Visual Studio Projects\Nat\Nat.api\Static\ListHelper.cs:line 26
   at Applet.Nat.Api.Models.Afip.AfipService.get_ivstrDateformat() in C:\Users\Jaco2701\Documents\Visual Studio Projects\Nat\Nat.api\Models\Afip\AfipService.cs:line 74
   at Applet.Nat.BR.DocumentMTXCA.GetCotizacion(String vivstrMoneda, DateTime vivdtm) in C:\Users\Jaco2701\Documents\Visual Studio Projects\Nat\Nat.api\Models\BR\DocumentMtxca.cs:line 540
13/11/2025 04:39:42==>Cotizacion Invalida
   at Applet.Nat.BR.DocumentMTXCA.GetCotizacion(String vivstrMoneda, DateTime vivdtm) in C:\Users\Jaco2701\Documents\Visual Studio Projects\Nat\Nat.api\Models\BR\DocumentMtxca.cs:line 566
   at Applet.Nat.Api.Controllers.MiscController.Statics() in C:\Users\Jaco2701\Documents\Visual Studio Projects\Nat\Nat.api\Controllers\MiscController.cs:line 65
13/11/2025 04:43:25==>No connection could be made because the target machine actively refused it. (wsfe-homo.arca.gob.ar:443)
   at System.Runtime.AsyncResult.End[TAsyncResult](IAsyncResult result)
   at System.ServiceModel.Channels.ServiceChannel.SendAsyncResult.End(SendAsyncResult result)
   at System.ServiceModel.Channels.ServiceChannel.EndCall(String action, Object[] outs, IAsyncResult result)
   at System.ServiceModel.Channels.ServiceChannelProxy.TaskCreator.<>c__DisplayClass1_0.<CreateGenericTask>b__0(IAsyncResult asyncResult)
--- End of stack trace from previous location ---
   at Applet.Nat.Api.Br.Models.DocumentExp.GetCotizacion(String vivstrMoneda, DateTime vivdtm) in C:\Users\Jaco2701\Documents\Visual Studio Projects\Nat\Nat.api\Models\BR\DocumentExp.cs:line 156
No connection could be made because the target machine actively refused it. (wsfe-homo.arca.gob.ar:443)
   at System.Net.Http.HttpConnectionPool.ConnectToTcpHostAsync(String host, Int32 port, HttpRequestMessage initialRequest, Boolean async, CancellationToken cancellationToken)
   at System.Net.Http.HttpConnectionPool.ConnectAsync(HttpRequestMessage request, Boolean async, CancellationToken cancellationToken)
   at System.Net.Http.HttpConnectionPool.CreateHttp11ConnectionAsync(HttpRequestMessage request, Boolean async, CancellationToken cancellationToken)
   at System.Net.Http.HttpConnectionPool.AddHttp11ConnectionAsync(QueueItem queueItem)
   at System.Threading.Tasks.TaskCompletionSourceWithCancellation`1.WaitWithCancellationAsync(CancellationToken cancellationToken)
   at System.Net.Http.HttpConnectionPool.SendWithVersionDetectionAndRetryAsync(HttpRequestMessage request, Boolean async, Boolean doRequestAuth, CancellationToken cancellationToken)
   at System.Net.Http.DiagnosticsHandler.SendAsyncCore(HttpRequestMessage request, Boolean async, CancellationToken cancellationToken)
   at System.Net.Http.RedirectHandler.SendAsync(HttpRequestMessage request, Boolean async, CancellationToken cancellationToken)
   at System.Net.Http.DecompressionHandler.SendAsync(HttpRequestMessage request, Boolean async, CancellationToken cancellationToken)
   at System.Net.Http.HttpClient.<SendAsync>g__Core|83_0(HttpRequestMessage request, HttpCompletionOption completionOption, CancellationTokenSource cts, Boolean disposeCts, CancellationTokenSource pendingRequestsCts, CancellationToken originalCancellationToken)
   at System.ServiceModel.Channels.HttpChannelFactory`1.HttpClientRequestChannel.HttpClientChannelAsyncRequest.SendRequestAsync(Message message, TimeoutHelper timeoutHelper)
No connection could be made because the target machine actively refused it.
   at System.Net.Sockets.Socket.AwaitableSocketAsyncEventArgs.ThrowException(SocketError error, CancellationToken cancellationToken)
   at System.Net.Sockets.Socket.AwaitableSocketAsyncEventArgs.System.Threading.Tasks.Sources.IValueTaskSource.GetResult(Int16 token)
   at System.Net.Sockets.Socket.<ConnectAsync>g__WaitForConnectWithCancellation|285_0(AwaitableSocketAsyncEventArgs saea, ValueTask connectTask, CancellationToken cancellationToken)
   at System.Net.Http.HttpConnectionPool.ConnectToTcpHostAsync(String host, Int32 port, HttpRequestMessage initialRequest, Boolean async, CancellationToken cancellationToken)
13/11/2025 04:43:25==>Cotizacion Invalida
   at Applet.Nat.Api.Br.Models.DocumentExp.GetCotizacion(String vivstrMoneda, DateTime vivdtm) in C:\Users\Jaco2701\Documents\Visual Studio Projects\Nat\Nat.api\Models\BR\DocumentExp.cs:line 175
   at Applet.Nat.Api.Controllers.MiscController.Statics() in C:\Users\Jaco2701\Documents\Visual Studio Projects\Nat\Nat.api\Controllers\MiscController.cs:line 45
13/11/2025 04:43:25==>Valor de Lista FORMAT:dtmwsmtxca no encontrado
   at Applet.Nat.Api.Static.ListHelper.GetValue(String vivcodType, String vivcodId, NatContext vioContext) in C:\Users\Jaco2701\Documents\Visual Studio Projects\Nat\Nat.api\Static\ListHelper.cs:line 26
   at Applet.Nat.Api.Models.Afip.AfipService.get_ivstrDateformat() in C:\Users\Jaco2701\Documents\Visual Studio Projects\Nat\Nat.api\Models\Afip\AfipService.cs:line 74
   at Applet.Nat.BR.DocumentMTXCA.GetCotizacion(String vivstrMoneda, DateTime vivdtm) in C:\Users\Jaco2701\Documents\Visual Studio Projects\Nat\Nat.api\Models\BR\DocumentMtxca.cs:line 540
13/11/2025 04:43:25==>Cotizacion Invalida
   at Applet.Nat.BR.DocumentMTXCA.GetCotizacion(String vivstrMoneda, DateTime vivdtm) in C:\Users\Jaco2701\Documents\Visual Studio Projects\Nat\Nat.api\Models\BR\DocumentMtxca.cs:line 566
   at Applet.Nat.Api.Controllers.MiscController.Statics() in C:\Users\Jaco2701\Documents\Visual Studio Projects\Nat\Nat.api\Controllers\MiscController.cs:line 65
13/11/2025 04:43:27==>No connection could be made because the target machine actively refused it. (wsfe-homo.arca.gob.ar:443)
   at System.Runtime.AsyncResult.End[TAsyncResult](IAsyncResult result)
   at System.ServiceModel.Channels.ServiceChannel.SendAsyncResult.End(SendAsyncResult result)
   at System.ServiceModel.Channels.ServiceChannel.EndCall(String action, Object[] outs, IAsyncResult result)
   at System.ServiceModel.Channels.ServiceChannelProxy.TaskCreator.<>c__DisplayClass1_0.<CreateGenericTask>b__0(IAsyncResult asyncResult)
--- End of stack trace from previous location ---
   at Applet.Nat.Api.Br.Models.DocumentExp.GetCotizacion(String vivstrMoneda, DateTime vivdtm) in C:\Users\Jaco2701\Documents\Visual Studio Projects\Nat\Nat.api\Models\BR\DocumentExp.cs:line 156
No connection could be made because the target machine actively refused it. (wsfe-homo.arca.gob.ar:443)
   at System.Net.Http.HttpConnectionPool.ConnectToTcpHostAsync(String host, Int32 port, HttpRequestMessage initialRequest, Boolean async, CancellationToken cancellationToken)
   at System.Net.Http.HttpConnectionPool.ConnectAsync(HttpRequestMessage request, Boolean async, CancellationToken cancellationToken)
   at System.Net.Http.HttpConnectionPool.CreateHttp11ConnectionAsync(HttpRequestMessage request, Boolean async, CancellationToken cancellationToken)
   at System.Net.Http.HttpConnectionPool.AddHttp11ConnectionAsync(QueueItem queueItem)
   at System.Threading.Tasks.TaskCompletionSourceWithCancellation`1.WaitWithCancellationAsync(CancellationToken cancellationToken)
   at System.Net.Http.HttpConnectionPool.SendWithVersionDetectionAndRetryAsync(HttpRequestMessage request, Boolean async, Boolean doRequestAuth, CancellationToken cancellationToken)
   at System.Net.Http.DiagnosticsHandler.SendAsyncCore(HttpRequestMessage request, Boolean async, CancellationToken cancellationToken)
   at System.Net.Http.RedirectHandler.SendAsync(HttpRequestMessage request, Boolean async, CancellationToken cancellationToken)
   at System.Net.Http.DecompressionHandler.SendAsync(HttpRequestMessage request, Boolean async, CancellationToken cancellationToken)
   at System.Net.Http.HttpClient.<SendAsync>g__Core|83_0(HttpRequestMessage request, HttpCompletionOption completionOption, CancellationTokenSource cts, Boolean disposeCts, CancellationTokenSource pendingRequestsCts, CancellationToken originalCancellationToken)
   at System.ServiceModel.Channels.HttpChannelFactory`1.HttpClientRequestChannel.HttpClientChannelAsyncRequest.SendRequestAsync(Message message, TimeoutHelper timeoutHelper)
No connection could be made because the target machine actively refused it.
   at System.Net.Sockets.Socket.AwaitableSocketAsyncEventArgs.ThrowException(SocketError error, CancellationToken cancellationToken)
   at System.Net.Sockets.Socket.AwaitableSocketAsyncEventArgs.System.Threading.Tasks.Sources.IValueTaskSource.GetResult(Int16 token)
   at System.Net.Sockets.Socket.<ConnectAsync>g__WaitForConnectWithCancellation|285_0(AwaitableSocketAsyncEventArgs saea, ValueTask connectTask, CancellationToken cancellationToken)
   at System.Net.Http.HttpConnectionPool.ConnectToTcpHostAsync(String host, Int32 port, HttpRequestMessage initialRequest, Boolean async, CancellationToken cancellationToken)
13/11/2025 04:43:27==>Cotizacion Invalida
   at Applet.Nat.Api.Br.Models.DocumentExp.GetCotizacion(String vivstrMoneda, DateTime vivdtm) in C:\Users\Jaco2701\Documents\Visual Studio Projects\Nat\Nat.api\Models\BR\DocumentExp.cs:line 175
   at Applet.Nat.Api.Controllers.MiscController.Statics() in C:\Users\Jaco2701\Documents\Visual Studio Projects\Nat\Nat.api\Controllers\MiscController.cs:line 45
13/11/2025 04:43:28==>Valor de Lista FORMAT:dtmwsmtxca no encontrado
   at Applet.Nat.Api.Static.ListHelper.GetValue(String vivcodType, String vivcodId, NatContext vioContext) in C:\Users\Jaco2701\Documents\Visual Studio Projects\Nat\Nat.api\Static\ListHelper.cs:line 26
   at Applet.Nat.Api.Models.Afip.AfipService.get_ivstrDateformat() in C:\Users\Jaco2701\Documents\Visual Studio Projects\Nat\Nat.api\Models\Afip\AfipService.cs:line 74
   at Applet.Nat.BR.DocumentMTXCA.GetCotizacion(String vivstrMoneda, DateTime vivdtm) in C:\Users\Jaco2701\Documents\Visual Studio Projects\Nat\Nat.api\Models\BR\DocumentMtxca.cs:line 540
13/11/2025 04:43:28==>Cotizacion Invalida
   at Applet.Nat.BR.DocumentMTXCA.GetCotizacion(String vivstrMoneda, DateTime vivdtm) in C:\Users\Jaco2701\Documents\Visual Studio Projects\Nat\Nat.api\Models\BR\DocumentMtxca.cs:line 566
   at Applet.Nat.Api.Controllers.MiscController.Statics() in C:\Users\Jaco2701\Documents\Visual Studio Projects\Nat\Nat.api\Controllers\MiscController.cs:line 65
13/11/2025 04:43:30==>No connection could be made because the target machine actively refused it. (wsfe-homo.arca.gob.ar:443)
   at System.Runtime.AsyncResult.End[TAsyncResult](IAsyncResult result)
   at System.ServiceModel.Channels.ServiceChannel.SendAsyncResult.End(SendAsyncResult result)
   at System.ServiceModel.Channels.ServiceChannel.EndCall(String action, Object[] outs, IAsyncResult result)
   at System.ServiceModel.Channels.ServiceChannelProxy.TaskCreator.<>c__DisplayClass1_0.<CreateGenericTask>b__0(IAsyncResult asyncResult)
--- End of stack trace from previous location ---
   at Applet.Nat.Api.Br.Models.DocumentExp.GetCotizacion(String vivstrMoneda, DateTime vivdtm) in C:\Users\Jaco2701\Documents\Visual Studio Projects\Nat\Nat.api\Models\BR\DocumentExp.cs:line 156
No connection could be made because the target machine actively refused it. (wsfe-homo.arca.gob.ar:443)
   at System.Net.Http.HttpConnectionPool.ConnectToTcpHostAsync(String host, Int32 port, HttpRequestMessage initialRequest, Boolean async, CancellationToken cancellationToken)
   at System.Net.Http.HttpConnectionPool.ConnectAsync(HttpRequestMessage request, Boolean async, CancellationToken cancellationToken)
   at System.Net.Http.HttpConnectionPool.CreateHttp11ConnectionAsync(HttpRequestMessage request, Boolean async, CancellationToken cancellationToken)
   at System.Net.Http.HttpConnectionPool.AddHttp11ConnectionAsync(QueueItem queueItem)
   at System.Threading.Tasks.TaskCompletionSourceWithCancellation`1.WaitWithCancellationAsync(CancellationToken cancellationToken)
   at System.Net.Http.HttpConnectionPool.SendWithVersionDetectionAndRetryAsync(HttpRequestMessage request, Boolean async, Boolean doRequestAuth, CancellationToken cancellationToken)
   at System.Net.Http.DiagnosticsHandler.SendAsyncCore(HttpRequestMessage request, Boolean async, CancellationToken cancellationToken)
   at System.Net.Http.RedirectHandler.SendAsync(HttpRequestMessage request, Boolean async, CancellationToken cancellationToken)
   at System.Net.Http.DecompressionHandler.SendAsync(HttpRequestMessage request, Boolean async, CancellationToken cancellationToken)
   at System.Net.Http.HttpClient.<SendAsync>g__Core|83_0(HttpRequestMessage request, HttpCompletionOption completionOption, CancellationTokenSource cts, Boolean disposeCts, CancellationTokenSource pendingRequestsCts, CancellationToken originalCancellationToken)
   at System.ServiceModel.Channels.HttpChannelFactory`1.HttpClientRequestChannel.HttpClientChannelAsyncRequest.SendRequestAsync(Message message, TimeoutHelper timeoutHelper)
No connection could be made because the target machine actively refused it.
   at System.Net.Sockets.Socket.AwaitableSocketAsyncEventArgs.ThrowException(SocketError error, CancellationToken cancellationToken)
   at System.Net.Sockets.Socket.AwaitableSocketAsyncEventArgs.System.Threading.Tasks.Sources.IValueTaskSource.GetResult(Int16 token)
   at System.Net.Sockets.Socket.<ConnectAsync>g__WaitForConnectWithCancellation|285_0(AwaitableSocketAsyncEventArgs saea, ValueTask connectTask, CancellationToken cancellationToken)
   at System.Net.Http.HttpConnectionPool.ConnectToTcpHostAsync(String host, Int32 port, HttpRequestMessage initialRequest, Boolean async, CancellationToken cancellationToken)
13/11/2025 04:43:30==>Cotizacion Invalida
   at Applet.Nat.Api.Br.Models.DocumentExp.GetCotizacion(String vivstrMoneda, DateTime vivdtm) in C:\Users\Jaco2701\Documents\Visual Studio Projects\Nat\Nat.api\Models\BR\DocumentExp.cs:line 175
   at Applet.Nat.Api.Controllers.MiscController.Statics() in C:\Users\Jaco2701\Documents\Visual Studio Projects\Nat\Nat.api\Controllers\MiscController.cs:line 45
13/11/2025 04:43:30==>Valor de Lista FORMAT:dtmwsmtxca no encontrado
   at Applet.Nat.Api.Static.ListHelper.GetValue(String vivcodType, String vivcodId, NatContext vioContext) in C:\Users\Jaco2701\Documents\Visual Studio Projects\Nat\Nat.api\Static\ListHelper.cs:line 26
   at Applet.Nat.Api.Models.Afip.AfipService.get_ivstrDateformat() in C:\Users\Jaco2701\Documents\Visual Studio Projects\Nat\Nat.api\Models\Afip\AfipService.cs:line 74
   at Applet.Nat.BR.DocumentMTXCA.GetCotizacion(String vivstrMoneda, DateTime vivdtm) in C:\Users\Jaco2701\Documents\Visual Studio Projects\Nat\Nat.api\Models\BR\DocumentMtxca.cs:line 540
13/11/2025 04:43:30==>Cotizacion Invalida
   at Applet.Nat.BR.DocumentMTXCA.GetCotizacion(String vivstrMoneda, DateTime vivdtm) in C:\Users\Jaco2701\Documents\Visual Studio Projects\Nat\Nat.api\Models\BR\DocumentMtxca.cs:line 566
   at Applet.Nat.Api.Controllers.MiscController.Statics() in C:\Users\Jaco2701\Documents\Visual Studio Projects\Nat\Nat.api\Controllers\MiscController.cs:line 65
13/11/2025 04:44:34==>No connection could be made because the target machine actively refused it. (wsfe-homo.arca.gob.ar:443)
   at System.Runtime.AsyncResult.End[TAsyncResult](IAsyncResult result)
   at System.ServiceModel.Channels.ServiceChannel.SendAsyncResult.End(SendAsyncResult result)
   at System.ServiceModel.Channels.ServiceChannel.EndCall(String action, Object[] outs, IAsyncResult result)
   at System.ServiceModel.Channels.ServiceChannelProxy.TaskCreator.<>c__DisplayClass1_0.<CreateGenericTask>b__0(IAsyncResult asyncResult)
--- End of stack trace from previous location ---
   at Applet.Nat.Api.Br.Models.DocumentExp.GetCotizacion(String vivstrMoneda, DateTime vivdtm) in C:\Users\Jaco2701\Documents\Visual Studio Projects\Nat\Nat.api\Models\BR\DocumentExp.cs:line 156
No connection could be made because the target machine actively refused it. (wsfe-homo.arca.gob.ar:443)
   at System.Net.Http.HttpConnectionPool.ConnectToTcpHostAsync(String host, Int32 port, HttpRequestMessage initialRequest, Boolean async, CancellationToken cancellationToken)
   at System.Net.Http.HttpConnectionPool.ConnectAsync(HttpRequestMessage request, Boolean async, CancellationToken cancellationToken)
   at System.Net.Http.HttpConnectionPool.CreateHttp11ConnectionAsync(HttpRequestMessage request, Boolean async, CancellationToken cancellationToken)
   at System.Net.Http.HttpConnectionPool.AddHttp11ConnectionAsync(QueueItem queueItem)
   at System.Threading.Tasks.TaskCompletionSourceWithCancellation`1.WaitWithCancellationAsync(CancellationToken cancellationToken)
   at System.Net.Http.HttpConnectionPool.SendWithVersionDetectionAndRetryAsync(HttpRequestMessage request, Boolean async, Boolean doRequestAuth, CancellationToken cancellationToken)
   at System.Net.Http.DiagnosticsHandler.SendAsyncCore(HttpRequestMessage request, Boolean async, CancellationToken cancellationToken)
   at System.Net.Http.RedirectHandler.SendAsync(HttpRequestMessage request, Boolean async, CancellationToken cancellationToken)
   at System.Net.Http.DecompressionHandler.SendAsync(HttpRequestMessage request, Boolean async, CancellationToken cancellationToken)
   at System.Net.Http.HttpClient.<SendAsync>g__Core|83_0(HttpRequestMessage request, HttpCompletionOption completionOption, CancellationTokenSource cts, Boolean disposeCts, CancellationTokenSource pendingRequestsCts, CancellationToken originalCancellationToken)
   at System.ServiceModel.Channels.HttpChannelFactory`1.HttpClientRequestChannel.HttpClientChannelAsyncRequest.SendRequestAsync(Message message, TimeoutHelper timeoutHelper)
No connection could be made because the target machine actively refused it.
   at System.Net.Sockets.Socket.AwaitableSocketAsyncEventArgs.ThrowException(SocketError error, CancellationToken cancellationToken)
   at System.Net.Sockets.Socket.AwaitableSocketAsyncEventArgs.System.Threading.Tasks.Sources.IValueTaskSource.GetResult(Int16 token)
   at System.Net.Sockets.Socket.<ConnectAsync>g__WaitForConnectWithCancellation|285_0(AwaitableSocketAsyncEventArgs saea, ValueTask connectTask, CancellationToken cancellationToken)
   at System.Net.Http.HttpConnectionPool.ConnectToTcpHostAsync(String host, Int32 port, HttpRequestMessage initialRequest, Boolean async, CancellationToken cancellationToken)
13/11/2025 04:44:34==>Cotizacion Invalida
   at Applet.Nat.Api.Br.Models.DocumentExp.GetCotizacion(String vivstrMoneda, DateTime vivdtm) in C:\Users\Jaco2701\Documents\Visual Studio Projects\Nat\Nat.api\Models\BR\DocumentExp.cs:line 175
   at Applet.Nat.Api.Controllers.MiscController.Statics() in C:\Users\Jaco2701\Documents\Visual Studio Projects\Nat\Nat.api\Controllers\MiscController.cs:line 45
13/11/2025 04:44:34==>Valor de Lista FORMAT:dtmwsmtxca no encontrado
   at Applet.Nat.Api.Static.ListHelper.GetValue(String vivcodType, String vivcodId, NatContext vioContext) in C:\Users\Jaco2701\Documents\Visual Studio Projects\Nat\Nat.api\Static\ListHelper.cs:line 26
   at Applet.Nat.Api.Models.Afip.AfipService.get_ivstrDateformat() in C:\Users\Jaco2701\Documents\Visual Studio Projects\Nat\Nat.api\Models\Afip\AfipService.cs:line 74
   at Applet.Nat.BR.DocumentMTXCA.GetCotizacion(String vivstrMoneda, DateTime vivdtm) in C:\Users\Jaco2701\Documents\Visual Studio Projects\Nat\Nat.api\Models\BR\DocumentMtxca.cs:line 540
13/11/2025 04:44:34==>Cotizacion Invalida
   at Applet.Nat.BR.DocumentMTXCA.GetCotizacion(String vivstrMoneda, DateTime vivdtm) in C:\Users\Jaco2701\Documents\Visual Studio Projects\Nat\Nat.api\Models\BR\DocumentMtxca.cs:line 566
   at Applet.Nat.Api.Controllers.MiscController.Statics() in C:\Users\Jaco2701\Documents\Visual Studio Projects\Nat\Nat.api\Controllers\MiscController.cs:line 65
13/11/2025 04:44:37==>No connection could be made because the target machine actively refused it. (wsfe-homo.arca.gob.ar:443)
   at System.Runtime.AsyncResult.End[TAsyncResult](IAsyncResult result)
   at System.ServiceModel.Channels.ServiceChannel.SendAsyncResult.End(SendAsyncResult result)
   at System.ServiceModel.Channels.ServiceChannel.EndCall(String action, Object[] outs, IAsyncResult result)
   at System.ServiceModel.Channels.ServiceChannelProxy.TaskCreator.<>c__DisplayClass1_0.<CreateGenericTask>b__0(IAsyncResult asyncResult)
--- End of stack trace from previous location ---
   at Applet.Nat.Api.Br.Models.DocumentExp.GetCotizacion(String vivstrMoneda, DateTime vivdtm) in C:\Users\Jaco2701\Documents\Visual Studio Projects\Nat\Nat.api\Models\BR\DocumentExp.cs:line 156
No connection could be made because the target machine actively refused it. (wsfe-homo.arca.gob.ar:443)
   at System.Net.Http.HttpConnectionPool.ConnectToTcpHostAsync(String host, Int32 port, HttpRequestMessage initialRequest, Boolean async, CancellationToken cancellationToken)
   at System.Net.Http.HttpConnectionPool.ConnectAsync(HttpRequestMessage request, Boolean async, CancellationToken cancellationToken)
   at System.Net.Http.HttpConnectionPool.CreateHttp11ConnectionAsync(HttpRequestMessage request, Boolean async, CancellationToken cancellationToken)
   at System.Net.Http.HttpConnectionPool.AddHttp11ConnectionAsync(QueueItem queueItem)
   at System.Threading.Tasks.TaskCompletionSourceWithCancellation`1.WaitWithCancellationAsync(CancellationToken cancellationToken)
   at System.Net.Http.HttpConnectionPool.SendWithVersionDetectionAndRetryAsync(HttpRequestMessage request, Boolean async, Boolean doRequestAuth, CancellationToken cancellationToken)
   at System.Net.Http.DiagnosticsHandler.SendAsyncCore(HttpRequestMessage request, Boolean async, CancellationToken cancellationToken)
   at System.Net.Http.RedirectHandler.SendAsync(HttpRequestMessage request, Boolean async, CancellationToken cancellationToken)
   at System.Net.Http.DecompressionHandler.SendAsync(HttpRequestMessage request, Boolean async, CancellationToken cancellationToken)
   at System.Net.Http.HttpClient.<SendAsync>g__Core|83_0(HttpRequestMessage request, HttpCompletionOption completionOption, CancellationTokenSource cts, Boolean disposeCts, CancellationTokenSource pendingRequestsCts, CancellationToken originalCancellationToken)
   at System.ServiceModel.Channels.HttpChannelFactory`1.HttpClientRequestChannel.HttpClientChannelAsyncRequest.SendRequestAsync(Message message, TimeoutHelper timeoutHelper)
No connection could be made because the target machine actively refused it.
   at System.Net.Sockets.Socket.AwaitableSocketAsyncEventArgs.ThrowException(SocketError error, CancellationToken cancellationToken)
   at System.Net.Sockets.Socket.AwaitableSocketAsyncEventArgs.System.Threading.Tasks.Sources.IValueTaskSource.GetResult(Int16 token)
   at System.Net.Sockets.Socket.<ConnectAsync>g__WaitForConnectWithCancellation|285_0(AwaitableSocketAsyncEventArgs saea, ValueTask connectTask, CancellationToken cancellationToken)
   at System.Net.Http.HttpConnectionPool.ConnectToTcpHostAsync(String host, Int32 port, HttpRequestMessage initialRequest, Boolean async, CancellationToken cancellationToken)
13/11/2025 04:44:37==>Cotizacion Invalida
   at Applet.Nat.Api.Br.Models.DocumentExp.GetCotizacion(String vivstrMoneda, DateTime vivdtm) in C:\Users\Jaco2701\Documents\Visual Studio Projects\Nat\Nat.api\Models\BR\DocumentExp.cs:line 175
   at Applet.Nat.Api.Controllers.MiscController.Statics() in C:\Users\Jaco2701\Documents\Visual Studio Projects\Nat\Nat.api\Controllers\MiscController.cs:line 45
13/11/2025 04:44:37==>Valor de Lista FORMAT:dtmwsmtxca no encontrado
   at Applet.Nat.Api.Static.ListHelper.GetValue(String vivcodType, String vivcodId, NatContext vioContext) in C:\Users\Jaco2701\Documents\Visual Studio Projects\Nat\Nat.api\Static\ListHelper.cs:line 26
   at Applet.Nat.Api.Models.Afip.AfipService.get_ivstrDateformat() in C:\Users\Jaco2701\Documents\Visual Studio Projects\Nat\Nat.api\Models\Afip\AfipService.cs:line 74
   at Applet.Nat.BR.DocumentMTXCA.GetCotizacion(String vivstrMoneda, DateTime vivdtm) in C:\Users\Jaco2701\Documents\Visual Studio Projects\Nat\Nat.api\Models\BR\DocumentMtxca.cs:line 540
13/11/2025 04:44:37==>Cotizacion Invalida
   at Applet.Nat.BR.DocumentMTXCA.GetCotizacion(String vivstrMoneda, DateTime vivdtm) in C:\Users\Jaco2701\Documents\Visual Studio Projects\Nat\Nat.api\Models\BR\DocumentMtxca.cs:line 566
   at Applet.Nat.Api.Controllers.MiscController.Statics() in C:\Users\Jaco2701\Documents\Visual Studio Projects\Nat\Nat.api\Controllers\MiscController.cs:line 65
13/11/2025 04:45:06==>No connection could be made because the target machine actively refused it. (wsfe-homo.arca.gob.ar:443)
   at System.Runtime.AsyncResult.End[TAsyncResult](IAsyncResult result)
   at System.ServiceModel.Channels.ServiceChannel.SendAsyncResult.End(SendAsyncResult result)
   at System.ServiceModel.Channels.ServiceChannel.EndCall(String action, Object[] outs, IAsyncResult result)
   at System.ServiceModel.Channels.ServiceChannelProxy.TaskCreator.<>c__DisplayClass1_0.<CreateGenericTask>b__0(IAsyncResult asyncResult)
--- End of stack trace from previous location ---
   at Applet.Nat.Api.Br.Models.DocumentExp.GetCotizacion(String vivstrMoneda, DateTime vivdtm) in C:\Users\Jaco2701\Documents\Visual Studio Projects\Nat\Nat.api\Models\BR\DocumentExp.cs:line 156
No connection could be made because the target machine actively refused it. (wsfe-homo.arca.gob.ar:443)
   at System.Net.Http.HttpConnectionPool.ConnectToTcpHostAsync(String host, Int32 port, HttpRequestMessage initialRequest, Boolean async, CancellationToken cancellationToken)
   at System.Net.Http.HttpConnectionPool.ConnectAsync(HttpRequestMessage request, Boolean async, CancellationToken cancellationToken)
   at System.Net.Http.HttpConnectionPool.CreateHttp11ConnectionAsync(HttpRequestMessage request, Boolean async, CancellationToken cancellationToken)
   at System.Net.Http.HttpConnectionPool.AddHttp11ConnectionAsync(QueueItem queueItem)
   at System.Threading.Tasks.TaskCompletionSourceWithCancellation`1.WaitWithCancellationAsync(CancellationToken cancellationToken)
   at System.Net.Http.HttpConnectionPool.SendWithVersionDetectionAndRetryAsync(HttpRequestMessage request, Boolean async, Boolean doRequestAuth, CancellationToken cancellationToken)
   at System.Net.Http.DiagnosticsHandler.SendAsyncCore(HttpRequestMessage request, Boolean async, CancellationToken cancellationToken)
   at System.Net.Http.RedirectHandler.SendAsync(HttpRequestMessage request, Boolean async, CancellationToken cancellationToken)
   at System.Net.Http.DecompressionHandler.SendAsync(HttpRequestMessage request, Boolean async, CancellationToken cancellationToken)
   at System.Net.Http.HttpClient.<SendAsync>g__Core|83_0(HttpRequestMessage request, HttpCompletionOption completionOption, CancellationTokenSource cts, Boolean disposeCts, CancellationTokenSource pendingRequestsCts, CancellationToken originalCancellationToken)
   at System.ServiceModel.Channels.HttpChannelFactory`1.HttpClientRequestChannel.HttpClientChannelAsyncRequest.SendRequestAsync(Message message, TimeoutHelper timeoutHelper)
No connection could be made because the target machine actively refused it.
   at System.Net.Sockets.Socket.AwaitableSocketAsyncEventArgs.ThrowException(SocketError error, CancellationToken cancellationToken)
   at System.Net.Sockets.Socket.AwaitableSocketAsyncEventArgs.System.Threading.Tasks.Sources.IValueTaskSource.GetResult(Int16 token)
   at System.Net.Sockets.Socket.<ConnectAsync>g__WaitForConnectWithCancellation|285_0(AwaitableSocketAsyncEventArgs saea, ValueTask connectTask, CancellationToken cancellationToken)
   at System.Net.Http.HttpConnectionPool.ConnectToTcpHostAsync(String host, Int32 port, HttpRequestMessage initialRequest, Boolean async, CancellationToken cancellationToken)
13/11/2025 04:45:06==>Cotizacion Invalida
   at Applet.Nat.Api.Br.Models.DocumentExp.GetCotizacion(String vivstrMoneda, DateTime vivdtm) in C:\Users\Jaco2701\Documents\Visual Studio Projects\Nat\Nat.api\Models\BR\DocumentExp.cs:line 175
   at Applet.Nat.Api.Controllers.MiscController.Statics() in C:\Users\Jaco2701\Documents\Visual Studio Projects\Nat\Nat.api\Controllers\MiscController.cs:line 45
13/11/2025 04:45:06==>Valor de Lista FORMAT:dtmwsmtxca no encontrado
   at Applet.Nat.Api.Static.ListHelper.GetValue(String vivcodType, String vivcodId, NatContext vioContext) in C:\Users\Jaco2701\Documents\Visual Studio Projects\Nat\Nat.api\Static\ListHelper.cs:line 26
   at Applet.Nat.Api.Models.Afip.AfipService.get_ivstrDateformat() in C:\Users\Jaco2701\Documents\Visual Studio Projects\Nat\Nat.api\Models\Afip\AfipService.cs:line 74
   at Applet.Nat.BR.DocumentMTXCA.GetCotizacion(String vivstrMoneda, DateTime vivdtm) in C:\Users\Jaco2701\Documents\Visual Studio Projects\Nat\Nat.api\Models\BR\DocumentMtxca.cs:line 540
13/11/2025 04:45:06==>Cotizacion Invalida
   at Applet.Nat.BR.DocumentMTXCA.GetCotizacion(String vivstrMoneda, DateTime vivdtm) in C:\Users\Jaco2701\Documents\Visual Studio Projects\Nat\Nat.api\Models\BR\DocumentMtxca.cs:line 566
   at Applet.Nat.Api.Controllers.MiscController.Statics() in C:\Users\Jaco2701\Documents\Visual Studio Projects\Nat\Nat.api\Controllers\MiscController.cs:line 65
13/11/2025 04:45:09==>No connection could be made because the target machine actively refused it. (wsfe-homo.arca.gob.ar:443)
   at System.Runtime.AsyncResult.End[TAsyncResult](IAsyncResult result)
   at System.ServiceModel.Channels.ServiceChannel.SendAsyncResult.End(SendAsyncResult result)
   at System.ServiceModel.Channels.ServiceChannel.EndCall(String action, Object[] outs, IAsyncResult result)
   at System.ServiceModel.Channels.ServiceChannelProxy.TaskCreator.<>c__DisplayClass1_0.<CreateGenericTask>b__0(IAsyncResult asyncResult)
--- End of stack trace from previous location ---
   at Applet.Nat.Api.Br.Models.DocumentExp.GetCotizacion(String vivstrMoneda, DateTime vivdtm) in C:\Users\Jaco2701\Documents\Visual Studio Projects\Nat\Nat.api\Models\BR\DocumentExp.cs:line 156
No connection could be made because the target machine actively refused it. (wsfe-homo.arca.gob.ar:443)
   at System.Net.Http.HttpConnectionPool.ConnectToTcpHostAsync(String host, Int32 port, HttpRequestMessage initialRequest, Boolean async, CancellationToken cancellationToken)
   at System.Net.Http.HttpConnectionPool.ConnectAsync(HttpRequestMessage request, Boolean async, CancellationToken cancellationToken)
   at System.Net.Http.HttpConnectionPool.CreateHttp11ConnectionAsync(HttpRequestMessage request, Boolean async, CancellationToken cancellationToken)
   at System.Net.Http.HttpConnectionPool.AddHttp11ConnectionAsync(QueueItem queueItem)
   at System.Threading.Tasks.TaskCompletionSourceWithCancellation`1.WaitWithCancellationAsync(CancellationToken cancellationToken)
   at System.Net.Http.HttpConnectionPool.SendWithVersionDetectionAndRetryAsync(HttpRequestMessage request, Boolean async, Boolean doRequestAuth, CancellationToken cancellationToken)
   at System.Net.Http.DiagnosticsHandler.SendAsyncCore(HttpRequestMessage request, Boolean async, CancellationToken cancellationToken)
   at System.Net.Http.RedirectHandler.SendAsync(HttpRequestMessage request, Boolean async, CancellationToken cancellationToken)
   at System.Net.Http.DecompressionHandler.SendAsync(HttpRequestMessage request, Boolean async, CancellationToken cancellationToken)
   at System.Net.Http.HttpClient.<SendAsync>g__Core|83_0(HttpRequestMessage request, HttpCompletionOption completionOption, CancellationTokenSource cts, Boolean disposeCts, CancellationTokenSource pendingRequestsCts, CancellationToken originalCancellationToken)
   at System.ServiceModel.Channels.HttpChannelFactory`1.HttpClientRequestChannel.HttpClientChannelAsyncRequest.SendRequestAsync(Message message, TimeoutHelper timeoutHelper)
No connection could be made because the target machine actively refused it.
   at System.Net.Sockets.Socket.AwaitableSocketAsyncEventArgs.ThrowException(SocketError error, CancellationToken cancellationToken)
   at System.Net.Sockets.Socket.AwaitableSocketAsyncEventArgs.System.Threading.Tasks.Sources.IValueTaskSource.GetResult(Int16 token)
   at System.Net.Sockets.Socket.<ConnectAsync>g__WaitForConnectWithCancellation|285_0(AwaitableSocketAsyncEventArgs saea, ValueTask connectTask, CancellationToken cancellationToken)
   at System.Net.Http.HttpConnectionPool.ConnectToTcpHostAsync(String host, Int32 port, HttpRequestMessage initialRequest, Boolean async, CancellationToken cancellationToken)
13/11/2025 04:45:09==>Cotizacion Invalida
   at Applet.Nat.Api.Br.Models.DocumentExp.GetCotizacion(String vivstrMoneda, DateTime vivdtm) in C:\Users\Jaco2701\Documents\Visual Studio Projects\Nat\Nat.api\Models\BR\DocumentExp.cs:line 175
   at Applet.Nat.Api.Controllers.MiscController.Statics() in C:\Users\Jaco2701\Documents\Visual Studio Projects\Nat\Nat.api\Controllers\MiscController.cs:line 45
13/11/2025 04:45:09==>Valor de Lista FORMAT:dtmwsmtxca no encontrado
   at Applet.Nat.Api.Static.ListHelper.GetValue(String vivcodType, String vivcodId, NatContext vioContext) in C:\Users\Jaco2701\Documents\Visual Studio Projects\Nat\Nat.api\Static\ListHelper.cs:line 26
   at Applet.Nat.Api.Models.Afip.AfipService.get_ivstrDateformat() in C:\Users\Jaco2701\Documents\Visual Studio Projects\Nat\Nat.api\Models\Afip\AfipService.cs:line 74
   at Applet.Nat.BR.DocumentMTXCA.GetCotizacion(String vivstrMoneda, DateTime vivdtm) in C:\Users\Jaco2701\Documents\Visual Studio Projects\Nat\Nat.api\Models\BR\DocumentMtxca.cs:line 540
13/11/2025 04:45:09==>Cotizacion Invalida
   at Applet.Nat.BR.DocumentMTXCA.GetCotizacion(String vivstrMoneda, DateTime vivdtm) in C:\Users\Jaco2701\Documents\Visual Studio Projects\Nat\Nat.api\Models\BR\DocumentMtxca.cs:line 566
   at Applet.Nat.Api.Controllers.MiscController.Statics() in C:\Users\Jaco2701\Documents\Visual Studio Projects\Nat\Nat.api\Controllers\MiscController.cs:line 65
13/11/2025 04:46:35==>No connection could be made because the target machine actively refused it. (wsfe-homo.arca.gob.ar:443)
   at System.Runtime.AsyncResult.End[TAsyncResult](IAsyncResult result)
   at System.ServiceModel.Channels.ServiceChannel.SendAsyncResult.End(SendAsyncResult result)
   at System.ServiceModel.Channels.ServiceChannel.EndCall(String action, Object[] outs, IAsyncResult result)
   at System.ServiceModel.Channels.ServiceChannelProxy.TaskCreator.<>c__DisplayClass1_0.<CreateGenericTask>b__0(IAsyncResult asyncResult)
--- End of stack trace from previous location ---
   at Applet.Nat.Api.Br.Models.DocumentExp.GetCotizacion(String vivstrMoneda, DateTime vivdtm) in C:\Users\Jaco2701\Documents\Visual Studio Projects\Nat\Nat.api\Models\BR\DocumentExp.cs:line 156
No connection could be made because the target machine actively refused it. (wsfe-homo.arca.gob.ar:443)
   at System.Net.Http.HttpConnectionPool.ConnectToTcpHostAsync(String host, Int32 port, HttpRequestMessage initialRequest, Boolean async, CancellationToken cancellationToken)
   at System.Net.Http.HttpConnectionPool.ConnectAsync(HttpRequestMessage request, Boolean async, CancellationToken cancellationToken)
   at System.Net.Http.HttpConnectionPool.CreateHttp11ConnectionAsync(HttpRequestMessage request, Boolean async, CancellationToken cancellationToken)
   at System.Net.Http.HttpConnectionPool.AddHttp11ConnectionAsync(QueueItem queueItem)
   at System.Threading.Tasks.TaskCompletionSourceWithCancellation`1.WaitWithCancellationAsync(CancellationToken cancellationToken)
   at System.Net.Http.HttpConnectionPool.SendWithVersionDetectionAndRetryAsync(HttpRequestMessage request, Boolean async, Boolean doRequestAuth, CancellationToken cancellationToken)
   at System.Net.Http.DiagnosticsHandler.SendAsyncCore(HttpRequestMessage request, Boolean async, CancellationToken cancellationToken)
   at System.Net.Http.RedirectHandler.SendAsync(HttpRequestMessage request, Boolean async, CancellationToken cancellationToken)
   at System.Net.Http.DecompressionHandler.SendAsync(HttpRequestMessage request, Boolean async, CancellationToken cancellationToken)
   at System.Net.Http.HttpClient.<SendAsync>g__Core|83_0(HttpRequestMessage request, HttpCompletionOption completionOption, CancellationTokenSource cts, Boolean disposeCts, CancellationTokenSource pendingRequestsCts, CancellationToken originalCancellationToken)
   at System.ServiceModel.Channels.HttpChannelFactory`1.HttpClientRequestChannel.HttpClientChannelAsyncRequest.SendRequestAsync(Message message, TimeoutHelper timeoutHelper)
No connection could be made because the target machine actively refused it.
   at System.Net.Sockets.Socket.AwaitableSocketAsyncEventArgs.ThrowException(SocketError error, CancellationToken cancellationToken)
   at System.Net.Sockets.Socket.AwaitableSocketAsyncEventArgs.System.Threading.Tasks.Sources.IValueTaskSource.GetResult(Int16 token)
   at System.Net.Sockets.Socket.<ConnectAsync>g__WaitForConnectWithCancellation|285_0(AwaitableSocketAsyncEventArgs saea, ValueTask connectTask, CancellationToken cancellationToken)
   at System.Net.Http.HttpConnectionPool.ConnectToTcpHostAsync(String host, Int32 port, HttpRequestMessage initialRequest, Boolean async, CancellationToken cancellationToken)
13/11/2025 04:46:35==>Cotizacion Invalida
   at Applet.Nat.Api.Br.Models.DocumentExp.GetCotizacion(String vivstrMoneda, DateTime vivdtm) in C:\Users\Jaco2701\Documents\Visual Studio Projects\Nat\Nat.api\Models\BR\DocumentExp.cs:line 175
   at Applet.Nat.Api.Controllers.MiscController.Statics() in C:\Users\Jaco2701\Documents\Visual Studio Projects\Nat\Nat.api\Controllers\MiscController.cs:line 45
13/11/2025 04:46:36==>Valor de Lista FORMAT:dtmwsmtxca no encontrado
   at Applet.Nat.Api.Static.ListHelper.GetValue(String vivcodType, String vivcodId, NatContext vioContext) in C:\Users\Jaco2701\Documents\Visual Studio Projects\Nat\Nat.api\Static\ListHelper.cs:line 26
   at Applet.Nat.Api.Models.Afip.AfipService.get_ivstrDateformat() in C:\Users\Jaco2701\Documents\Visual Studio Projects\Nat\Nat.api\Models\Afip\AfipService.cs:line 74
   at Applet.Nat.BR.DocumentMTXCA.GetCotizacion(String vivstrMoneda, DateTime vivdtm) in C:\Users\Jaco2701\Documents\Visual Studio Projects\Nat\Nat.api\Models\BR\DocumentMtxca.cs:line 540
13/11/2025 04:46:36==>Cotizacion Invalida
   at Applet.Nat.BR.DocumentMTXCA.GetCotizacion(String vivstrMoneda, DateTime vivdtm) in C:\Users\Jaco2701\Documents\Visual Studio Projects\Nat\Nat.api\Models\BR\DocumentMtxca.cs:line 566
   at Applet.Nat.Api.Controllers.MiscController.Statics() in C:\Users\Jaco2701\Documents\Visual Studio Projects\Nat\Nat.api\Controllers\MiscController.cs:line 65
13/11/2025 04:46:38==>No connection could be made because the target machine actively refused it. (wsfe-homo.arca.gob.ar:443)
   at System.Runtime.AsyncResult.End[TAsyncResult](IAsyncResult result)
   at System.ServiceModel.Channels.ServiceChannel.SendAsyncResult.End(SendAsyncResult result)
   at System.ServiceModel.Channels.ServiceChannel.EndCall(String action, Object[] outs, IAsyncResult result)
   at System.ServiceModel.Channels.ServiceChannelProxy.TaskCreator.<>c__DisplayClass1_0.<CreateGenericTask>b__0(IAsyncResult asyncResult)
--- End of stack trace from previous location ---
   at Applet.Nat.Api.Br.Models.DocumentExp.GetCotizacion(String vivstrMoneda, DateTime vivdtm) in C:\Users\Jaco2701\Documents\Visual Studio Projects\Nat\Nat.api\Models\BR\DocumentExp.cs:line 156
No connection could be made because the target machine actively refused it. (wsfe-homo.arca.gob.ar:443)
   at System.Net.Http.HttpConnectionPool.ConnectToTcpHostAsync(String host, Int32 port, HttpRequestMessage initialRequest, Boolean async, CancellationToken cancellationToken)
   at System.Net.Http.HttpConnectionPool.ConnectAsync(HttpRequestMessage request, Boolean async, CancellationToken cancellationToken)
   at System.Net.Http.HttpConnectionPool.CreateHttp11ConnectionAsync(HttpRequestMessage request, Boolean async, CancellationToken cancellationToken)
   at System.Net.Http.HttpConnectionPool.AddHttp11ConnectionAsync(QueueItem queueItem)
   at System.Threading.Tasks.TaskCompletionSourceWithCancellation`1.WaitWithCancellationAsync(CancellationToken cancellationToken)
   at System.Net.Http.HttpConnectionPool.SendWithVersionDetectionAndRetryAsync(HttpRequestMessage request, Boolean async, Boolean doRequestAuth, CancellationToken cancellationToken)
   at System.Net.Http.DiagnosticsHandler.SendAsyncCore(HttpRequestMessage request, Boolean async, CancellationToken cancellationToken)
   at System.Net.Http.RedirectHandler.SendAsync(HttpRequestMessage request, Boolean async, CancellationToken cancellationToken)
   at System.Net.Http.DecompressionHandler.SendAsync(HttpRequestMessage request, Boolean async, CancellationToken cancellationToken)
   at System.Net.Http.HttpClient.<SendAsync>g__Core|83_0(HttpRequestMessage request, HttpCompletionOption completionOption, CancellationTokenSource cts, Boolean disposeCts, CancellationTokenSource pendingRequestsCts, CancellationToken originalCancellationToken)
   at System.ServiceModel.Channels.HttpChannelFactory`1.HttpClientRequestChannel.HttpClientChannelAsyncRequest.SendRequestAsync(Message message, TimeoutHelper timeoutHelper)
No connection could be made because the target machine actively refused it.
   at System.Net.Sockets.Socket.AwaitableSocketAsyncEventArgs.ThrowException(SocketError error, CancellationToken cancellationToken)
   at System.Net.Sockets.Socket.AwaitableSocketAsyncEventArgs.System.Threading.Tasks.Sources.IValueTaskSource.GetResult(Int16 token)
   at System.Net.Sockets.Socket.<ConnectAsync>g__WaitForConnectWithCancellation|285_0(AwaitableSocketAsyncEventArgs saea, ValueTask connectTask, CancellationToken cancellationToken)
   at System.Net.Http.HttpConnectionPool.ConnectToTcpHostAsync(String host, Int32 port, HttpRequestMessage initialRequest, Boolean async, CancellationToken cancellationToken)
13/11/2025 04:46:38==>Cotizacion Invalida
   at Applet.Nat.Api.Br.Models.DocumentExp.GetCotizacion(String vivstrMoneda, DateTime vivdtm) in C:\Users\Jaco2701\Documents\Visual Studio Projects\Nat\Nat.api\Models\BR\DocumentExp.cs:line 175
   at Applet.Nat.Api.Controllers.MiscController.Statics() in C:\Users\Jaco2701\Documents\Visual Studio Projects\Nat\Nat.api\Controllers\MiscController.cs:line 45
13/11/2025 04:46:38==>Valor de Lista FORMAT:dtmwsmtxca no encontrado
   at Applet.Nat.Api.Static.ListHelper.GetValue(String vivcodType, String vivcodId, NatContext vioContext) in C:\Users\Jaco2701\Documents\Visual Studio Projects\Nat\Nat.api\Static\ListHelper.cs:line 26
   at Applet.Nat.Api.Models.Afip.AfipService.get_ivstrDateformat() in C:\Users\Jaco2701\Documents\Visual Studio Projects\Nat\Nat.api\Models\Afip\AfipService.cs:line 74
   at Applet.Nat.BR.DocumentMTXCA.GetCotizacion(String vivstrMoneda, DateTime vivdtm) in C:\Users\Jaco2701\Documents\Visual Studio Projects\Nat\Nat.api\Models\BR\DocumentMtxca.cs:line 540
13/11/2025 04:46:38==>Cotizacion Invalida
   at Applet.Nat.BR.DocumentMTXCA.GetCotizacion(String vivstrMoneda, DateTime vivdtm) in C:\Users\Jaco2701\Documents\Visual Studio Projects\Nat\Nat.api\Models\BR\DocumentMtxca.cs:line 566
   at Applet.Nat.Api.Controllers.MiscController.Statics() in C:\Users\Jaco2701\Documents\Visual Studio Projects\Nat\Nat.api\Controllers\MiscController.cs:line 65
13/11/2025 04:46:40==>No connection could be made because the target machine actively refused it. (wsfe-homo.arca.gob.ar:443)
   at System.Runtime.AsyncResult.End[TAsyncResult](IAsyncResult result)
   at System.ServiceModel.Channels.ServiceChannel.SendAsyncResult.End(SendAsyncResult result)
   at System.ServiceModel.Channels.ServiceChannel.EndCall(String action, Object[] outs, IAsyncResult result)
   at System.ServiceModel.Channels.ServiceChannelProxy.TaskCreator.<>c__DisplayClass1_0.<CreateGenericTask>b__0(IAsyncResult asyncResult)
--- End of stack trace from previous location ---
   at Applet.Nat.Api.Br.Models.DocumentExp.GetCotizacion(String vivstrMoneda, DateTime vivdtm) in C:\Users\Jaco2701\Documents\Visual Studio Projects\Nat\Nat.api\Models\BR\DocumentExp.cs:line 156
No connection could be made because the target machine actively refused it. (wsfe-homo.arca.gob.ar:443)
   at System.Net.Http.HttpConnectionPool.ConnectToTcpHostAsync(String host, Int32 port, HttpRequestMessage initialRequest, Boolean async, CancellationToken cancellationToken)
   at System.Net.Http.HttpConnectionPool.ConnectAsync(HttpRequestMessage request, Boolean async, CancellationToken cancellationToken)
   at System.Net.Http.HttpConnectionPool.CreateHttp11ConnectionAsync(HttpRequestMessage request, Boolean async, CancellationToken cancellationToken)
   at System.Net.Http.HttpConnectionPool.AddHttp11ConnectionAsync(QueueItem queueItem)
   at System.Threading.Tasks.TaskCompletionSourceWithCancellation`1.WaitWithCancellationAsync(CancellationToken cancellationToken)
   at System.Net.Http.HttpConnectionPool.SendWithVersionDetectionAndRetryAsync(HttpRequestMessage request, Boolean async, Boolean doRequestAuth, CancellationToken cancellationToken)
   at System.Net.Http.DiagnosticsHandler.SendAsyncCore(HttpRequestMessage request, Boolean async, CancellationToken cancellationToken)
   at System.Net.Http.RedirectHandler.SendAsync(HttpRequestMessage request, Boolean async, CancellationToken cancellationToken)
   at System.Net.Http.DecompressionHandler.SendAsync(HttpRequestMessage request, Boolean async, CancellationToken cancellationToken)
   at System.Net.Http.HttpClient.<SendAsync>g__Core|83_0(HttpRequestMessage request, HttpCompletionOption completionOption, CancellationTokenSource cts, Boolean disposeCts, CancellationTokenSource pendingRequestsCts, CancellationToken originalCancellationToken)
   at System.ServiceModel.Channels.HttpChannelFactory`1.HttpClientRequestChannel.HttpClientChannelAsyncRequest.SendRequestAsync(Message message, TimeoutHelper timeoutHelper)
No connection could be made because the target machine actively refused it.
   at System.Net.Sockets.Socket.AwaitableSocketAsyncEventArgs.ThrowException(SocketError error, CancellationToken cancellationToken)
   at System.Net.Sockets.Socket.AwaitableSocketAsyncEventArgs.System.Threading.Tasks.Sources.IValueTaskSource.GetResult(Int16 token)
   at System.Net.Sockets.Socket.<ConnectAsync>g__WaitForConnectWithCancellation|285_0(AwaitableSocketAsyncEventArgs saea, ValueTask connectTask, CancellationToken cancellationToken)
   at System.Net.Http.HttpConnectionPool.ConnectToTcpHostAsync(String host, Int32 port, HttpRequestMessage initialRequest, Boolean async, CancellationToken cancellationToken)
13/11/2025 04:46:40==>Cotizacion Invalida
   at Applet.Nat.Api.Br.Models.DocumentExp.GetCotizacion(String vivstrMoneda, DateTime vivdtm) in C:\Users\Jaco2701\Documents\Visual Studio Projects\Nat\Nat.api\Models\BR\DocumentExp.cs:line 175
   at Applet.Nat.Api.Controllers.MiscController.Statics() in C:\Users\Jaco2701\Documents\Visual Studio Projects\Nat\Nat.api\Controllers\MiscController.cs:line 45
13/11/2025 04:46:40==>Valor de Lista FORMAT:dtmwsmtxca no encontrado
   at Applet.Nat.Api.Static.ListHelper.GetValue(String vivcodType, String vivcodId, NatContext vioContext) in C:\Users\Jaco2701\Documents\Visual Studio Projects\Nat\Nat.api\Static\ListHelper.cs:line 26
   at Applet.Nat.Api.Models.Afip.AfipService.get_ivstrDateformat() in C:\Users\Jaco2701\Documents\Visual Studio Projects\Nat\Nat.api\Models\Afip\AfipService.cs:line 74
   at Applet.Nat.BR.DocumentMTXCA.GetCotizacion(String vivstrMoneda, DateTime vivdtm) in C:\Users\Jaco2701\Documents\Visual Studio Projects\Nat\Nat.api\Models\BR\DocumentMtxca.cs:line 540
13/11/2025 04:46:40==>Cotizacion Invalida
   at Applet.Nat.BR.DocumentMTXCA.GetCotizacion(String vivstrMoneda, DateTime vivdtm) in C:\Users\Jaco2701\Documents\Visual Studio Projects\Nat\Nat.api\Models\BR\DocumentMtxca.cs:line 566
   at Applet.Nat.Api.Controllers.MiscController.Statics() in C:\Users\Jaco2701\Documents\Visual Studio Projects\Nat\Nat.api\Controllers\MiscController.cs:line 65
13/11/2025 04:46:43==>No connection could be made because the target machine actively refused it. (wsfe-homo.arca.gob.ar:443)
   at System.Runtime.AsyncResult.End[TAsyncResult](IAsyncResult result)
   at System.ServiceModel.Channels.ServiceChannel.SendAsyncResult.End(SendAsyncResult result)
   at System.ServiceModel.Channels.ServiceChannel.EndCall(String action, Object[] outs, IAsyncResult result)
   at System.ServiceModel.Channels.ServiceChannelProxy.TaskCreator.<>c__DisplayClass1_0.<CreateGenericTask>b__0(IAsyncResult asyncResult)
--- End of stack trace from previous location ---
   at Applet.Nat.Api.Br.Models.DocumentExp.GetCotizacion(String vivstrMoneda, DateTime vivdtm) in C:\Users\Jaco2701\Documents\Visual Studio Projects\Nat\Nat.api\Models\BR\DocumentExp.cs:line 156
No connection could be made because the target machine actively refused it. (wsfe-homo.arca.gob.ar:443)
   at System.Net.Http.HttpConnectionPool.ConnectToTcpHostAsync(String host, Int32 port, HttpRequestMessage initialRequest, Boolean async, CancellationToken cancellationToken)
   at System.Net.Http.HttpConnectionPool.ConnectAsync(HttpRequestMessage request, Boolean async, CancellationToken cancellationToken)
   at System.Net.Http.HttpConnectionPool.CreateHttp11ConnectionAsync(HttpRequestMessage request, Boolean async, CancellationToken cancellationToken)
   at System.Net.Http.HttpConnectionPool.AddHttp11ConnectionAsync(QueueItem queueItem)
   at System.Threading.Tasks.TaskCompletionSourceWithCancellation`1.WaitWithCancellationAsync(CancellationToken cancellationToken)
   at System.Net.Http.HttpConnectionPool.SendWithVersionDetectionAndRetryAsync(HttpRequestMessage request, Boolean async, Boolean doRequestAuth, CancellationToken cancellationToken)
   at System.Net.Http.DiagnosticsHandler.SendAsyncCore(HttpRequestMessage request, Boolean async, CancellationToken cancellationToken)
   at System.Net.Http.RedirectHandler.SendAsync(HttpRequestMessage request, Boolean async, CancellationToken cancellationToken)
   at System.Net.Http.DecompressionHandler.SendAsync(HttpRequestMessage request, Boolean async, CancellationToken cancellationToken)
   at System.Net.Http.HttpClient.<SendAsync>g__Core|83_0(HttpRequestMessage request, HttpCompletionOption completionOption, CancellationTokenSource cts, Boolean disposeCts, CancellationTokenSource pendingRequestsCts, CancellationToken originalCancellationToken)
   at System.ServiceModel.Channels.HttpChannelFactory`1.HttpClientRequestChannel.HttpClientChannelAsyncRequest.SendRequestAsync(Message message, TimeoutHelper timeoutHelper)
No connection could be made because the target machine actively refused it.
   at System.Net.Sockets.Socket.AwaitableSocketAsyncEventArgs.ThrowException(SocketError error, CancellationToken cancellationToken)
   at System.Net.Sockets.Socket.AwaitableSocketAsyncEventArgs.System.Threading.Tasks.Sources.IValueTaskSource.GetResult(Int16 token)
   at System.Net.Sockets.Socket.<ConnectAsync>g__WaitForConnectWithCancellation|285_0(AwaitableSocketAsyncEventArgs saea, ValueTask connectTask, CancellationToken cancellationToken)
   at System.Net.Http.HttpConnectionPool.ConnectToTcpHostAsync(String host, Int32 port, HttpRequestMessage initialRequest, Boolean async, CancellationToken cancellationToken)
13/11/2025 04:46:43==>Cotizacion Invalida
   at Applet.Nat.Api.Br.Models.DocumentExp.GetCotizacion(String vivstrMoneda, DateTime vivdtm) in C:\Users\Jaco2701\Documents\Visual Studio Projects\Nat\Nat.api\Models\BR\DocumentExp.cs:line 175
   at Applet.Nat.Api.Controllers.MiscController.Statics() in C:\Users\Jaco2701\Documents\Visual Studio Projects\Nat\Nat.api\Controllers\MiscController.cs:line 45
13/11/2025 04:46:44==>Valor de Lista FORMAT:dtmwsmtxca no encontrado
   at Applet.Nat.Api.Static.ListHelper.GetValue(String vivcodType, String vivcodId, NatContext vioContext) in C:\Users\Jaco2701\Documents\Visual Studio Projects\Nat\Nat.api\Static\ListHelper.cs:line 26
   at Applet.Nat.Api.Models.Afip.AfipService.get_ivstrDateformat() in C:\Users\Jaco2701\Documents\Visual Studio Projects\Nat\Nat.api\Models\Afip\AfipService.cs:line 74
   at Applet.Nat.BR.DocumentMTXCA.GetCotizacion(String vivstrMoneda, DateTime vivdtm) in C:\Users\Jaco2701\Documents\Visual Studio Projects\Nat\Nat.api\Models\BR\DocumentMtxca.cs:line 540
13/11/2025 04:46:44==>Cotizacion Invalida
   at Applet.Nat.BR.DocumentMTXCA.GetCotizacion(String vivstrMoneda, DateTime vivdtm) in C:\Users\Jaco2701\Documents\Visual Studio Projects\Nat\Nat.api\Models\BR\DocumentMtxca.cs:line 566
   at Applet.Nat.Api.Controllers.MiscController.Statics() in C:\Users\Jaco2701\Documents\Visual Studio Projects\Nat\Nat.api\Controllers\MiscController.cs:line 65
13/11/2025 04:46:46==>No connection could be made because the target machine actively refused it. (wsfe-homo.arca.gob.ar:443)
   at System.Runtime.AsyncResult.End[TAsyncResult](IAsyncResult result)
   at System.ServiceModel.Channels.ServiceChannel.SendAsyncResult.End(SendAsyncResult result)
   at System.ServiceModel.Channels.ServiceChannel.EndCall(String action, Object[] outs, IAsyncResult result)
   at System.ServiceModel.Channels.ServiceChannelProxy.TaskCreator.<>c__DisplayClass1_0.<CreateGenericTask>b__0(IAsyncResult asyncResult)
--- End of stack trace from previous location ---
   at Applet.Nat.Api.Br.Models.DocumentExp.GetCotizacion(String vivstrMoneda, DateTime vivdtm) in C:\Users\Jaco2701\Documents\Visual Studio Projects\Nat\Nat.api\Models\BR\DocumentExp.cs:line 156
No connection could be made because the target machine actively refused it. (wsfe-homo.arca.gob.ar:443)
   at System.Net.Http.HttpConnectionPool.ConnectToTcpHostAsync(String host, Int32 port, HttpRequestMessage initialRequest, Boolean async, CancellationToken cancellationToken)
   at System.Net.Http.HttpConnectionPool.ConnectAsync(HttpRequestMessage request, Boolean async, CancellationToken cancellationToken)
   at System.Net.Http.HttpConnectionPool.CreateHttp11ConnectionAsync(HttpRequestMessage request, Boolean async, CancellationToken cancellationToken)
   at System.Net.Http.HttpConnectionPool.AddHttp11ConnectionAsync(QueueItem queueItem)
   at System.Threading.Tasks.TaskCompletionSourceWithCancellation`1.WaitWithCancellationAsync(CancellationToken cancellationToken)
   at System.Net.Http.HttpConnectionPool.SendWithVersionDetectionAndRetryAsync(HttpRequestMessage request, Boolean async, Boolean doRequestAuth, CancellationToken cancellationToken)
   at System.Net.Http.DiagnosticsHandler.SendAsyncCore(HttpRequestMessage request, Boolean async, CancellationToken cancellationToken)
   at System.Net.Http.RedirectHandler.SendAsync(HttpRequestMessage request, Boolean async, CancellationToken cancellationToken)
   at System.Net.Http.DecompressionHandler.SendAsync(HttpRequestMessage request, Boolean async, CancellationToken cancellationToken)
   at System.Net.Http.HttpClient.<SendAsync>g__Core|83_0(HttpRequestMessage request, HttpCompletionOption completionOption, CancellationTokenSource cts, Boolean disposeCts, CancellationTokenSource pendingRequestsCts, CancellationToken originalCancellationToken)
   at System.ServiceModel.Channels.HttpChannelFactory`1.HttpClientRequestChannel.HttpClientChannelAsyncRequest.SendRequestAsync(Message message, TimeoutHelper timeoutHelper)
No connection could be made because the target machine actively refused it.
   at System.Net.Sockets.Socket.AwaitableSocketAsyncEventArgs.ThrowException(SocketError error, CancellationToken cancellationToken)
   at System.Net.Sockets.Socket.AwaitableSocketAsyncEventArgs.System.Threading.Tasks.Sources.IValueTaskSource.GetResult(Int16 token)
   at System.Net.Sockets.Socket.<ConnectAsync>g__WaitForConnectWithCancellation|285_0(AwaitableSocketAsyncEventArgs saea, ValueTask connectTask, CancellationToken cancellationToken)
   at System.Net.Http.HttpConnectionPool.ConnectToTcpHostAsync(String host, Int32 port, HttpRequestMessage initialRequest, Boolean async, CancellationToken cancellationToken)
13/11/2025 04:46:46==>Cotizacion Invalida
   at Applet.Nat.Api.Br.Models.DocumentExp.GetCotizacion(String vivstrMoneda, DateTime vivdtm) in C:\Users\Jaco2701\Documents\Visual Studio Projects\Nat\Nat.api\Models\BR\DocumentExp.cs:line 175
   at Applet.Nat.Api.Controllers.MiscController.Statics() in C:\Users\Jaco2701\Documents\Visual Studio Projects\Nat\Nat.api\Controllers\MiscController.cs:line 45
13/11/2025 04:46:46==>Valor de Lista FORMAT:dtmwsmtxca no encontrado
   at Applet.Nat.Api.Static.ListHelper.GetValue(String vivcodType, String vivcodId, NatContext vioContext) in C:\Users\Jaco2701\Documents\Visual Studio Projects\Nat\Nat.api\Static\ListHelper.cs:line 26
   at Applet.Nat.Api.Models.Afip.AfipService.get_ivstrDateformat() in C:\Users\Jaco2701\Documents\Visual Studio Projects\Nat\Nat.api\Models\Afip\AfipService.cs:line 74
   at Applet.Nat.BR.DocumentMTXCA.GetCotizacion(String vivstrMoneda, DateTime vivdtm) in C:\Users\Jaco2701\Documents\Visual Studio Projects\Nat\Nat.api\Models\BR\DocumentMtxca.cs:line 540
13/11/2025 04:46:46==>Cotizacion Invalida
   at Applet.Nat.BR.DocumentMTXCA.GetCotizacion(String vivstrMoneda, DateTime vivdtm) in C:\Users\Jaco2701\Documents\Visual Studio Projects\Nat\Nat.api\Models\BR\DocumentMtxca.cs:line 566
   at Applet.Nat.Api.Controllers.MiscController.Statics() in C:\Users\Jaco2701\Documents\Visual Studio Projects\Nat\Nat.api\Controllers\MiscController.cs:line 65
13/11/2025 04:46:49==>No connection could be made because the target machine actively refused it. (wsfe-homo.arca.gob.ar:443)
   at System.Runtime.AsyncResult.End[TAsyncResult](IAsyncResult result)
   at System.ServiceModel.Channels.ServiceChannel.SendAsyncResult.End(SendAsyncResult result)
   at System.ServiceModel.Channels.ServiceChannel.EndCall(String action, Object[] outs, IAsyncResult result)
   at System.ServiceModel.Channels.ServiceChannelProxy.TaskCreator.<>c__DisplayClass1_0.<CreateGenericTask>b__0(IAsyncResult asyncResult)
--- End of stack trace from previous location ---
   at Applet.Nat.Api.Br.Models.DocumentExp.GetCotizacion(String vivstrMoneda, DateTime vivdtm) in C:\Users\Jaco2701\Documents\Visual Studio Projects\Nat\Nat.api\Models\BR\DocumentExp.cs:line 156
No connection could be made because the target machine actively refused it. (wsfe-homo.arca.gob.ar:443)
   at System.Net.Http.HttpConnectionPool.ConnectToTcpHostAsync(String host, Int32 port, HttpRequestMessage initialRequest, Boolean async, CancellationToken cancellationToken)
   at System.Net.Http.HttpConnectionPool.ConnectAsync(HttpRequestMessage request, Boolean async, CancellationToken cancellationToken)
   at System.Net.Http.HttpConnectionPool.CreateHttp11ConnectionAsync(HttpRequestMessage request, Boolean async, CancellationToken cancellationToken)
   at System.Net.Http.HttpConnectionPool.AddHttp11ConnectionAsync(QueueItem queueItem)
   at System.Threading.Tasks.TaskCompletionSourceWithCancellation`1.WaitWithCancellationAsync(CancellationToken cancellationToken)
   at System.Net.Http.HttpConnectionPool.SendWithVersionDetectionAndRetryAsync(HttpRequestMessage request, Boolean async, Boolean doRequestAuth, CancellationToken cancellationToken)
   at System.Net.Http.DiagnosticsHandler.SendAsyncCore(HttpRequestMessage request, Boolean async, CancellationToken cancellationToken)
   at System.Net.Http.RedirectHandler.SendAsync(HttpRequestMessage request, Boolean async, CancellationToken cancellationToken)
   at System.Net.Http.DecompressionHandler.SendAsync(HttpRequestMessage request, Boolean async, CancellationToken cancellationToken)
   at System.Net.Http.HttpClient.<SendAsync>g__Core|83_0(HttpRequestMessage request, HttpCompletionOption completionOption, CancellationTokenSource cts, Boolean disposeCts, CancellationTokenSource pendingRequestsCts, CancellationToken originalCancellationToken)
   at System.ServiceModel.Channels.HttpChannelFactory`1.HttpClientRequestChannel.HttpClientChannelAsyncRequest.SendRequestAsync(Message message, TimeoutHelper timeoutHelper)
No connection could be made because the target machine actively refused it.
   at System.Net.Sockets.Socket.AwaitableSocketAsyncEventArgs.ThrowException(SocketError error, CancellationToken cancellationToken)
   at System.Net.Sockets.Socket.AwaitableSocketAsyncEventArgs.System.Threading.Tasks.Sources.IValueTaskSource.GetResult(Int16 token)
   at System.Net.Sockets.Socket.<ConnectAsync>g__WaitForConnectWithCancellation|285_0(AwaitableSocketAsyncEventArgs saea, ValueTask connectTask, CancellationToken cancellationToken)
   at System.Net.Http.HttpConnectionPool.ConnectToTcpHostAsync(String host, Int32 port, HttpRequestMessage initialRequest, Boolean async, CancellationToken cancellationToken)
13/11/2025 04:46:49==>Cotizacion Invalida
   at Applet.Nat.Api.Br.Models.DocumentExp.GetCotizacion(String vivstrMoneda, DateTime vivdtm) in C:\Users\Jaco2701\Documents\Visual Studio Projects\Nat\Nat.api\Models\BR\DocumentExp.cs:line 175
   at Applet.Nat.Api.Controllers.MiscController.Statics() in C:\Users\Jaco2701\Documents\Visual Studio Projects\Nat\Nat.api\Controllers\MiscController.cs:line 45
13/11/2025 04:46:49==>Valor de Lista FORMAT:dtmwsmtxca no encontrado
   at Applet.Nat.Api.Static.ListHelper.GetValue(String vivcodType, String vivcodId, NatContext vioContext) in C:\Users\Jaco2701\Documents\Visual Studio Projects\Nat\Nat.api\Static\ListHelper.cs:line 26
   at Applet.Nat.Api.Models.Afip.AfipService.get_ivstrDateformat() in C:\Users\Jaco2701\Documents\Visual Studio Projects\Nat\Nat.api\Models\Afip\AfipService.cs:line 74
   at Applet.Nat.BR.DocumentMTXCA.GetCotizacion(String vivstrMoneda, DateTime vivdtm) in C:\Users\Jaco2701\Documents\Visual Studio Projects\Nat\Nat.api\Models\BR\DocumentMtxca.cs:line 540
13/11/2025 04:46:49==>Cotizacion Invalida
   at Applet.Nat.BR.DocumentMTXCA.GetCotizacion(String vivstrMoneda, DateTime vivdtm) in C:\Users\Jaco2701\Documents\Visual Studio Projects\Nat\Nat.api\Models\BR\DocumentMtxca.cs:line 566
   at Applet.Nat.Api.Controllers.MiscController.Statics() in C:\Users\Jaco2701\Documents\Visual Studio Projects\Nat\Nat.api\Controllers\MiscController.cs:line 65
13/11/2025 04:46:51==>No connection could be made because the target machine actively refused it. (wsfe-homo.arca.gob.ar:443)
   at System.Runtime.AsyncResult.End[TAsyncResult](IAsyncResult result)
   at System.ServiceModel.Channels.ServiceChannel.SendAsyncResult.End(SendAsyncResult result)
   at System.ServiceModel.Channels.ServiceChannel.EndCall(String action, Object[] outs, IAsyncResult result)
   at System.ServiceModel.Channels.ServiceChannelProxy.TaskCreator.<>c__DisplayClass1_0.<CreateGenericTask>b__0(IAsyncResult asyncResult)
--- End of stack trace from previous location ---
   at Applet.Nat.Api.Br.Models.DocumentExp.GetCotizacion(String vivstrMoneda, DateTime vivdtm) in C:\Users\Jaco2701\Documents\Visual Studio Projects\Nat\Nat.api\Models\BR\DocumentExp.cs:line 156
No connection could be made because the target machine actively refused it. (wsfe-homo.arca.gob.ar:443)
   at System.Net.Http.HttpConnectionPool.ConnectToTcpHostAsync(String host, Int32 port, HttpRequestMessage initialRequest, Boolean async, CancellationToken cancellationToken)
   at System.Net.Http.HttpConnectionPool.ConnectAsync(HttpRequestMessage request, Boolean async, CancellationToken cancellationToken)
   at System.Net.Http.HttpConnectionPool.CreateHttp11ConnectionAsync(HttpRequestMessage request, Boolean async, CancellationToken cancellationToken)
   at System.Net.Http.HttpConnectionPool.AddHttp11ConnectionAsync(QueueItem queueItem)
   at System.Threading.Tasks.TaskCompletionSourceWithCancellation`1.WaitWithCancellationAsync(CancellationToken cancellationToken)
   at System.Net.Http.HttpConnectionPool.SendWithVersionDetectionAndRetryAsync(HttpRequestMessage request, Boolean async, Boolean doRequestAuth, CancellationToken cancellationToken)
   at System.Net.Http.DiagnosticsHandler.SendAsyncCore(HttpRequestMessage request, Boolean async, CancellationToken cancellationToken)
   at System.Net.Http.RedirectHandler.SendAsync(HttpRequestMessage request, Boolean async, CancellationToken cancellationToken)
   at System.Net.Http.DecompressionHandler.SendAsync(HttpRequestMessage request, Boolean async, CancellationToken cancellationToken)
   at System.Net.Http.HttpClient.<SendAsync>g__Core|83_0(HttpRequestMessage request, HttpCompletionOption completionOption, CancellationTokenSource cts, Boolean disposeCts, CancellationTokenSource pendingRequestsCts, CancellationToken originalCancellationToken)
   at System.ServiceModel.Channels.HttpChannelFactory`1.HttpClientRequestChannel.HttpClientChannelAsyncRequest.SendRequestAsync(Message message, TimeoutHelper timeoutHelper)
No connection could be made because the target machine actively refused it.
   at System.Net.Sockets.Socket.AwaitableSocketAsyncEventArgs.ThrowException(SocketError error, CancellationToken cancellationToken)
   at System.Net.Sockets.Socket.AwaitableSocketAsyncEventArgs.System.Threading.Tasks.Sources.IValueTaskSource.GetResult(Int16 token)
   at System.Net.Sockets.Socket.<ConnectAsync>g__WaitForConnectWithCancellation|285_0(AwaitableSocketAsyncEventArgs saea, ValueTask connectTask, CancellationToken cancellationToken)
   at System.Net.Http.HttpConnectionPool.ConnectToTcpHostAsync(String host, Int32 port, HttpRequestMessage initialRequest, Boolean async, CancellationToken cancellationToken)
13/11/2025 04:46:51==>Cotizacion Invalida
   at Applet.Nat.Api.Br.Models.DocumentExp.GetCotizacion(String vivstrMoneda, DateTime vivdtm) in C:\Users\Jaco2701\Documents\Visual Studio Projects\Nat\Nat.api\Models\BR\DocumentExp.cs:line 175
   at Applet.Nat.Api.Controllers.MiscController.Statics() in C:\Users\Jaco2701\Documents\Visual Studio Projects\Nat\Nat.api\Controllers\MiscController.cs:line 45
13/11/2025 04:46:51==>Valor de Lista FORMAT:dtmwsmtxca no encontrado
   at Applet.Nat.Api.Static.ListHelper.GetValue(String vivcodType, String vivcodId, NatContext vioContext) in C:\Users\Jaco2701\Documents\Visual Studio Projects\Nat\Nat.api\Static\ListHelper.cs:line 26
   at Applet.Nat.Api.Models.Afip.AfipService.get_ivstrDateformat() in C:\Users\Jaco2701\Documents\Visual Studio Projects\Nat\Nat.api\Models\Afip\AfipService.cs:line 74
   at Applet.Nat.BR.DocumentMTXCA.GetCotizacion(String vivstrMoneda, DateTime vivdtm) in C:\Users\Jaco2701\Documents\Visual Studio Projects\Nat\Nat.api\Models\BR\DocumentMtxca.cs:line 540
13/11/2025 04:46:51==>Cotizacion Invalida
   at Applet.Nat.BR.DocumentMTXCA.GetCotizacion(String vivstrMoneda, DateTime vivdtm) in C:\Users\Jaco2701\Documents\Visual Studio Projects\Nat\Nat.api\Models\BR\DocumentMtxca.cs:line 566
   at Applet.Nat.Api.Controllers.MiscController.Statics() in C:\Users\Jaco2701\Documents\Visual Studio Projects\Nat\Nat.api\Controllers\MiscController.cs:line 65
13/11/2025 04:47:03==>No connection could be made because the target machine actively refused it. (wsfe-homo.arca.gob.ar:443)
   at System.Runtime.AsyncResult.End[TAsyncResult](IAsyncResult result)
   at System.ServiceModel.Channels.ServiceChannel.SendAsyncResult.End(SendAsyncResult result)
   at System.ServiceModel.Channels.ServiceChannel.EndCall(String action, Object[] outs, IAsyncResult result)
   at System.ServiceModel.Channels.ServiceChannelProxy.TaskCreator.<>c__DisplayClass1_0.<CreateGenericTask>b__0(IAsyncResult asyncResult)
--- End of stack trace from previous location ---
   at Applet.Nat.Api.Br.Models.DocumentExp.GetCotizacion(String vivstrMoneda, DateTime vivdtm) in C:\Users\Jaco2701\Documents\Visual Studio Projects\Nat\Nat.api\Models\BR\DocumentExp.cs:line 156
No connection could be made because the target machine actively refused it. (wsfe-homo.arca.gob.ar:443)
   at System.Net.Http.HttpConnectionPool.ConnectToTcpHostAsync(String host, Int32 port, HttpRequestMessage initialRequest, Boolean async, CancellationToken cancellationToken)
   at System.Net.Http.HttpConnectionPool.ConnectAsync(HttpRequestMessage request, Boolean async, CancellationToken cancellationToken)
   at System.Net.Http.HttpConnectionPool.CreateHttp11ConnectionAsync(HttpRequestMessage request, Boolean async, CancellationToken cancellationToken)
   at System.Net.Http.HttpConnectionPool.AddHttp11ConnectionAsync(QueueItem queueItem)
   at System.Threading.Tasks.TaskCompletionSourceWithCancellation`1.WaitWithCancellationAsync(CancellationToken cancellationToken)
   at System.Net.Http.HttpConnectionPool.SendWithVersionDetectionAndRetryAsync(HttpRequestMessage request, Boolean async, Boolean doRequestAuth, CancellationToken cancellationToken)
   at System.Net.Http.DiagnosticsHandler.SendAsyncCore(HttpRequestMessage request, Boolean async, CancellationToken cancellationToken)
   at System.Net.Http.RedirectHandler.SendAsync(HttpRequestMessage request, Boolean async, CancellationToken cancellationToken)
   at System.Net.Http.DecompressionHandler.SendAsync(HttpRequestMessage request, Boolean async, CancellationToken cancellationToken)
   at System.Net.Http.HttpClient.<SendAsync>g__Core|83_0(HttpRequestMessage request, HttpCompletionOption completionOption, CancellationTokenSource cts, Boolean disposeCts, CancellationTokenSource pendingRequestsCts, CancellationToken originalCancellationToken)
   at System.ServiceModel.Channels.HttpChannelFactory`1.HttpClientRequestChannel.HttpClientChannelAsyncRequest.SendRequestAsync(Message message, TimeoutHelper timeoutHelper)
No connection could be made because the target machine actively refused it.
   at System.Net.Sockets.Socket.AwaitableSocketAsyncEventArgs.ThrowException(SocketError error, CancellationToken cancellationToken)
   at System.Net.Sockets.Socket.AwaitableSocketAsyncEventArgs.System.Threading.Tasks.Sources.IValueTaskSource.GetResult(Int16 token)
   at System.Net.Sockets.Socket.<ConnectAsync>g__WaitForConnectWithCancellation|285_0(AwaitableSocketAsyncEventArgs saea, ValueTask connectTask, CancellationToken cancellationToken)
   at System.Net.Http.HttpConnectionPool.ConnectToTcpHostAsync(String host, Int32 port, HttpRequestMessage initialRequest, Boolean async, CancellationToken cancellationToken)
13/11/2025 04:47:03==>Cotizacion Invalida
   at Applet.Nat.Api.Br.Models.DocumentExp.GetCotizacion(String vivstrMoneda, DateTime vivdtm) in C:\Users\Jaco2701\Documents\Visual Studio Projects\Nat\Nat.api\Models\BR\DocumentExp.cs:line 175
   at Applet.Nat.Api.Controllers.MiscController.Statics() in C:\Users\Jaco2701\Documents\Visual Studio Projects\Nat\Nat.api\Controllers\MiscController.cs:line 45
13/11/2025 04:47:03==>Valor de Lista FORMAT:dtmwsmtxca no encontrado
   at Applet.Nat.Api.Static.ListHelper.GetValue(String vivcodType, String vivcodId, NatContext vioContext) in C:\Users\Jaco2701\Documents\Visual Studio Projects\Nat\Nat.api\Static\ListHelper.cs:line 26
   at Applet.Nat.Api.Models.Afip.AfipService.get_ivstrDateformat() in C:\Users\Jaco2701\Documents\Visual Studio Projects\Nat\Nat.api\Models\Afip\AfipService.cs:line 74
   at Applet.Nat.BR.DocumentMTXCA.GetCotizacion(String vivstrMoneda, DateTime vivdtm) in C:\Users\Jaco2701\Documents\Visual Studio Projects\Nat\Nat.api\Models\BR\DocumentMtxca.cs:line 540
13/11/2025 04:47:03==>Cotizacion Invalida
   at Applet.Nat.BR.DocumentMTXCA.GetCotizacion(String vivstrMoneda, DateTime vivdtm) in C:\Users\Jaco2701\Documents\Visual Studio Projects\Nat\Nat.api\Models\BR\DocumentMtxca.cs:line 566
   at Applet.Nat.Api.Controllers.MiscController.Statics() in C:\Users\Jaco2701\Documents\Visual Studio Projects\Nat\Nat.api\Controllers\MiscController.cs:line 65
13/11/2025 04:47:05==>No connection could be made because the target machine actively refused it. (wsfe-homo.arca.gob.ar:443)
   at System.Runtime.AsyncResult.End[TAsyncResult](IAsyncResult result)
   at System.ServiceModel.Channels.ServiceChannel.SendAsyncResult.End(SendAsyncResult result)
   at System.ServiceModel.Channels.ServiceChannel.EndCall(String action, Object[] outs, IAsyncResult result)
   at System.ServiceModel.Channels.ServiceChannelProxy.TaskCreator.<>c__DisplayClass1_0.<CreateGenericTask>b__0(IAsyncResult asyncResult)
--- End of stack trace from previous location ---
   at Applet.Nat.Api.Br.Models.DocumentExp.GetCotizacion(String vivstrMoneda, DateTime vivdtm) in C:\Users\Jaco2701\Documents\Visual Studio Projects\Nat\Nat.api\Models\BR\DocumentExp.cs:line 156
No connection could be made because the target machine actively refused it. (wsfe-homo.arca.gob.ar:443)
   at System.Net.Http.HttpConnectionPool.ConnectToTcpHostAsync(String host, Int32 port, HttpRequestMessage initialRequest, Boolean async, CancellationToken cancellationToken)
   at System.Net.Http.HttpConnectionPool.ConnectAsync(HttpRequestMessage request, Boolean async, CancellationToken cancellationToken)
   at System.Net.Http.HttpConnectionPool.CreateHttp11ConnectionAsync(HttpRequestMessage request, Boolean async, CancellationToken cancellationToken)
   at System.Net.Http.HttpConnectionPool.AddHttp11ConnectionAsync(QueueItem queueItem)
   at System.Threading.Tasks.TaskCompletionSourceWithCancellation`1.WaitWithCancellationAsync(CancellationToken cancellationToken)
   at System.Net.Http.HttpConnectionPool.SendWithVersionDetectionAndRetryAsync(HttpRequestMessage request, Boolean async, Boolean doRequestAuth, CancellationToken cancellationToken)
   at System.Net.Http.DiagnosticsHandler.SendAsyncCore(HttpRequestMessage request, Boolean async, CancellationToken cancellationToken)
   at System.Net.Http.RedirectHandler.SendAsync(HttpRequestMessage request, Boolean async, CancellationToken cancellationToken)
   at System.Net.Http.DecompressionHandler.SendAsync(HttpRequestMessage request, Boolean async, CancellationToken cancellationToken)
   at System.Net.Http.HttpClient.<SendAsync>g__Core|83_0(HttpRequestMessage request, HttpCompletionOption completionOption, CancellationTokenSource cts, Boolean disposeCts, CancellationTokenSource pendingRequestsCts, CancellationToken originalCancellationToken)
   at System.ServiceModel.Channels.HttpChannelFactory`1.HttpClientRequestChannel.HttpClientChannelAsyncRequest.SendRequestAsync(Message message, TimeoutHelper timeoutHelper)
No connection could be made because the target machine actively refused it.
   at System.Net.Sockets.Socket.AwaitableSocketAsyncEventArgs.ThrowException(SocketError error, CancellationToken cancellationToken)
   at System.Net.Sockets.Socket.AwaitableSocketAsyncEventArgs.System.Threading.Tasks.Sources.IValueTaskSource.GetResult(Int16 token)
   at System.Net.Sockets.Socket.<ConnectAsync>g__WaitForConnectWithCancellation|285_0(AwaitableSocketAsyncEventArgs saea, ValueTask connectTask, CancellationToken cancellationToken)
   at System.Net.Http.HttpConnectionPool.ConnectToTcpHostAsync(String host, Int32 port, HttpRequestMessage initialRequest, Boolean async, CancellationToken cancellationToken)
13/11/2025 04:47:05==>Cotizacion Invalida
   at Applet.Nat.Api.Br.Models.DocumentExp.GetCotizacion(String vivstrMoneda, DateTime vivdtm) in C:\Users\Jaco2701\Documents\Visual Studio Projects\Nat\Nat.api\Models\BR\DocumentExp.cs:line 175
   at Applet.Nat.Api.Controllers.MiscController.Statics() in C:\Users\Jaco2701\Documents\Visual Studio Projects\Nat\Nat.api\Controllers\MiscController.cs:line 45
13/11/2025 04:47:05==>Valor de Lista FORMAT:dtmwsmtxca no encontrado
   at Applet.Nat.Api.Static.ListHelper.GetValue(String vivcodType, String vivcodId, NatContext vioContext) in C:\Users\Jaco2701\Documents\Visual Studio Projects\Nat\Nat.api\Static\ListHelper.cs:line 26
   at Applet.Nat.Api.Models.Afip.AfipService.get_ivstrDateformat() in C:\Users\Jaco2701\Documents\Visual Studio Projects\Nat\Nat.api\Models\Afip\AfipService.cs:line 74
   at Applet.Nat.BR.DocumentMTXCA.GetCotizacion(String vivstrMoneda, DateTime vivdtm) in C:\Users\Jaco2701\Documents\Visual Studio Projects\Nat\Nat.api\Models\BR\DocumentMtxca.cs:line 540
13/11/2025 04:47:05==>Cotizacion Invalida
   at Applet.Nat.BR.DocumentMTXCA.GetCotizacion(String vivstrMoneda, DateTime vivdtm) in C:\Users\Jaco2701\Documents\Visual Studio Projects\Nat\Nat.api\Models\BR\DocumentMtxca.cs:line 566
   at Applet.Nat.Api.Controllers.MiscController.Statics() in C:\Users\Jaco2701\Documents\Visual Studio Projects\Nat\Nat.api\Controllers\MiscController.cs:line 65
13/11/2025 04:47:32==>No connection could be made because the target machine actively refused it. (wsfe-homo.arca.gob.ar:443)
   at System.Runtime.AsyncResult.End[TAsyncResult](IAsyncResult result)
   at System.ServiceModel.Channels.ServiceChannel.SendAsyncResult.End(SendAsyncResult result)
   at System.ServiceModel.Channels.ServiceChannel.EndCall(String action, Object[] outs, IAsyncResult result)
   at System.ServiceModel.Channels.ServiceChannelProxy.TaskCreator.<>c__DisplayClass1_0.<CreateGenericTask>b__0(IAsyncResult asyncResult)
--- End of stack trace from previous location ---
   at Applet.Nat.Api.Br.Models.DocumentExp.GetCotizacion(String vivstrMoneda, DateTime vivdtm) in C:\Users\Jaco2701\Documents\Visual Studio Projects\Nat\Nat.api\Models\BR\DocumentExp.cs:line 156
No connection could be made because the target machine actively refused it. (wsfe-homo.arca.gob.ar:443)
   at System.Net.Http.HttpConnectionPool.ConnectToTcpHostAsync(String host, Int32 port, HttpRequestMessage initialRequest, Boolean async, CancellationToken cancellationToken)
   at System.Net.Http.HttpConnectionPool.ConnectAsync(HttpRequestMessage request, Boolean async, CancellationToken cancellationToken)
   at System.Net.Http.HttpConnectionPool.CreateHttp11ConnectionAsync(HttpRequestMessage request, Boolean async, CancellationToken cancellationToken)
   at System.Net.Http.HttpConnectionPool.AddHttp11ConnectionAsync(QueueItem queueItem)
   at System.Threading.Tasks.TaskCompletionSourceWithCancellation`1.WaitWithCancellationAsync(CancellationToken cancellationToken)
   at System.Net.Http.HttpConnectionPool.SendWithVersionDetectionAndRetryAsync(HttpRequestMessage request, Boolean async, Boolean doRequestAuth, CancellationToken cancellationToken)
   at System.Net.Http.DiagnosticsHandler.SendAsyncCore(HttpRequestMessage request, Boolean async, CancellationToken cancellationToken)
   at System.Net.Http.RedirectHandler.SendAsync(HttpRequestMessage request, Boolean async, CancellationToken cancellationToken)
   at System.Net.Http.DecompressionHandler.SendAsync(HttpRequestMessage request, Boolean async, CancellationToken cancellationToken)
   at System.Net.Http.HttpClient.<SendAsync>g__Core|83_0(HttpRequestMessage request, HttpCompletionOption completionOption, CancellationTokenSource cts, Boolean disposeCts, CancellationTokenSource pendingRequestsCts, CancellationToken originalCancellationToken)
   at System.ServiceModel.Channels.HttpChannelFactory`1.HttpClientRequestChannel.HttpClientChannelAsyncRequest.SendRequestAsync(Message message, TimeoutHelper timeoutHelper)
No connection could be made because the target machine actively refused it.
   at System.Net.Sockets.Socket.AwaitableSocketAsyncEventArgs.ThrowException(SocketError error, CancellationToken cancellationToken)
   at System.Net.Sockets.Socket.AwaitableSocketAsyncEventArgs.System.Threading.Tasks.Sources.IValueTaskSource.GetResult(Int16 token)
   at System.Net.Sockets.Socket.<ConnectAsync>g__WaitForConnectWithCancellation|285_0(AwaitableSocketAsyncEventArgs saea, ValueTask connectTask, CancellationToken cancellationToken)
   at System.Net.Http.HttpConnectionPool.ConnectToTcpHostAsync(String host, Int32 port, HttpRequestMessage initialRequest, Boolean async, CancellationToken cancellationToken)
13/11/2025 04:47:32==>Cotizacion Invalida
   at Applet.Nat.Api.Br.Models.DocumentExp.GetCotizacion(String vivstrMoneda, DateTime vivdtm) in C:\Users\Jaco2701\Documents\Visual Studio Projects\Nat\Nat.api\Models\BR\DocumentExp.cs:line 175
   at Applet.Nat.Api.Controllers.MiscController.Statics() in C:\Users\Jaco2701\Documents\Visual Studio Projects\Nat\Nat.api\Controllers\MiscController.cs:line 45
13/11/2025 04:47:33==>Valor de Lista FORMAT:dtmwsmtxca no encontrado
   at Applet.Nat.Api.Static.ListHelper.GetValue(String vivcodType, String vivcodId, NatContext vioContext) in C:\Users\Jaco2701\Documents\Visual Studio Projects\Nat\Nat.api\Static\ListHelper.cs:line 26
   at Applet.Nat.Api.Models.Afip.AfipService.get_ivstrDateformat() in C:\Users\Jaco2701\Documents\Visual Studio Projects\Nat\Nat.api\Models\Afip\AfipService.cs:line 74
   at Applet.Nat.BR.DocumentMTXCA.GetCotizacion(String vivstrMoneda, DateTime vivdtm) in C:\Users\Jaco2701\Documents\Visual Studio Projects\Nat\Nat.api\Models\BR\DocumentMtxca.cs:line 540
13/11/2025 04:47:33==>Cotizacion Invalida
   at Applet.Nat.BR.DocumentMTXCA.GetCotizacion(String vivstrMoneda, DateTime vivdtm) in C:\Users\Jaco2701\Documents\Visual Studio Projects\Nat\Nat.api\Models\BR\DocumentMtxca.cs:line 566
   at Applet.Nat.Api.Controllers.MiscController.Statics() in C:\Users\Jaco2701\Documents\Visual Studio Projects\Nat\Nat.api\Controllers\MiscController.cs:line 65
13/11/2025 04:47:35==>No connection could be made because the target machine actively refused it. (wsfe-homo.arca.gob.ar:443)
   at System.Runtime.AsyncResult.End[TAsyncResult](IAsyncResult result)
   at System.ServiceModel.Channels.ServiceChannel.SendAsyncResult.End(SendAsyncResult result)
   at System.ServiceModel.Channels.ServiceChannel.EndCall(String action, Object[] outs, IAsyncResult result)
   at System.ServiceModel.Channels.ServiceChannelProxy.TaskCreator.<>c__DisplayClass1_0.<CreateGenericTask>b__0(IAsyncResult asyncResult)
--- End of stack trace from previous location ---
   at Applet.Nat.Api.Br.Models.DocumentExp.GetCotizacion(String vivstrMoneda, DateTime vivdtm) in C:\Users\Jaco2701\Documents\Visual Studio Projects\Nat\Nat.api\Models\BR\DocumentExp.cs:line 156
No connection could be made because the target machine actively refused it. (wsfe-homo.arca.gob.ar:443)
   at System.Net.Http.HttpConnectionPool.ConnectToTcpHostAsync(String host, Int32 port, HttpRequestMessage initialRequest, Boolean async, CancellationToken cancellationToken)
   at System.Net.Http.HttpConnectionPool.ConnectAsync(HttpRequestMessage request, Boolean async, CancellationToken cancellationToken)
   at System.Net.Http.HttpConnectionPool.CreateHttp11ConnectionAsync(HttpRequestMessage request, Boolean async, CancellationToken cancellationToken)
   at System.Net.Http.HttpConnectionPool.AddHttp11ConnectionAsync(QueueItem queueItem)
   at System.Threading.Tasks.TaskCompletionSourceWithCancellation`1.WaitWithCancellationAsync(CancellationToken cancellationToken)
   at System.Net.Http.HttpConnectionPool.SendWithVersionDetectionAndRetryAsync(HttpRequestMessage request, Boolean async, Boolean doRequestAuth, CancellationToken cancellationToken)
   at System.Net.Http.DiagnosticsHandler.SendAsyncCore(HttpRequestMessage request, Boolean async, CancellationToken cancellationToken)
   at System.Net.Http.RedirectHandler.SendAsync(HttpRequestMessage request, Boolean async, CancellationToken cancellationToken)
   at System.Net.Http.DecompressionHandler.SendAsync(HttpRequestMessage request, Boolean async, CancellationToken cancellationToken)
   at System.Net.Http.HttpClient.<SendAsync>g__Core|83_0(HttpRequestMessage request, HttpCompletionOption completionOption, CancellationTokenSource cts, Boolean disposeCts, CancellationTokenSource pendingRequestsCts, CancellationToken originalCancellationToken)
   at System.ServiceModel.Channels.HttpChannelFactory`1.HttpClientRequestChannel.HttpClientChannelAsyncRequest.SendRequestAsync(Message message, TimeoutHelper timeoutHelper)
No connection could be made because the target machine actively refused it.
   at System.Net.Sockets.Socket.AwaitableSocketAsyncEventArgs.ThrowException(SocketError error, CancellationToken cancellationToken)
   at System.Net.Sockets.Socket.AwaitableSocketAsyncEventArgs.System.Threading.Tasks.Sources.IValueTaskSource.GetResult(Int16 token)
   at System.Net.Sockets.Socket.<ConnectAsync>g__WaitForConnectWithCancellation|285_0(AwaitableSocketAsyncEventArgs saea, ValueTask connectTask, CancellationToken cancellationToken)
   at System.Net.Http.HttpConnectionPool.ConnectToTcpHostAsync(String host, Int32 port, HttpRequestMessage initialRequest, Boolean async, CancellationToken cancellationToken)
13/11/2025 04:47:35==>Cotizacion Invalida
   at Applet.Nat.Api.Br.Models.DocumentExp.GetCotizacion(String vivstrMoneda, DateTime vivdtm) in C:\Users\Jaco2701\Documents\Visual Studio Projects\Nat\Nat.api\Models\BR\DocumentExp.cs:line 175
   at Applet.Nat.Api.Controllers.MiscController.Statics() in C:\Users\Jaco2701\Documents\Visual Studio Projects\Nat\Nat.api\Controllers\MiscController.cs:line 45
13/11/2025 04:47:35==>Valor de Lista FORMAT:dtmwsmtxca no encontrado
   at Applet.Nat.Api.Static.ListHelper.GetValue(String vivcodType, String vivcodId, NatContext vioContext) in C:\Users\Jaco2701\Documents\Visual Studio Projects\Nat\Nat.api\Static\ListHelper.cs:line 26
   at Applet.Nat.Api.Models.Afip.AfipService.get_ivstrDateformat() in C:\Users\Jaco2701\Documents\Visual Studio Projects\Nat\Nat.api\Models\Afip\AfipService.cs:line 74
   at Applet.Nat.BR.DocumentMTXCA.GetCotizacion(String vivstrMoneda, DateTime vivdtm) in C:\Users\Jaco2701\Documents\Visual Studio Projects\Nat\Nat.api\Models\BR\DocumentMtxca.cs:line 540
13/11/2025 04:47:35==>Cotizacion Invalida
   at Applet.Nat.BR.DocumentMTXCA.GetCotizacion(String vivstrMoneda, DateTime vivdtm) in C:\Users\Jaco2701\Documents\Visual Studio Projects\Nat\Nat.api\Models\BR\DocumentMtxca.cs:line 566
   at Applet.Nat.Api.Controllers.MiscController.Statics() in C:\Users\Jaco2701\Documents\Visual Studio Projects\Nat\Nat.api\Controllers\MiscController.cs:line 65
13/11/2025 04:47:37==>No connection could be made because the target machine actively refused it. (wsfe-homo.arca.gob.ar:443)
   at System.Runtime.AsyncResult.End[TAsyncResult](IAsyncResult result)
   at System.ServiceModel.Channels.ServiceChannel.SendAsyncResult.End(SendAsyncResult result)
   at System.ServiceModel.Channels.ServiceChannel.EndCall(String action, Object[] outs, IAsyncResult result)
   at System.ServiceModel.Channels.ServiceChannelProxy.TaskCreator.<>c__DisplayClass1_0.<CreateGenericTask>b__0(IAsyncResult asyncResult)
--- End of stack trace from previous location ---
   at Applet.Nat.Api.Br.Models.DocumentExp.GetCotizacion(String vivstrMoneda, DateTime vivdtm) in C:\Users\Jaco2701\Documents\Visual Studio Projects\Nat\Nat.api\Models\BR\DocumentExp.cs:line 156
No connection could be made because the target machine actively refused it. (wsfe-homo.arca.gob.ar:443)
   at System.Net.Http.HttpConnectionPool.ConnectToTcpHostAsync(String host, Int32 port, HttpRequestMessage initialRequest, Boolean async, CancellationToken cancellationToken)
   at System.Net.Http.HttpConnectionPool.ConnectAsync(HttpRequestMessage request, Boolean async, CancellationToken cancellationToken)
   at System.Net.Http.HttpConnectionPool.CreateHttp11ConnectionAsync(HttpRequestMessage request, Boolean async, CancellationToken cancellationToken)
   at System.Net.Http.HttpConnectionPool.AddHttp11ConnectionAsync(QueueItem queueItem)
   at System.Threading.Tasks.TaskCompletionSourceWithCancellation`1.WaitWithCancellationAsync(CancellationToken cancellationToken)
   at System.Net.Http.HttpConnectionPool.SendWithVersionDetectionAndRetryAsync(HttpRequestMessage request, Boolean async, Boolean doRequestAuth, CancellationToken cancellationToken)
   at System.Net.Http.DiagnosticsHandler.SendAsyncCore(HttpRequestMessage request, Boolean async, CancellationToken cancellationToken)
   at System.Net.Http.RedirectHandler.SendAsync(HttpRequestMessage request, Boolean async, CancellationToken cancellationToken)
   at System.Net.Http.DecompressionHandler.SendAsync(HttpRequestMessage request, Boolean async, CancellationToken cancellationToken)
   at System.Net.Http.HttpClient.<SendAsync>g__Core|83_0(HttpRequestMessage request, HttpCompletionOption completionOption, CancellationTokenSource cts, Boolean disposeCts, CancellationTokenSource pendingRequestsCts, CancellationToken originalCancellationToken)
   at System.ServiceModel.Channels.HttpChannelFactory`1.HttpClientRequestChannel.HttpClientChannelAsyncRequest.SendRequestAsync(Message message, TimeoutHelper timeoutHelper)
No connection could be made because the target machine actively refused it.
   at System.Net.Sockets.Socket.AwaitableSocketAsyncEventArgs.ThrowException(SocketError error, CancellationToken cancellationToken)
   at System.Net.Sockets.Socket.AwaitableSocketAsyncEventArgs.System.Threading.Tasks.Sources.IValueTaskSource.GetResult(Int16 token)
   at System.Net.Sockets.Socket.<ConnectAsync>g__WaitForConnectWithCancellation|285_0(AwaitableSocketAsyncEventArgs saea, ValueTask connectTask, CancellationToken cancellationToken)
   at System.Net.Http.HttpConnectionPool.ConnectToTcpHostAsync(String host, Int32 port, HttpRequestMessage initialRequest, Boolean async, CancellationToken cancellationToken)
13/11/2025 04:47:37==>Cotizacion Invalida
   at Applet.Nat.Api.Br.Models.DocumentExp.GetCotizacion(String vivstrMoneda, DateTime vivdtm) in C:\Users\Jaco2701\Documents\Visual Studio Projects\Nat\Nat.api\Models\BR\DocumentExp.cs:line 175
   at Applet.Nat.Api.Controllers.MiscController.Statics() in C:\Users\Jaco2701\Documents\Visual Studio Projects\Nat\Nat.api\Controllers\MiscController.cs:line 45
13/11/2025 04:47:37==>Valor de Lista FORMAT:dtmwsmtxca no encontrado
   at Applet.Nat.Api.Static.ListHelper.GetValue(String vivcodType, String vivcodId, NatContext vioContext) in C:\Users\Jaco2701\Documents\Visual Studio Projects\Nat\Nat.api\Static\ListHelper.cs:line 26
   at Applet.Nat.Api.Models.Afip.AfipService.get_ivstrDateformat() in C:\Users\Jaco2701\Documents\Visual Studio Projects\Nat\Nat.api\Models\Afip\AfipService.cs:line 74
   at Applet.Nat.BR.DocumentMTXCA.GetCotizacion(String vivstrMoneda, DateTime vivdtm) in C:\Users\Jaco2701\Documents\Visual Studio Projects\Nat\Nat.api\Models\BR\DocumentMtxca.cs:line 540
13/11/2025 04:47:37==>Cotizacion Invalida
   at Applet.Nat.BR.DocumentMTXCA.GetCotizacion(String vivstrMoneda, DateTime vivdtm) in C:\Users\Jaco2701\Documents\Visual Studio Projects\Nat\Nat.api\Models\BR\DocumentMtxca.cs:line 566
   at Applet.Nat.Api.Controllers.MiscController.Statics() in C:\Users\Jaco2701\Documents\Visual Studio Projects\Nat\Nat.api\Controllers\MiscController.cs:line 65
13/11/2025 04:47:40==>No connection could be made because the target machine actively refused it. (wsfe-homo.arca.gob.ar:443)
   at System.Runtime.AsyncResult.End[TAsyncResult](IAsyncResult result)
   at System.ServiceModel.Channels.ServiceChannel.SendAsyncResult.End(SendAsyncResult result)
   at System.ServiceModel.Channels.ServiceChannel.EndCall(String action, Object[] outs, IAsyncResult result)
   at System.ServiceModel.Channels.ServiceChannelProxy.TaskCreator.<>c__DisplayClass1_0.<CreateGenericTask>b__0(IAsyncResult asyncResult)
--- End of stack trace from previous location ---
   at Applet.Nat.Api.Br.Models.DocumentExp.GetCotizacion(String vivstrMoneda, DateTime vivdtm) in C:\Users\Jaco2701\Documents\Visual Studio Projects\Nat\Nat.api\Models\BR\DocumentExp.cs:line 156
No connection could be made because the target machine actively refused it. (wsfe-homo.arca.gob.ar:443)
   at System.Net.Http.HttpConnectionPool.ConnectToTcpHostAsync(String host, Int32 port, HttpRequestMessage initialRequest, Boolean async, CancellationToken cancellationToken)
   at System.Net.Http.HttpConnectionPool.ConnectAsync(HttpRequestMessage request, Boolean async, CancellationToken cancellationToken)
   at System.Net.Http.HttpConnectionPool.CreateHttp11ConnectionAsync(HttpRequestMessage request, Boolean async, CancellationToken cancellationToken)
   at System.Net.Http.HttpConnectionPool.AddHttp11ConnectionAsync(QueueItem queueItem)
   at System.Threading.Tasks.TaskCompletionSourceWithCancellation`1.WaitWithCancellationAsync(CancellationToken cancellationToken)
   at System.Net.Http.HttpConnectionPool.SendWithVersionDetectionAndRetryAsync(HttpRequestMessage request, Boolean async, Boolean doRequestAuth, CancellationToken cancellationToken)
   at System.Net.Http.DiagnosticsHandler.SendAsyncCore(HttpRequestMessage request, Boolean async, CancellationToken cancellationToken)
   at System.Net.Http.RedirectHandler.SendAsync(HttpRequestMessage request, Boolean async, CancellationToken cancellationToken)
   at System.Net.Http.DecompressionHandler.SendAsync(HttpRequestMessage request, Boolean async, CancellationToken cancellationToken)
   at System.Net.Http.HttpClient.<SendAsync>g__Core|83_0(HttpRequestMessage request, HttpCompletionOption completionOption, CancellationTokenSource cts, Boolean disposeCts, CancellationTokenSource pendingRequestsCts, CancellationToken originalCancellationToken)
   at System.ServiceModel.Channels.HttpChannelFactory`1.HttpClientRequestChannel.HttpClientChannelAsyncRequest.SendRequestAsync(Message message, TimeoutHelper timeoutHelper)
No connection could be made because the target machine actively refused it.
   at System.Net.Sockets.Socket.AwaitableSocketAsyncEventArgs.ThrowException(SocketError error, CancellationToken cancellationToken)
   at System.Net.Sockets.Socket.AwaitableSocketAsyncEventArgs.System.Threading.Tasks.Sources.IValueTaskSource.GetResult(Int16 token)
   at System.Net.Sockets.Socket.<ConnectAsync>g__WaitForConnectWithCancellation|285_0(AwaitableSocketAsyncEventArgs saea, ValueTask connectTask, CancellationToken cancellationToken)
   at System.Net.Http.HttpConnectionPool.ConnectToTcpHostAsync(String host, Int32 port, HttpRequestMessage initialRequest, Boolean async, CancellationToken cancellationToken)
13/11/2025 04:47:40==>Cotizacion Invalida
   at Applet.Nat.Api.Br.Models.DocumentExp.GetCotizacion(String vivstrMoneda, DateTime vivdtm) in C:\Users\Jaco2701\Documents\Visual Studio Projects\Nat\Nat.api\Models\BR\DocumentExp.cs:line 175
   at Applet.Nat.Api.Controllers.MiscController.Statics() in C:\Users\Jaco2701\Documents\Visual Studio Projects\Nat\Nat.api\Controllers\MiscController.cs:line 45
13/11/2025 04:47:40==>Valor de Lista FORMAT:dtmwsmtxca no encontrado
   at Applet.Nat.Api.Static.ListHelper.GetValue(String vivcodType, String vivcodId, NatContext vioContext) in C:\Users\Jaco2701\Documents\Visual Studio Projects\Nat\Nat.api\Static\ListHelper.cs:line 26
   at Applet.Nat.Api.Models.Afip.AfipService.get_ivstrDateformat() in C:\Users\Jaco2701\Documents\Visual Studio Projects\Nat\Nat.api\Models\Afip\AfipService.cs:line 74
   at Applet.Nat.BR.DocumentMTXCA.GetCotizacion(String vivstrMoneda, DateTime vivdtm) in C:\Users\Jaco2701\Documents\Visual Studio Projects\Nat\Nat.api\Models\BR\DocumentMtxca.cs:line 540
13/11/2025 04:47:40==>Cotizacion Invalida
   at Applet.Nat.BR.DocumentMTXCA.GetCotizacion(String vivstrMoneda, DateTime vivdtm) in C:\Users\Jaco2701\Documents\Visual Studio Projects\Nat\Nat.api\Models\BR\DocumentMtxca.cs:line 566
   at Applet.Nat.Api.Controllers.MiscController.Statics() in C:\Users\Jaco2701\Documents\Visual Studio Projects\Nat\Nat.api\Controllers\MiscController.cs:line 65
13/11/2025 04:47:42==>No connection could be made because the target machine actively refused it. (wsfe-homo.arca.gob.ar:443)
   at System.Runtime.AsyncResult.End[TAsyncResult](IAsyncResult result)
   at System.ServiceModel.Channels.ServiceChannel.SendAsyncResult.End(SendAsyncResult result)
   at System.ServiceModel.Channels.ServiceChannel.EndCall(String action, Object[] outs, IAsyncResult result)
   at System.ServiceModel.Channels.ServiceChannelProxy.TaskCreator.<>c__DisplayClass1_0.<CreateGenericTask>b__0(IAsyncResult asyncResult)
--- End of stack trace from previous location ---
   at Applet.Nat.Api.Br.Models.DocumentExp.GetCotizacion(String vivstrMoneda, DateTime vivdtm) in C:\Users\Jaco2701\Documents\Visual Studio Projects\Nat\Nat.api\Models\BR\DocumentExp.cs:line 156
No connection could be made because the target machine actively refused it. (wsfe-homo.arca.gob.ar:443)
   at System.Net.Http.HttpConnectionPool.ConnectToTcpHostAsync(String host, Int32 port, HttpRequestMessage initialRequest, Boolean async, CancellationToken cancellationToken)
   at System.Net.Http.HttpConnectionPool.ConnectAsync(HttpRequestMessage request, Boolean async, CancellationToken cancellationToken)
   at System.Net.Http.HttpConnectionPool.CreateHttp11ConnectionAsync(HttpRequestMessage request, Boolean async, CancellationToken cancellationToken)
   at System.Net.Http.HttpConnectionPool.AddHttp11ConnectionAsync(QueueItem queueItem)
   at System.Threading.Tasks.TaskCompletionSourceWithCancellation`1.WaitWithCancellationAsync(CancellationToken cancellationToken)
   at System.Net.Http.HttpConnectionPool.SendWithVersionDetectionAndRetryAsync(HttpRequestMessage request, Boolean async, Boolean doRequestAuth, CancellationToken cancellationToken)
   at System.Net.Http.DiagnosticsHandler.SendAsyncCore(HttpRequestMessage request, Boolean async, CancellationToken cancellationToken)
   at System.Net.Http.RedirectHandler.SendAsync(HttpRequestMessage request, Boolean async, CancellationToken cancellationToken)
   at System.Net.Http.DecompressionHandler.SendAsync(HttpRequestMessage request, Boolean async, CancellationToken cancellationToken)
   at System.Net.Http.HttpClient.<SendAsync>g__Core|83_0(HttpRequestMessage request, HttpCompletionOption completionOption, CancellationTokenSource cts, Boolean disposeCts, CancellationTokenSource pendingRequestsCts, CancellationToken originalCancellationToken)
   at System.ServiceModel.Channels.HttpChannelFactory`1.HttpClientRequestChannel.HttpClientChannelAsyncRequest.SendRequestAsync(Message message, TimeoutHelper timeoutHelper)
No connection could be made because the target machine actively refused it.
   at System.Net.Sockets.Socket.AwaitableSocketAsyncEventArgs.ThrowException(SocketError error, CancellationToken cancellationToken)
   at System.Net.Sockets.Socket.AwaitableSocketAsyncEventArgs.System.Threading.Tasks.Sources.IValueTaskSource.GetResult(Int16 token)
   at System.Net.Sockets.Socket.<ConnectAsync>g__WaitForConnectWithCancellation|285_0(AwaitableSocketAsyncEventArgs saea, ValueTask connectTask, CancellationToken cancellationToken)
   at System.Net.Http.HttpConnectionPool.ConnectToTcpHostAsync(String host, Int32 port, HttpRequestMessage initialRequest, Boolean async, CancellationToken cancellationToken)
13/11/2025 04:47:42==>Cotizacion Invalida
   at Applet.Nat.Api.Br.Models.DocumentExp.GetCotizacion(String vivstrMoneda, DateTime vivdtm) in C:\Users\Jaco2701\Documents\Visual Studio Projects\Nat\Nat.api\Models\BR\DocumentExp.cs:line 175
   at Applet.Nat.Api.Controllers.MiscController.Statics() in C:\Users\Jaco2701\Documents\Visual Studio Projects\Nat\Nat.api\Controllers\MiscController.cs:line 45
13/11/2025 04:47:42==>Valor de Lista FORMAT:dtmwsmtxca no encontrado
   at Applet.Nat.Api.Static.ListHelper.GetValue(String vivcodType, String vivcodId, NatContext vioContext) in C:\Users\Jaco2701\Documents\Visual Studio Projects\Nat\Nat.api\Static\ListHelper.cs:line 26
   at Applet.Nat.Api.Models.Afip.AfipService.get_ivstrDateformat() in C:\Users\Jaco2701\Documents\Visual Studio Projects\Nat\Nat.api\Models\Afip\AfipService.cs:line 74
   at Applet.Nat.BR.DocumentMTXCA.GetCotizacion(String vivstrMoneda, DateTime vivdtm) in C:\Users\Jaco2701\Documents\Visual Studio Projects\Nat\Nat.api\Models\BR\DocumentMtxca.cs:line 540
13/11/2025 04:47:42==>Cotizacion Invalida
   at Applet.Nat.BR.DocumentMTXCA.GetCotizacion(String vivstrMoneda, DateTime vivdtm) in C:\Users\Jaco2701\Documents\Visual Studio Projects\Nat\Nat.api\Models\BR\DocumentMtxca.cs:line 566
   at Applet.Nat.Api.Controllers.MiscController.Statics() in C:\Users\Jaco2701\Documents\Visual Studio Projects\Nat\Nat.api\Controllers\MiscController.cs:line 65
13/11/2025 04:49:48==>No connection could be made because the target machine actively refused it. (wsfe-homo.arca.gob.ar:443)
   at System.Runtime.AsyncResult.End[TAsyncResult](IAsyncResult result)
   at System.ServiceModel.Channels.ServiceChannel.SendAsyncResult.End(SendAsyncResult result)
   at System.ServiceModel.Channels.ServiceChannel.EndCall(String action, Object[] outs, IAsyncResult result)
   at System.ServiceModel.Channels.ServiceChannelProxy.TaskCreator.<>c__DisplayClass1_0.<CreateGenericTask>b__0(IAsyncResult asyncResult)
--- End of stack trace from previous location ---
   at Applet.Nat.Api.Br.Models.DocumentExp.GetCotizacion(String vivstrMoneda, DateTime vivdtm) in C:\Users\Jaco2701\Documents\Visual Studio Projects\Nat\Nat.api\Models\BR\DocumentExp.cs:line 156
No connection could be made because the target machine actively refused it. (wsfe-homo.arca.gob.ar:443)
   at System.Net.Http.HttpConnectionPool.ConnectToTcpHostAsync(String host, Int32 port, HttpRequestMessage initialRequest, Boolean async, CancellationToken cancellationToken)
   at System.Net.Http.HttpConnectionPool.ConnectAsync(HttpRequestMessage request, Boolean async, CancellationToken cancellationToken)
   at System.Net.Http.HttpConnectionPool.CreateHttp11ConnectionAsync(HttpRequestMessage request, Boolean async, CancellationToken cancellationToken)
   at System.Net.Http.HttpConnectionPool.AddHttp11ConnectionAsync(QueueItem queueItem)
   at System.Threading.Tasks.TaskCompletionSourceWithCancellation`1.WaitWithCancellationAsync(CancellationToken cancellationToken)
   at System.Net.Http.HttpConnectionPool.SendWithVersionDetectionAndRetryAsync(HttpRequestMessage request, Boolean async, Boolean doRequestAuth, CancellationToken cancellationToken)
   at System.Net.Http.DiagnosticsHandler.SendAsyncCore(HttpRequestMessage request, Boolean async, CancellationToken cancellationToken)
   at System.Net.Http.RedirectHandler.SendAsync(HttpRequestMessage request, Boolean async, CancellationToken cancellationToken)
   at System.Net.Http.DecompressionHandler.SendAsync(HttpRequestMessage request, Boolean async, CancellationToken cancellationToken)
   at System.Net.Http.HttpClient.<SendAsync>g__Core|83_0(HttpRequestMessage request, HttpCompletionOption completionOption, CancellationTokenSource cts, Boolean disposeCts, CancellationTokenSource pendingRequestsCts, CancellationToken originalCancellationToken)
   at System.ServiceModel.Channels.HttpChannelFactory`1.HttpClientRequestChannel.HttpClientChannelAsyncRequest.SendRequestAsync(Message message, TimeoutHelper timeoutHelper)
No connection could be made because the target machine actively refused it.
   at System.Net.Sockets.Socket.AwaitableSocketAsyncEventArgs.ThrowException(SocketError error, CancellationToken cancellationToken)
   at System.Net.Sockets.Socket.AwaitableSocketAsyncEventArgs.System.Threading.Tasks.Sources.IValueTaskSource.GetResult(Int16 token)
   at System.Net.Sockets.Socket.<ConnectAsync>g__WaitForConnectWithCancellation|285_0(AwaitableSocketAsyncEventArgs saea, ValueTask connectTask, CancellationToken cancellationToken)
   at System.Net.Http.HttpConnectionPool.ConnectToTcpHostAsync(String host, Int32 port, HttpRequestMessage initialRequest, Boolean async, CancellationToken cancellationToken)
13/11/2025 04:49:48==>Cotizacion Invalida
   at Applet.Nat.Api.Br.Models.DocumentExp.GetCotizacion(String vivstrMoneda, DateTime vivdtm) in C:\Users\Jaco2701\Documents\Visual Studio Projects\Nat\Nat.api\Models\BR\DocumentExp.cs:line 175
   at Applet.Nat.Api.Controllers.MiscController.Statics() in C:\Users\Jaco2701\Documents\Visual Studio Projects\Nat\Nat.api\Controllers\MiscController.cs:line 45
13/11/2025 04:49:48==>Valor de Lista FORMAT:dtmwsmtxca no encontrado
   at Applet.Nat.Api.Static.ListHelper.GetValue(String vivcodType, String vivcodId, NatContext vioContext) in C:\Users\Jaco2701\Documents\Visual Studio Projects\Nat\Nat.api\Static\ListHelper.cs:line 26
   at Applet.Nat.Api.Models.Afip.AfipService.get_ivstrDateformat() in C:\Users\Jaco2701\Documents\Visual Studio Projects\Nat\Nat.api\Models\Afip\AfipService.cs:line 74
   at Applet.Nat.BR.DocumentMTXCA.GetCotizacion(String vivstrMoneda, DateTime vivdtm) in C:\Users\Jaco2701\Documents\Visual Studio Projects\Nat\Nat.api\Models\BR\DocumentMtxca.cs:line 540
13/11/2025 04:49:48==>Cotizacion Invalida
   at Applet.Nat.BR.DocumentMTXCA.GetCotizacion(String vivstrMoneda, DateTime vivdtm) in C:\Users\Jaco2701\Documents\Visual Studio Projects\Nat\Nat.api\Models\BR\DocumentMtxca.cs:line 566
   at Applet.Nat.Api.Controllers.MiscController.Statics() in C:\Users\Jaco2701\Documents\Visual Studio Projects\Nat\Nat.api\Controllers\MiscController.cs:line 65
13/11/2025 04:49:50==>No connection could be made because the target machine actively refused it. (wsfe-homo.arca.gob.ar:443)
   at System.Runtime.AsyncResult.End[TAsyncResult](IAsyncResult result)
   at System.ServiceModel.Channels.ServiceChannel.SendAsyncResult.End(SendAsyncResult result)
   at System.ServiceModel.Channels.ServiceChannel.EndCall(String action, Object[] outs, IAsyncResult result)
   at System.ServiceModel.Channels.ServiceChannelProxy.TaskCreator.<>c__DisplayClass1_0.<CreateGenericTask>b__0(IAsyncResult asyncResult)
--- End of stack trace from previous location ---
   at Applet.Nat.Api.Br.Models.DocumentExp.GetCotizacion(String vivstrMoneda, DateTime vivdtm) in C:\Users\Jaco2701\Documents\Visual Studio Projects\Nat\Nat.api\Models\BR\DocumentExp.cs:line 156
No connection could be made because the target machine actively refused it. (wsfe-homo.arca.gob.ar:443)
   at System.Net.Http.HttpConnectionPool.ConnectToTcpHostAsync(String host, Int32 port, HttpRequestMessage initialRequest, Boolean async, CancellationToken cancellationToken)
   at System.Net.Http.HttpConnectionPool.ConnectAsync(HttpRequestMessage request, Boolean async, CancellationToken cancellationToken)
   at System.Net.Http.HttpConnectionPool.CreateHttp11ConnectionAsync(HttpRequestMessage request, Boolean async, CancellationToken cancellationToken)
   at System.Net.Http.HttpConnectionPool.AddHttp11ConnectionAsync(QueueItem queueItem)
   at System.Threading.Tasks.TaskCompletionSourceWithCancellation`1.WaitWithCancellationAsync(CancellationToken cancellationToken)
   at System.Net.Http.HttpConnectionPool.SendWithVersionDetectionAndRetryAsync(HttpRequestMessage request, Boolean async, Boolean doRequestAuth, CancellationToken cancellationToken)
   at System.Net.Http.DiagnosticsHandler.SendAsyncCore(HttpRequestMessage request, Boolean async, CancellationToken cancellationToken)
   at System.Net.Http.RedirectHandler.SendAsync(HttpRequestMessage request, Boolean async, CancellationToken cancellationToken)
   at System.Net.Http.DecompressionHandler.SendAsync(HttpRequestMessage request, Boolean async, CancellationToken cancellationToken)
   at System.Net.Http.HttpClient.<SendAsync>g__Core|83_0(HttpRequestMessage request, HttpCompletionOption completionOption, CancellationTokenSource cts, Boolean disposeCts, CancellationTokenSource pendingRequestsCts, CancellationToken originalCancellationToken)
   at System.ServiceModel.Channels.HttpChannelFactory`1.HttpClientRequestChannel.HttpClientChannelAsyncRequest.SendRequestAsync(Message message, TimeoutHelper timeoutHelper)
No connection could be made because the target machine actively refused it.
   at System.Net.Sockets.Socket.AwaitableSocketAsyncEventArgs.ThrowException(SocketError error, CancellationToken cancellationToken)
   at System.Net.Sockets.Socket.AwaitableSocketAsyncEventArgs.System.Threading.Tasks.Sources.IValueTaskSource.GetResult(Int16 token)
   at System.Net.Sockets.Socket.<ConnectAsync>g__WaitForConnectWithCancellation|285_0(AwaitableSocketAsyncEventArgs saea, ValueTask connectTask, CancellationToken cancellationToken)
   at System.Net.Http.HttpConnectionPool.ConnectToTcpHostAsync(String host, Int32 port, HttpRequestMessage initialRequest, Boolean async, CancellationToken cancellationToken)
13/11/2025 04:49:50==>Cotizacion Invalida
   at Applet.Nat.Api.Br.Models.DocumentExp.GetCotizacion(String vivstrMoneda, DateTime vivdtm) in C:\Users\Jaco2701\Documents\Visual Studio Projects\Nat\Nat.api\Models\BR\DocumentExp.cs:line 175
   at Applet.Nat.Api.Controllers.MiscController.Statics() in C:\Users\Jaco2701\Documents\Visual Studio Projects\Nat\Nat.api\Controllers\MiscController.cs:line 45
13/11/2025 04:49:50==>Valor de Lista FORMAT:dtmwsmtxca no encontrado
   at Applet.Nat.Api.Static.ListHelper.GetValue(String vivcodType, String vivcodId, NatContext vioContext) in C:\Users\Jaco2701\Documents\Visual Studio Projects\Nat\Nat.api\Static\ListHelper.cs:line 26
   at Applet.Nat.Api.Models.Afip.AfipService.get_ivstrDateformat() in C:\Users\Jaco2701\Documents\Visual Studio Projects\Nat\Nat.api\Models\Afip\AfipService.cs:line 74
   at Applet.Nat.BR.DocumentMTXCA.GetCotizacion(String vivstrMoneda, DateTime vivdtm) in C:\Users\Jaco2701\Documents\Visual Studio Projects\Nat\Nat.api\Models\BR\DocumentMtxca.cs:line 540
13/11/2025 04:49:50==>Cotizacion Invalida
   at Applet.Nat.BR.DocumentMTXCA.GetCotizacion(String vivstrMoneda, DateTime vivdtm) in C:\Users\Jaco2701\Documents\Visual Studio Projects\Nat\Nat.api\Models\BR\DocumentMtxca.cs:line 566
   at Applet.Nat.Api.Controllers.MiscController.Statics() in C:\Users\Jaco2701\Documents\Visual Studio Projects\Nat\Nat.api\Controllers\MiscController.cs:line 65
13/11/2025 04:49:53==>No connection could be made because the target machine actively refused it. (wsfe-homo.arca.gob.ar:443)
   at System.Runtime.AsyncResult.End[TAsyncResult](IAsyncResult result)
   at System.ServiceModel.Channels.ServiceChannel.SendAsyncResult.End(SendAsyncResult result)
   at System.ServiceModel.Channels.ServiceChannel.EndCall(String action, Object[] outs, IAsyncResult result)
   at System.ServiceModel.Channels.ServiceChannelProxy.TaskCreator.<>c__DisplayClass1_0.<CreateGenericTask>b__0(IAsyncResult asyncResult)
--- End of stack trace from previous location ---
   at Applet.Nat.Api.Br.Models.DocumentExp.GetCotizacion(String vivstrMoneda, DateTime vivdtm) in C:\Users\Jaco2701\Documents\Visual Studio Projects\Nat\Nat.api\Models\BR\DocumentExp.cs:line 156
No connection could be made because the target machine actively refused it. (wsfe-homo.arca.gob.ar:443)
   at System.Net.Http.HttpConnectionPool.ConnectToTcpHostAsync(String host, Int32 port, HttpRequestMessage initialRequest, Boolean async, CancellationToken cancellationToken)
   at System.Net.Http.HttpConnectionPool.ConnectAsync(HttpRequestMessage request, Boolean async, CancellationToken cancellationToken)
   at System.Net.Http.HttpConnectionPool.CreateHttp11ConnectionAsync(HttpRequestMessage request, Boolean async, CancellationToken cancellationToken)
   at System.Net.Http.HttpConnectionPool.AddHttp11ConnectionAsync(QueueItem queueItem)
   at System.Threading.Tasks.TaskCompletionSourceWithCancellation`1.WaitWithCancellationAsync(CancellationToken cancellationToken)
   at System.Net.Http.HttpConnectionPool.SendWithVersionDetectionAndRetryAsync(HttpRequestMessage request, Boolean async, Boolean doRequestAuth, CancellationToken cancellationToken)
   at System.Net.Http.DiagnosticsHandler.SendAsyncCore(HttpRequestMessage request, Boolean async, CancellationToken cancellationToken)
   at System.Net.Http.RedirectHandler.SendAsync(HttpRequestMessage request, Boolean async, CancellationToken cancellationToken)
   at System.Net.Http.DecompressionHandler.SendAsync(HttpRequestMessage request, Boolean async, CancellationToken cancellationToken)
   at System.Net.Http.HttpClient.<SendAsync>g__Core|83_0(HttpRequestMessage request, HttpCompletionOption completionOption, CancellationTokenSource cts, Boolean disposeCts, CancellationTokenSource pendingRequestsCts, CancellationToken originalCancellationToken)
   at System.ServiceModel.Channels.HttpChannelFactory`1.HttpClientRequestChannel.HttpClientChannelAsyncRequest.SendRequestAsync(Message message, TimeoutHelper timeoutHelper)
No connection could be made because the target machine actively refused it.
   at System.Net.Sockets.Socket.AwaitableSocketAsyncEventArgs.ThrowException(SocketError error, CancellationToken cancellationToken)
   at System.Net.Sockets.Socket.AwaitableSocketAsyncEventArgs.System.Threading.Tasks.Sources.IValueTaskSource.GetResult(Int16 token)
   at System.Net.Sockets.Socket.<ConnectAsync>g__WaitForConnectWithCancellation|285_0(AwaitableSocketAsyncEventArgs saea, ValueTask connectTask, CancellationToken cancellationToken)
   at System.Net.Http.HttpConnectionPool.ConnectToTcpHostAsync(String host, Int32 port, HttpRequestMessage initialRequest, Boolean async, CancellationToken cancellationToken)
13/11/2025 04:49:53==>Cotizacion Invalida
   at Applet.Nat.Api.Br.Models.DocumentExp.GetCotizacion(String vivstrMoneda, DateTime vivdtm) in C:\Users\Jaco2701\Documents\Visual Studio Projects\Nat\Nat.api\Models\BR\DocumentExp.cs:line 175
   at Applet.Nat.Api.Controllers.MiscController.Statics() in C:\Users\Jaco2701\Documents\Visual Studio Projects\Nat\Nat.api\Controllers\MiscController.cs:line 45
13/11/2025 04:49:53==>Valor de Lista FORMAT:dtmwsmtxca no encontrado
   at Applet.Nat.Api.Static.ListHelper.GetValue(String vivcodType, String vivcodId, NatContext vioContext) in C:\Users\Jaco2701\Documents\Visual Studio Projects\Nat\Nat.api\Static\ListHelper.cs:line 26
   at Applet.Nat.Api.Models.Afip.AfipService.get_ivstrDateformat() in C:\Users\Jaco2701\Documents\Visual Studio Projects\Nat\Nat.api\Models\Afip\AfipService.cs:line 74
   at Applet.Nat.BR.DocumentMTXCA.GetCotizacion(String vivstrMoneda, DateTime vivdtm) in C:\Users\Jaco2701\Documents\Visual Studio Projects\Nat\Nat.api\Models\BR\DocumentMtxca.cs:line 540
13/11/2025 04:49:53==>Cotizacion Invalida
   at Applet.Nat.BR.DocumentMTXCA.GetCotizacion(String vivstrMoneda, DateTime vivdtm) in C:\Users\Jaco2701\Documents\Visual Studio Projects\Nat\Nat.api\Models\BR\DocumentMtxca.cs:line 566
   at Applet.Nat.Api.Controllers.MiscController.Statics() in C:\Users\Jaco2701\Documents\Visual Studio Projects\Nat\Nat.api\Controllers\MiscController.cs:line 65
13/11/2025 04:51:40==>No connection could be made because the target machine actively refused it. (wsfe-homo.arca.gob.ar:443)
   at System.Runtime.AsyncResult.End[TAsyncResult](IAsyncResult result)
   at System.ServiceModel.Channels.ServiceChannel.SendAsyncResult.End(SendAsyncResult result)
   at System.ServiceModel.Channels.ServiceChannel.EndCall(String action, Object[] outs, IAsyncResult result)
   at System.ServiceModel.Channels.ServiceChannelProxy.TaskCreator.<>c__DisplayClass1_0.<CreateGenericTask>b__0(IAsyncResult asyncResult)
--- End of stack trace from previous location ---
   at Applet.Nat.Api.Br.Models.DocumentExp.GetCotizacion(String vivstrMoneda, DateTime vivdtm) in C:\Users\Jaco2701\Documents\Visual Studio Projects\Nat\Nat.api\Models\BR\DocumentExp.cs:line 156
No connection could be made because the target machine actively refused it. (wsfe-homo.arca.gob.ar:443)
   at System.Net.Http.HttpConnectionPool.ConnectToTcpHostAsync(String host, Int32 port, HttpRequestMessage initialRequest, Boolean async, CancellationToken cancellationToken)
   at System.Net.Http.HttpConnectionPool.ConnectAsync(HttpRequestMessage request, Boolean async, CancellationToken cancellationToken)
   at System.Net.Http.HttpConnectionPool.CreateHttp11ConnectionAsync(HttpRequestMessage request, Boolean async, CancellationToken cancellationToken)
   at System.Net.Http.HttpConnectionPool.AddHttp11ConnectionAsync(QueueItem queueItem)
   at System.Threading.Tasks.TaskCompletionSourceWithCancellation`1.WaitWithCancellationAsync(CancellationToken cancellationToken)
   at System.Net.Http.HttpConnectionPool.SendWithVersionDetectionAndRetryAsync(HttpRequestMessage request, Boolean async, Boolean doRequestAuth, CancellationToken cancellationToken)
   at System.Net.Http.DiagnosticsHandler.SendAsyncCore(HttpRequestMessage request, Boolean async, CancellationToken cancellationToken)
   at System.Net.Http.RedirectHandler.SendAsync(HttpRequestMessage request, Boolean async, CancellationToken cancellationToken)
   at System.Net.Http.DecompressionHandler.SendAsync(HttpRequestMessage request, Boolean async, CancellationToken cancellationToken)
   at System.Net.Http.HttpClient.<SendAsync>g__Core|83_0(HttpRequestMessage request, HttpCompletionOption completionOption, CancellationTokenSource cts, Boolean disposeCts, CancellationTokenSource pendingRequestsCts, CancellationToken originalCancellationToken)
   at System.ServiceModel.Channels.HttpChannelFactory`1.HttpClientRequestChannel.HttpClientChannelAsyncRequest.SendRequestAsync(Message message, TimeoutHelper timeoutHelper)
No connection could be made because the target machine actively refused it.
   at System.Net.Sockets.Socket.AwaitableSocketAsyncEventArgs.ThrowException(SocketError error, CancellationToken cancellationToken)
   at System.Net.Sockets.Socket.AwaitableSocketAsyncEventArgs.System.Threading.Tasks.Sources.IValueTaskSource.GetResult(Int16 token)
   at System.Net.Sockets.Socket.<ConnectAsync>g__WaitForConnectWithCancellation|285_0(AwaitableSocketAsyncEventArgs saea, ValueTask connectTask, CancellationToken cancellationToken)
   at System.Net.Http.HttpConnectionPool.ConnectToTcpHostAsync(String host, Int32 port, HttpRequestMessage initialRequest, Boolean async, CancellationToken cancellationToken)
13/11/2025 04:51:40==>Cotizacion Invalida
   at Applet.Nat.Api.Br.Models.DocumentExp.GetCotizacion(String vivstrMoneda, DateTime vivdtm) in C:\Users\Jaco2701\Documents\Visual Studio Projects\Nat\Nat.api\Models\BR\DocumentExp.cs:line 175
   at Applet.Nat.Api.Controllers.MiscController.Statics() in C:\Users\Jaco2701\Documents\Visual Studio Projects\Nat\Nat.api\Controllers\MiscController.cs:line 45
13/11/2025 04:51:40==>Valor de Lista FORMAT:dtmwsmtxca no encontrado
   at Applet.Nat.Api.Static.ListHelper.GetValue(String vivcodType, String vivcodId, NatContext vioContext) in C:\Users\Jaco2701\Documents\Visual Studio Projects\Nat\Nat.api\Static\ListHelper.cs:line 26
   at Applet.Nat.Api.Models.Afip.AfipService.get_ivstrDateformat() in C:\Users\Jaco2701\Documents\Visual Studio Projects\Nat\Nat.api\Models\Afip\AfipService.cs:line 74
   at Applet.Nat.BR.DocumentMTXCA.GetCotizacion(String vivstrMoneda, DateTime vivdtm) in C:\Users\Jaco2701\Documents\Visual Studio Projects\Nat\Nat.api\Models\BR\DocumentMtxca.cs:line 540
13/11/2025 04:51:40==>Cotizacion Invalida
   at Applet.Nat.BR.DocumentMTXCA.GetCotizacion(String vivstrMoneda, DateTime vivdtm) in C:\Users\Jaco2701\Documents\Visual Studio Projects\Nat\Nat.api\Models\BR\DocumentMtxca.cs:line 566
   at Applet.Nat.Api.Controllers.MiscController.Statics() in C:\Users\Jaco2701\Documents\Visual Studio Projects\Nat\Nat.api\Controllers\MiscController.cs:line 65
13/11/2025 04:51:42==>No connection could be made because the target machine actively refused it. (wsfe-homo.arca.gob.ar:443)
   at System.Runtime.AsyncResult.End[TAsyncResult](IAsyncResult result)
   at System.ServiceModel.Channels.ServiceChannel.SendAsyncResult.End(SendAsyncResult result)
   at System.ServiceModel.Channels.ServiceChannel.EndCall(String action, Object[] outs, IAsyncResult result)
   at System.ServiceModel.Channels.ServiceChannelProxy.TaskCreator.<>c__DisplayClass1_0.<CreateGenericTask>b__0(IAsyncResult asyncResult)
--- End of stack trace from previous location ---
   at Applet.Nat.Api.Br.Models.DocumentExp.GetCotizacion(String vivstrMoneda, DateTime vivdtm) in C:\Users\Jaco2701\Documents\Visual Studio Projects\Nat\Nat.api\Models\BR\DocumentExp.cs:line 156
No connection could be made because the target machine actively refused it. (wsfe-homo.arca.gob.ar:443)
   at System.Net.Http.HttpConnectionPool.ConnectToTcpHostAsync(String host, Int32 port, HttpRequestMessage initialRequest, Boolean async, CancellationToken cancellationToken)
   at System.Net.Http.HttpConnectionPool.ConnectAsync(HttpRequestMessage request, Boolean async, CancellationToken cancellationToken)
   at System.Net.Http.HttpConnectionPool.CreateHttp11ConnectionAsync(HttpRequestMessage request, Boolean async, CancellationToken cancellationToken)
   at System.Net.Http.HttpConnectionPool.AddHttp11ConnectionAsync(QueueItem queueItem)
   at System.Threading.Tasks.TaskCompletionSourceWithCancellation`1.WaitWithCancellationAsync(CancellationToken cancellationToken)
   at System.Net.Http.HttpConnectionPool.SendWithVersionDetectionAndRetryAsync(HttpRequestMessage request, Boolean async, Boolean doRequestAuth, CancellationToken cancellationToken)
   at System.Net.Http.DiagnosticsHandler.SendAsyncCore(HttpRequestMessage request, Boolean async, CancellationToken cancellationToken)
   at System.Net.Http.RedirectHandler.SendAsync(HttpRequestMessage request, Boolean async, CancellationToken cancellationToken)
   at System.Net.Http.DecompressionHandler.SendAsync(HttpRequestMessage request, Boolean async, CancellationToken cancellationToken)
   at System.Net.Http.HttpClient.<SendAsync>g__Core|83_0(HttpRequestMessage request, HttpCompletionOption completionOption, CancellationTokenSource cts, Boolean disposeCts, CancellationTokenSource pendingRequestsCts, CancellationToken originalCancellationToken)
   at System.ServiceModel.Channels.HttpChannelFactory`1.HttpClientRequestChannel.HttpClientChannelAsyncRequest.SendRequestAsync(Message message, TimeoutHelper timeoutHelper)
No connection could be made because the target machine actively refused it.
   at System.Net.Sockets.Socket.AwaitableSocketAsyncEventArgs.ThrowException(SocketError error, CancellationToken cancellationToken)
   at System.Net.Sockets.Socket.AwaitableSocketAsyncEventArgs.System.Threading.Tasks.Sources.IValueTaskSource.GetResult(Int16 token)
   at System.Net.Sockets.Socket.<ConnectAsync>g__WaitForConnectWithCancellation|285_0(AwaitableSocketAsyncEventArgs saea, ValueTask connectTask, CancellationToken cancellationToken)
   at System.Net.Http.HttpConnectionPool.ConnectToTcpHostAsync(String host, Int32 port, HttpRequestMessage initialRequest, Boolean async, CancellationToken cancellationToken)
13/11/2025 04:51:42==>Cotizacion Invalida
   at Applet.Nat.Api.Br.Models.DocumentExp.GetCotizacion(String vivstrMoneda, DateTime vivdtm) in C:\Users\Jaco2701\Documents\Visual Studio Projects\Nat\Nat.api\Models\BR\DocumentExp.cs:line 175
   at Applet.Nat.Api.Controllers.MiscController.Statics() in C:\Users\Jaco2701\Documents\Visual Studio Projects\Nat\Nat.api\Controllers\MiscController.cs:line 45
13/11/2025 04:51:42==>Valor de Lista FORMAT:dtmwsmtxca no encontrado
   at Applet.Nat.Api.Static.ListHelper.GetValue(String vivcodType, String vivcodId, NatContext vioContext) in C:\Users\Jaco2701\Documents\Visual Studio Projects\Nat\Nat.api\Static\ListHelper.cs:line 26
   at Applet.Nat.Api.Models.Afip.AfipService.get_ivstrDateformat() in C:\Users\Jaco2701\Documents\Visual Studio Projects\Nat\Nat.api\Models\Afip\AfipService.cs:line 74
   at Applet.Nat.BR.DocumentMTXCA.GetCotizacion(String vivstrMoneda, DateTime vivdtm) in C:\Users\Jaco2701\Documents\Visual Studio Projects\Nat\Nat.api\Models\BR\DocumentMtxca.cs:line 540
13/11/2025 04:51:42==>Cotizacion Invalida
   at Applet.Nat.BR.DocumentMTXCA.GetCotizacion(String vivstrMoneda, DateTime vivdtm) in C:\Users\Jaco2701\Documents\Visual Studio Projects\Nat\Nat.api\Models\BR\DocumentMtxca.cs:line 566
   at Applet.Nat.Api.Controllers.MiscController.Statics() in C:\Users\Jaco2701\Documents\Visual Studio Projects\Nat\Nat.api\Controllers\MiscController.cs:line 65
13/11/2025 04:51:44==>No connection could be made because the target machine actively refused it. (wsfe-homo.arca.gob.ar:443)
   at System.Runtime.AsyncResult.End[TAsyncResult](IAsyncResult result)
   at System.ServiceModel.Channels.ServiceChannel.SendAsyncResult.End(SendAsyncResult result)
   at System.ServiceModel.Channels.ServiceChannel.EndCall(String action, Object[] outs, IAsyncResult result)
   at System.ServiceModel.Channels.ServiceChannelProxy.TaskCreator.<>c__DisplayClass1_0.<CreateGenericTask>b__0(IAsyncResult asyncResult)
--- End of stack trace from previous location ---
   at Applet.Nat.Api.Br.Models.DocumentExp.GetCotizacion(String vivstrMoneda, DateTime vivdtm) in C:\Users\Jaco2701\Documents\Visual Studio Projects\Nat\Nat.api\Models\BR\DocumentExp.cs:line 156
No connection could be made because the target machine actively refused it. (wsfe-homo.arca.gob.ar:443)
   at System.Net.Http.HttpConnectionPool.ConnectToTcpHostAsync(String host, Int32 port, HttpRequestMessage initialRequest, Boolean async, CancellationToken cancellationToken)
   at System.Net.Http.HttpConnectionPool.ConnectAsync(HttpRequestMessage request, Boolean async, CancellationToken cancellationToken)
   at System.Net.Http.HttpConnectionPool.CreateHttp11ConnectionAsync(HttpRequestMessage request, Boolean async, CancellationToken cancellationToken)
   at System.Net.Http.HttpConnectionPool.AddHttp11ConnectionAsync(QueueItem queueItem)
   at System.Threading.Tasks.TaskCompletionSourceWithCancellation`1.WaitWithCancellationAsync(CancellationToken cancellationToken)
   at System.Net.Http.HttpConnectionPool.SendWithVersionDetectionAndRetryAsync(HttpRequestMessage request, Boolean async, Boolean doRequestAuth, CancellationToken cancellationToken)
   at System.Net.Http.DiagnosticsHandler.SendAsyncCore(HttpRequestMessage request, Boolean async, CancellationToken cancellationToken)
   at System.Net.Http.RedirectHandler.SendAsync(HttpRequestMessage request, Boolean async, CancellationToken cancellationToken)
   at System.Net.Http.DecompressionHandler.SendAsync(HttpRequestMessage request, Boolean async, CancellationToken cancellationToken)
   at System.Net.Http.HttpClient.<SendAsync>g__Core|83_0(HttpRequestMessage request, HttpCompletionOption completionOption, CancellationTokenSource cts, Boolean disposeCts, CancellationTokenSource pendingRequestsCts, CancellationToken originalCancellationToken)
   at System.ServiceModel.Channels.HttpChannelFactory`1.HttpClientRequestChannel.HttpClientChannelAsyncRequest.SendRequestAsync(Message message, TimeoutHelper timeoutHelper)
No connection could be made because the target machine actively refused it.
   at System.Net.Sockets.Socket.AwaitableSocketAsyncEventArgs.ThrowException(SocketError error, CancellationToken cancellationToken)
   at System.Net.Sockets.Socket.AwaitableSocketAsyncEventArgs.System.Threading.Tasks.Sources.IValueTaskSource.GetResult(Int16 token)
   at System.Net.Sockets.Socket.<ConnectAsync>g__WaitForConnectWithCancellation|285_0(AwaitableSocketAsyncEventArgs saea, ValueTask connectTask, CancellationToken cancellationToken)
   at System.Net.Http.HttpConnectionPool.ConnectToTcpHostAsync(String host, Int32 port, HttpRequestMessage initialRequest, Boolean async, CancellationToken cancellationToken)
13/11/2025 04:51:44==>Cotizacion Invalida
   at Applet.Nat.Api.Br.Models.DocumentExp.GetCotizacion(String vivstrMoneda, DateTime vivdtm) in C:\Users\Jaco2701\Documents\Visual Studio Projects\Nat\Nat.api\Models\BR\DocumentExp.cs:line 175
   at Applet.Nat.Api.Controllers.MiscController.Statics() in C:\Users\Jaco2701\Documents\Visual Studio Projects\Nat\Nat.api\Controllers\MiscController.cs:line 45
13/11/2025 04:51:45==>Valor de Lista FORMAT:dtmwsmtxca no encontrado
   at Applet.Nat.Api.Static.ListHelper.GetValue(String vivcodType, String vivcodId, NatContext vioContext) in C:\Users\Jaco2701\Documents\Visual Studio Projects\Nat\Nat.api\Static\ListHelper.cs:line 26
   at Applet.Nat.Api.Models.Afip.AfipService.get_ivstrDateformat() in C:\Users\Jaco2701\Documents\Visual Studio Projects\Nat\Nat.api\Models\Afip\AfipService.cs:line 74
   at Applet.Nat.BR.DocumentMTXCA.GetCotizacion(String vivstrMoneda, DateTime vivdtm) in C:\Users\Jaco2701\Documents\Visual Studio Projects\Nat\Nat.api\Models\BR\DocumentMtxca.cs:line 540
13/11/2025 04:51:45==>Cotizacion Invalida
   at Applet.Nat.BR.DocumentMTXCA.GetCotizacion(String vivstrMoneda, DateTime vivdtm) in C:\Users\Jaco2701\Documents\Visual Studio Projects\Nat\Nat.api\Models\BR\DocumentMtxca.cs:line 566
   at Applet.Nat.Api.Controllers.MiscController.Statics() in C:\Users\Jaco2701\Documents\Visual Studio Projects\Nat\Nat.api\Controllers\MiscController.cs:line 65
13/11/2025 04:51:47==>No connection could be made because the target machine actively refused it. (wsfe-homo.arca.gob.ar:443)
   at System.Runtime.AsyncResult.End[TAsyncResult](IAsyncResult result)
   at System.ServiceModel.Channels.ServiceChannel.SendAsyncResult.End(SendAsyncResult result)
   at System.ServiceModel.Channels.ServiceChannel.EndCall(String action, Object[] outs, IAsyncResult result)
   at System.ServiceModel.Channels.ServiceChannelProxy.TaskCreator.<>c__DisplayClass1_0.<CreateGenericTask>b__0(IAsyncResult asyncResult)
--- End of stack trace from previous location ---
   at Applet.Nat.Api.Br.Models.DocumentExp.GetCotizacion(String vivstrMoneda, DateTime vivdtm) in C:\Users\Jaco2701\Documents\Visual Studio Projects\Nat\Nat.api\Models\BR\DocumentExp.cs:line 156
No connection could be made because the target machine actively refused it. (wsfe-homo.arca.gob.ar:443)
   at System.Net.Http.HttpConnectionPool.ConnectToTcpHostAsync(String host, Int32 port, HttpRequestMessage initialRequest, Boolean async, CancellationToken cancellationToken)
   at System.Net.Http.HttpConnectionPool.ConnectAsync(HttpRequestMessage request, Boolean async, CancellationToken cancellationToken)
   at System.Net.Http.HttpConnectionPool.CreateHttp11ConnectionAsync(HttpRequestMessage request, Boolean async, CancellationToken cancellationToken)
   at System.Net.Http.HttpConnectionPool.AddHttp11ConnectionAsync(QueueItem queueItem)
   at System.Threading.Tasks.TaskCompletionSourceWithCancellation`1.WaitWithCancellationAsync(CancellationToken cancellationToken)
   at System.Net.Http.HttpConnectionPool.SendWithVersionDetectionAndRetryAsync(HttpRequestMessage request, Boolean async, Boolean doRequestAuth, CancellationToken cancellationToken)
   at System.Net.Http.DiagnosticsHandler.SendAsyncCore(HttpRequestMessage request, Boolean async, CancellationToken cancellationToken)
   at System.Net.Http.RedirectHandler.SendAsync(HttpRequestMessage request, Boolean async, CancellationToken cancellationToken)
   at System.Net.Http.DecompressionHandler.SendAsync(HttpRequestMessage request, Boolean async, CancellationToken cancellationToken)
   at System.Net.Http.HttpClient.<SendAsync>g__Core|83_0(HttpRequestMessage request, HttpCompletionOption completionOption, CancellationTokenSource cts, Boolean disposeCts, CancellationTokenSource pendingRequestsCts, CancellationToken originalCancellationToken)
   at System.ServiceModel.Channels.HttpChannelFactory`1.HttpClientRequestChannel.HttpClientChannelAsyncRequest.SendRequestAsync(Message message, TimeoutHelper timeoutHelper)
No connection could be made because the target machine actively refused it.
   at System.Net.Sockets.Socket.AwaitableSocketAsyncEventArgs.ThrowException(SocketError error, CancellationToken cancellationToken)
   at System.Net.Sockets.Socket.AwaitableSocketAsyncEventArgs.System.Threading.Tasks.Sources.IValueTaskSource.GetResult(Int16 token)
   at System.Net.Sockets.Socket.<ConnectAsync>g__WaitForConnectWithCancellation|285_0(AwaitableSocketAsyncEventArgs saea, ValueTask connectTask, CancellationToken cancellationToken)
   at System.Net.Http.HttpConnectionPool.ConnectToTcpHostAsync(String host, Int32 port, HttpRequestMessage initialRequest, Boolean async, CancellationToken cancellationToken)
13/11/2025 04:51:47==>Cotizacion Invalida
   at Applet.Nat.Api.Br.Models.DocumentExp.GetCotizacion(String vivstrMoneda, DateTime vivdtm) in C:\Users\Jaco2701\Documents\Visual Studio Projects\Nat\Nat.api\Models\BR\DocumentExp.cs:line 175
   at Applet.Nat.Api.Controllers.MiscController.Statics() in C:\Users\Jaco2701\Documents\Visual Studio Projects\Nat\Nat.api\Controllers\MiscController.cs:line 45
13/11/2025 04:51:47==>Valor de Lista FORMAT:dtmwsmtxca no encontrado
   at Applet.Nat.Api.Static.ListHelper.GetValue(String vivcodType, String vivcodId, NatContext vioContext) in C:\Users\Jaco2701\Documents\Visual Studio Projects\Nat\Nat.api\Static\ListHelper.cs:line 26
   at Applet.Nat.Api.Models.Afip.AfipService.get_ivstrDateformat() in C:\Users\Jaco2701\Documents\Visual Studio Projects\Nat\Nat.api\Models\Afip\AfipService.cs:line 74
   at Applet.Nat.BR.DocumentMTXCA.GetCotizacion(String vivstrMoneda, DateTime vivdtm) in C:\Users\Jaco2701\Documents\Visual Studio Projects\Nat\Nat.api\Models\BR\DocumentMtxca.cs:line 540
13/11/2025 04:51:47==>Cotizacion Invalida
   at Applet.Nat.BR.DocumentMTXCA.GetCotizacion(String vivstrMoneda, DateTime vivdtm) in C:\Users\Jaco2701\Documents\Visual Studio Projects\Nat\Nat.api\Models\BR\DocumentMtxca.cs:line 566
   at Applet.Nat.Api.Controllers.MiscController.Statics() in C:\Users\Jaco2701\Documents\Visual Studio Projects\Nat\Nat.api\Controllers\MiscController.cs:line 65
13/11/2025 04:51:49==>No connection could be made because the target machine actively refused it. (wsfe-homo.arca.gob.ar:443)
   at System.Runtime.AsyncResult.End[TAsyncResult](IAsyncResult result)
   at System.ServiceModel.Channels.ServiceChannel.SendAsyncResult.End(SendAsyncResult result)
   at System.ServiceModel.Channels.ServiceChannel.EndCall(String action, Object[] outs, IAsyncResult result)
   at System.ServiceModel.Channels.ServiceChannelProxy.TaskCreator.<>c__DisplayClass1_0.<CreateGenericTask>b__0(IAsyncResult asyncResult)
--- End of stack trace from previous location ---
   at Applet.Nat.Api.Br.Models.DocumentExp.GetCotizacion(String vivstrMoneda, DateTime vivdtm) in C:\Users\Jaco2701\Documents\Visual Studio Projects\Nat\Nat.api\Models\BR\DocumentExp.cs:line 156
No connection could be made because the target machine actively refused it. (wsfe-homo.arca.gob.ar:443)
   at System.Net.Http.HttpConnectionPool.ConnectToTcpHostAsync(String host, Int32 port, HttpRequestMessage initialRequest, Boolean async, CancellationToken cancellationToken)
   at System.Net.Http.HttpConnectionPool.ConnectAsync(HttpRequestMessage request, Boolean async, CancellationToken cancellationToken)
   at System.Net.Http.HttpConnectionPool.CreateHttp11ConnectionAsync(HttpRequestMessage request, Boolean async, CancellationToken cancellationToken)
   at System.Net.Http.HttpConnectionPool.AddHttp11ConnectionAsync(QueueItem queueItem)
   at System.Threading.Tasks.TaskCompletionSourceWithCancellation`1.WaitWithCancellationAsync(CancellationToken cancellationToken)
   at System.Net.Http.HttpConnectionPool.SendWithVersionDetectionAndRetryAsync(HttpRequestMessage request, Boolean async, Boolean doRequestAuth, CancellationToken cancellationToken)
   at System.Net.Http.DiagnosticsHandler.SendAsyncCore(HttpRequestMessage request, Boolean async, CancellationToken cancellationToken)
   at System.Net.Http.RedirectHandler.SendAsync(HttpRequestMessage request, Boolean async, CancellationToken cancellationToken)
   at System.Net.Http.DecompressionHandler.SendAsync(HttpRequestMessage request, Boolean async, CancellationToken cancellationToken)
   at System.Net.Http.HttpClient.<SendAsync>g__Core|83_0(HttpRequestMessage request, HttpCompletionOption completionOption, CancellationTokenSource cts, Boolean disposeCts, CancellationTokenSource pendingRequestsCts, CancellationToken originalCancellationToken)
   at System.ServiceModel.Channels.HttpChannelFactory`1.HttpClientRequestChannel.HttpClientChannelAsyncRequest.SendRequestAsync(Message message, TimeoutHelper timeoutHelper)
No connection could be made because the target machine actively refused it.
   at System.Net.Sockets.Socket.AwaitableSocketAsyncEventArgs.ThrowException(SocketError error, CancellationToken cancellationToken)
   at System.Net.Sockets.Socket.AwaitableSocketAsyncEventArgs.System.Threading.Tasks.Sources.IValueTaskSource.GetResult(Int16 token)
   at System.Net.Sockets.Socket.<ConnectAsync>g__WaitForConnectWithCancellation|285_0(AwaitableSocketAsyncEventArgs saea, ValueTask connectTask, CancellationToken cancellationToken)
   at System.Net.Http.HttpConnectionPool.ConnectToTcpHostAsync(String host, Int32 port, HttpRequestMessage initialRequest, Boolean async, CancellationToken cancellationToken)
13/11/2025 04:51:49==>Cotizacion Invalida
   at Applet.Nat.Api.Br.Models.DocumentExp.GetCotizacion(String vivstrMoneda, DateTime vivdtm) in C:\Users\Jaco2701\Documents\Visual Studio Projects\Nat\Nat.api\Models\BR\DocumentExp.cs:line 175
   at Applet.Nat.Api.Controllers.MiscController.Statics() in C:\Users\Jaco2701\Documents\Visual Studio Projects\Nat\Nat.api\Controllers\MiscController.cs:line 45
13/11/2025 04:51:49==>Valor de Lista FORMAT:dtmwsmtxca no encontrado
   at Applet.Nat.Api.Static.ListHelper.GetValue(String vivcodType, String vivcodId, NatContext vioContext) in C:\Users\Jaco2701\Documents\Visual Studio Projects\Nat\Nat.api\Static\ListHelper.cs:line 26
   at Applet.Nat.Api.Models.Afip.AfipService.get_ivstrDateformat() in C:\Users\Jaco2701\Documents\Visual Studio Projects\Nat\Nat.api\Models\Afip\AfipService.cs:line 74
   at Applet.Nat.BR.DocumentMTXCA.GetCotizacion(String vivstrMoneda, DateTime vivdtm) in C:\Users\Jaco2701\Documents\Visual Studio Projects\Nat\Nat.api\Models\BR\DocumentMtxca.cs:line 540
13/11/2025 04:51:49==>Cotizacion Invalida
   at Applet.Nat.BR.DocumentMTXCA.GetCotizacion(String vivstrMoneda, DateTime vivdtm) in C:\Users\Jaco2701\Documents\Visual Studio Projects\Nat\Nat.api\Models\BR\DocumentMtxca.cs:line 566
   at Applet.Nat.Api.Controllers.MiscController.Statics() in C:\Users\Jaco2701\Documents\Visual Studio Projects\Nat\Nat.api\Controllers\MiscController.cs:line 65
13/11/2025 04:51:53==>No connection could be made because the target machine actively refused it. (wsfe-homo.arca.gob.ar:443)
   at System.Runtime.AsyncResult.End[TAsyncResult](IAsyncResult result)
   at System.ServiceModel.Channels.ServiceChannel.SendAsyncResult.End(SendAsyncResult result)
   at System.ServiceModel.Channels.ServiceChannel.EndCall(String action, Object[] outs, IAsyncResult result)
   at System.ServiceModel.Channels.ServiceChannelProxy.TaskCreator.<>c__DisplayClass1_0.<CreateGenericTask>b__0(IAsyncResult asyncResult)
--- End of stack trace from previous location ---
   at Applet.Nat.Api.Br.Models.DocumentExp.GetCotizacion(String vivstrMoneda, DateTime vivdtm) in C:\Users\Jaco2701\Documents\Visual Studio Projects\Nat\Nat.api\Models\BR\DocumentExp.cs:line 156
No connection could be made because the target machine actively refused it. (wsfe-homo.arca.gob.ar:443)
   at System.Net.Http.HttpConnectionPool.ConnectToTcpHostAsync(String host, Int32 port, HttpRequestMessage initialRequest, Boolean async, CancellationToken cancellationToken)
   at System.Net.Http.HttpConnectionPool.ConnectAsync(HttpRequestMessage request, Boolean async, CancellationToken cancellationToken)
   at System.Net.Http.HttpConnectionPool.CreateHttp11ConnectionAsync(HttpRequestMessage request, Boolean async, CancellationToken cancellationToken)
   at System.Net.Http.HttpConnectionPool.AddHttp11ConnectionAsync(QueueItem queueItem)
   at System.Threading.Tasks.TaskCompletionSourceWithCancellation`1.WaitWithCancellationAsync(CancellationToken cancellationToken)
   at System.Net.Http.HttpConnectionPool.SendWithVersionDetectionAndRetryAsync(HttpRequestMessage request, Boolean async, Boolean doRequestAuth, CancellationToken cancellationToken)
   at System.Net.Http.DiagnosticsHandler.SendAsyncCore(HttpRequestMessage request, Boolean async, CancellationToken cancellationToken)
   at System.Net.Http.RedirectHandler.SendAsync(HttpRequestMessage request, Boolean async, CancellationToken cancellationToken)
   at System.Net.Http.DecompressionHandler.SendAsync(HttpRequestMessage request, Boolean async, CancellationToken cancellationToken)
   at System.Net.Http.HttpClient.<SendAsync>g__Core|83_0(HttpRequestMessage request, HttpCompletionOption completionOption, CancellationTokenSource cts, Boolean disposeCts, CancellationTokenSource pendingRequestsCts, CancellationToken originalCancellationToken)
   at System.ServiceModel.Channels.HttpChannelFactory`1.HttpClientRequestChannel.HttpClientChannelAsyncRequest.SendRequestAsync(Message message, TimeoutHelper timeoutHelper)
No connection could be made because the target machine actively refused it.
   at System.Net.Sockets.Socket.AwaitableSocketAsyncEventArgs.ThrowException(SocketError error, CancellationToken cancellationToken)
   at System.Net.Sockets.Socket.AwaitableSocketAsyncEventArgs.System.Threading.Tasks.Sources.IValueTaskSource.GetResult(Int16 token)
   at System.Net.Sockets.Socket.<ConnectAsync>g__WaitForConnectWithCancellation|285_0(AwaitableSocketAsyncEventArgs saea, ValueTask connectTask, CancellationToken cancellationToken)
   at System.Net.Http.HttpConnectionPool.ConnectToTcpHostAsync(String host, Int32 port, HttpRequestMessage initialRequest, Boolean async, CancellationToken cancellationToken)
13/11/2025 04:51:53==>Cotizacion Invalida
   at Applet.Nat.Api.Br.Models.DocumentExp.GetCotizacion(String vivstrMoneda, DateTime vivdtm) in C:\Users\Jaco2701\Documents\Visual Studio Projects\Nat\Nat.api\Models\BR\DocumentExp.cs:line 175
   at Applet.Nat.Api.Controllers.MiscController.Statics() in C:\Users\Jaco2701\Documents\Visual Studio Projects\Nat\Nat.api\Controllers\MiscController.cs:line 45
13/11/2025 04:51:53==>Valor de Lista FORMAT:dtmwsmtxca no encontrado
   at Applet.Nat.Api.Static.ListHelper.GetValue(String vivcodType, String vivcodId, NatContext vioContext) in C:\Users\Jaco2701\Documents\Visual Studio Projects\Nat\Nat.api\Static\ListHelper.cs:line 26
   at Applet.Nat.Api.Models.Afip.AfipService.get_ivstrDateformat() in C:\Users\Jaco2701\Documents\Visual Studio Projects\Nat\Nat.api\Models\Afip\AfipService.cs:line 74
   at Applet.Nat.BR.DocumentMTXCA.GetCotizacion(String vivstrMoneda, DateTime vivdtm) in C:\Users\Jaco2701\Documents\Visual Studio Projects\Nat\Nat.api\Models\BR\DocumentMtxca.cs:line 540
13/11/2025 04:51:53==>Cotizacion Invalida
   at Applet.Nat.BR.DocumentMTXCA.GetCotizacion(String vivstrMoneda, DateTime vivdtm) in C:\Users\Jaco2701\Documents\Visual Studio Projects\Nat\Nat.api\Models\BR\DocumentMtxca.cs:line 566
   at Applet.Nat.Api.Controllers.MiscController.Statics() in C:\Users\Jaco2701\Documents\Visual Studio Projects\Nat\Nat.api\Controllers\MiscController.cs:line 65
13/11/2025 04:51:55==>No connection could be made because the target machine actively refused it. (wsfe-homo.arca.gob.ar:443)
   at System.Runtime.AsyncResult.End[TAsyncResult](IAsyncResult result)
   at System.ServiceModel.Channels.ServiceChannel.SendAsyncResult.End(SendAsyncResult result)
   at System.ServiceModel.Channels.ServiceChannel.EndCall(String action, Object[] outs, IAsyncResult result)
   at System.ServiceModel.Channels.ServiceChannelProxy.TaskCreator.<>c__DisplayClass1_0.<CreateGenericTask>b__0(IAsyncResult asyncResult)
--- End of stack trace from previous location ---
   at Applet.Nat.Api.Br.Models.DocumentExp.GetCotizacion(String vivstrMoneda, DateTime vivdtm) in C:\Users\Jaco2701\Documents\Visual Studio Projects\Nat\Nat.api\Models\BR\DocumentExp.cs:line 156
No connection could be made because the target machine actively refused it. (wsfe-homo.arca.gob.ar:443)
   at System.Net.Http.HttpConnectionPool.ConnectToTcpHostAsync(String host, Int32 port, HttpRequestMessage initialRequest, Boolean async, CancellationToken cancellationToken)
   at System.Net.Http.HttpConnectionPool.ConnectAsync(HttpRequestMessage request, Boolean async, CancellationToken cancellationToken)
   at System.Net.Http.HttpConnectionPool.CreateHttp11ConnectionAsync(HttpRequestMessage request, Boolean async, CancellationToken cancellationToken)
   at System.Net.Http.HttpConnectionPool.AddHttp11ConnectionAsync(QueueItem queueItem)
   at System.Threading.Tasks.TaskCompletionSourceWithCancellation`1.WaitWithCancellationAsync(CancellationToken cancellationToken)
   at System.Net.Http.HttpConnectionPool.SendWithVersionDetectionAndRetryAsync(HttpRequestMessage request, Boolean async, Boolean doRequestAuth, CancellationToken cancellationToken)
   at System.Net.Http.DiagnosticsHandler.SendAsyncCore(HttpRequestMessage request, Boolean async, CancellationToken cancellationToken)
   at System.Net.Http.RedirectHandler.SendAsync(HttpRequestMessage request, Boolean async, CancellationToken cancellationToken)
   at System.Net.Http.DecompressionHandler.SendAsync(HttpRequestMessage request, Boolean async, CancellationToken cancellationToken)
   at System.Net.Http.HttpClient.<SendAsync>g__Core|83_0(HttpRequestMessage request, HttpCompletionOption completionOption, CancellationTokenSource cts, Boolean disposeCts, CancellationTokenSource pendingRequestsCts, CancellationToken originalCancellationToken)
   at System.ServiceModel.Channels.HttpChannelFactory`1.HttpClientRequestChannel.HttpClientChannelAsyncRequest.SendRequestAsync(Message message, TimeoutHelper timeoutHelper)
No connection could be made because the target machine actively refused it.
   at System.Net.Sockets.Socket.AwaitableSocketAsyncEventArgs.ThrowException(SocketError error, CancellationToken cancellationToken)
   at System.Net.Sockets.Socket.AwaitableSocketAsyncEventArgs.System.Threading.Tasks.Sources.IValueTaskSource.GetResult(Int16 token)
   at System.Net.Sockets.Socket.<ConnectAsync>g__WaitForConnectWithCancellation|285_0(AwaitableSocketAsyncEventArgs saea, ValueTask connectTask, CancellationToken cancellationToken)
   at System.Net.Http.HttpConnectionPool.ConnectToTcpHostAsync(String host, Int32 port, HttpRequestMessage initialRequest, Boolean async, CancellationToken cancellationToken)
13/11/2025 04:51:55==>Cotizacion Invalida
   at Applet.Nat.Api.Br.Models.DocumentExp.GetCotizacion(String vivstrMoneda, DateTime vivdtm) in C:\Users\Jaco2701\Documents\Visual Studio Projects\Nat\Nat.api\Models\BR\DocumentExp.cs:line 175
   at Applet.Nat.Api.Controllers.MiscController.Statics() in C:\Users\Jaco2701\Documents\Visual Studio Projects\Nat\Nat.api\Controllers\MiscController.cs:line 45
13/11/2025 04:51:56==>Valor de Lista FORMAT:dtmwsmtxca no encontrado
   at Applet.Nat.Api.Static.ListHelper.GetValue(String vivcodType, String vivcodId, NatContext vioContext) in C:\Users\Jaco2701\Documents\Visual Studio Projects\Nat\Nat.api\Static\ListHelper.cs:line 26
   at Applet.Nat.Api.Models.Afip.AfipService.get_ivstrDateformat() in C:\Users\Jaco2701\Documents\Visual Studio Projects\Nat\Nat.api\Models\Afip\AfipService.cs:line 74
   at Applet.Nat.BR.DocumentMTXCA.GetCotizacion(String vivstrMoneda, DateTime vivdtm) in C:\Users\Jaco2701\Documents\Visual Studio Projects\Nat\Nat.api\Models\BR\DocumentMtxca.cs:line 540
13/11/2025 04:51:56==>Cotizacion Invalida
   at Applet.Nat.BR.DocumentMTXCA.GetCotizacion(String vivstrMoneda, DateTime vivdtm) in C:\Users\Jaco2701\Documents\Visual Studio Projects\Nat\Nat.api\Models\BR\DocumentMtxca.cs:line 566
   at Applet.Nat.Api.Controllers.MiscController.Statics() in C:\Users\Jaco2701\Documents\Visual Studio Projects\Nat\Nat.api\Controllers\MiscController.cs:line 65
13/11/2025 04:53:01==>No connection could be made because the target machine actively refused it. (wsfe-homo.arca.gob.ar:443)
   at System.Runtime.AsyncResult.End[TAsyncResult](IAsyncResult result)
   at System.ServiceModel.Channels.ServiceChannel.SendAsyncResult.End(SendAsyncResult result)
   at System.ServiceModel.Channels.ServiceChannel.EndCall(String action, Object[] outs, IAsyncResult result)
   at System.ServiceModel.Channels.ServiceChannelProxy.TaskCreator.<>c__DisplayClass1_0.<CreateGenericTask>b__0(IAsyncResult asyncResult)
--- End of stack trace from previous location ---
   at Applet.Nat.Api.Br.Models.DocumentExp.GetCotizacion(String vivstrMoneda, DateTime vivdtm) in C:\Users\Jaco2701\Documents\Visual Studio Projects\Nat\Nat.api\Models\BR\DocumentExp.cs:line 156
No connection could be made because the target machine actively refused it. (wsfe-homo.arca.gob.ar:443)
   at System.Net.Http.HttpConnectionPool.ConnectToTcpHostAsync(String host, Int32 port, HttpRequestMessage initialRequest, Boolean async, CancellationToken cancellationToken)
   at System.Net.Http.HttpConnectionPool.ConnectAsync(HttpRequestMessage request, Boolean async, CancellationToken cancellationToken)
   at System.Net.Http.HttpConnectionPool.CreateHttp11ConnectionAsync(HttpRequestMessage request, Boolean async, CancellationToken cancellationToken)
   at System.Net.Http.HttpConnectionPool.AddHttp11ConnectionAsync(QueueItem queueItem)
   at System.Threading.Tasks.TaskCompletionSourceWithCancellation`1.WaitWithCancellationAsync(CancellationToken cancellationToken)
   at System.Net.Http.HttpConnectionPool.SendWithVersionDetectionAndRetryAsync(HttpRequestMessage request, Boolean async, Boolean doRequestAuth, CancellationToken cancellationToken)
   at System.Net.Http.DiagnosticsHandler.SendAsyncCore(HttpRequestMessage request, Boolean async, CancellationToken cancellationToken)
   at System.Net.Http.RedirectHandler.SendAsync(HttpRequestMessage request, Boolean async, CancellationToken cancellationToken)
   at System.Net.Http.DecompressionHandler.SendAsync(HttpRequestMessage request, Boolean async, CancellationToken cancellationToken)
   at System.Net.Http.HttpClient.<SendAsync>g__Core|83_0(HttpRequestMessage request, HttpCompletionOption completionOption, CancellationTokenSource cts, Boolean disposeCts, CancellationTokenSource pendingRequestsCts, CancellationToken originalCancellationToken)
   at System.ServiceModel.Channels.HttpChannelFactory`1.HttpClientRequestChannel.HttpClientChannelAsyncRequest.SendRequestAsync(Message message, TimeoutHelper timeoutHelper)
No connection could be made because the target machine actively refused it.
   at System.Net.Sockets.Socket.AwaitableSocketAsyncEventArgs.ThrowException(SocketError error, CancellationToken cancellationToken)
   at System.Net.Sockets.Socket.AwaitableSocketAsyncEventArgs.System.Threading.Tasks.Sources.IValueTaskSource.GetResult(Int16 token)
   at System.Net.Sockets.Socket.<ConnectAsync>g__WaitForConnectWithCancellation|285_0(AwaitableSocketAsyncEventArgs saea, ValueTask connectTask, CancellationToken cancellationToken)
   at System.Net.Http.HttpConnectionPool.ConnectToTcpHostAsync(String host, Int32 port, HttpRequestMessage initialRequest, Boolean async, CancellationToken cancellationToken)
13/11/2025 04:53:01==>Cotizacion Invalida
   at Applet.Nat.Api.Br.Models.DocumentExp.GetCotizacion(String vivstrMoneda, DateTime vivdtm) in C:\Users\Jaco2701\Documents\Visual Studio Projects\Nat\Nat.api\Models\BR\DocumentExp.cs:line 175
   at Applet.Nat.Api.Controllers.MiscController.Statics() in C:\Users\Jaco2701\Documents\Visual Studio Projects\Nat\Nat.api\Controllers\MiscController.cs:line 45
13/11/2025 04:53:01==>Valor de Lista FORMAT:dtmwsmtxca no encontrado
   at Applet.Nat.Api.Static.ListHelper.GetValue(String vivcodType, String vivcodId, NatContext vioContext) in C:\Users\Jaco2701\Documents\Visual Studio Projects\Nat\Nat.api\Static\ListHelper.cs:line 26
   at Applet.Nat.Api.Models.Afip.AfipService.get_ivstrDateformat() in C:\Users\Jaco2701\Documents\Visual Studio Projects\Nat\Nat.api\Models\Afip\AfipService.cs:line 74
   at Applet.Nat.BR.DocumentMTXCA.GetCotizacion(String vivstrMoneda, DateTime vivdtm) in C:\Users\Jaco2701\Documents\Visual Studio Projects\Nat\Nat.api\Models\BR\DocumentMtxca.cs:line 540
13/11/2025 04:53:01==>Cotizacion Invalida
   at Applet.Nat.BR.DocumentMTXCA.GetCotizacion(String vivstrMoneda, DateTime vivdtm) in C:\Users\Jaco2701\Documents\Visual Studio Projects\Nat\Nat.api\Models\BR\DocumentMtxca.cs:line 566
   at Applet.Nat.Api.Controllers.MiscController.Statics() in C:\Users\Jaco2701\Documents\Visual Studio Projects\Nat\Nat.api\Controllers\MiscController.cs:line 65
13/11/2025 04:53:04==>No connection could be made because the target machine actively refused it. (wsfe-homo.arca.gob.ar:443)
   at System.Runtime.AsyncResult.End[TAsyncResult](IAsyncResult result)
   at System.ServiceModel.Channels.ServiceChannel.SendAsyncResult.End(SendAsyncResult result)
   at System.ServiceModel.Channels.ServiceChannel.EndCall(String action, Object[] outs, IAsyncResult result)
   at System.ServiceModel.Channels.ServiceChannelProxy.TaskCreator.<>c__DisplayClass1_0.<CreateGenericTask>b__0(IAsyncResult asyncResult)
--- End of stack trace from previous location ---
   at Applet.Nat.Api.Br.Models.DocumentExp.GetCotizacion(String vivstrMoneda, DateTime vivdtm) in C:\Users\Jaco2701\Documents\Visual Studio Projects\Nat\Nat.api\Models\BR\DocumentExp.cs:line 156
No connection could be made because the target machine actively refused it. (wsfe-homo.arca.gob.ar:443)
   at System.Net.Http.HttpConnectionPool.ConnectToTcpHostAsync(String host, Int32 port, HttpRequestMessage initialRequest, Boolean async, CancellationToken cancellationToken)
   at System.Net.Http.HttpConnectionPool.ConnectAsync(HttpRequestMessage request, Boolean async, CancellationToken cancellationToken)
   at System.Net.Http.HttpConnectionPool.CreateHttp11ConnectionAsync(HttpRequestMessage request, Boolean async, CancellationToken cancellationToken)
   at System.Net.Http.HttpConnectionPool.AddHttp11ConnectionAsync(QueueItem queueItem)
   at System.Threading.Tasks.TaskCompletionSourceWithCancellation`1.WaitWithCancellationAsync(CancellationToken cancellationToken)
   at System.Net.Http.HttpConnectionPool.SendWithVersionDetectionAndRetryAsync(HttpRequestMessage request, Boolean async, Boolean doRequestAuth, CancellationToken cancellationToken)
   at System.Net.Http.DiagnosticsHandler.SendAsyncCore(HttpRequestMessage request, Boolean async, CancellationToken cancellationToken)
   at System.Net.Http.RedirectHandler.SendAsync(HttpRequestMessage request, Boolean async, CancellationToken cancellationToken)
   at System.Net.Http.DecompressionHandler.SendAsync(HttpRequestMessage request, Boolean async, CancellationToken cancellationToken)
   at System.Net.Http.HttpClient.<SendAsync>g__Core|83_0(HttpRequestMessage request, HttpCompletionOption completionOption, CancellationTokenSource cts, Boolean disposeCts, CancellationTokenSource pendingRequestsCts, CancellationToken originalCancellationToken)
   at System.ServiceModel.Channels.HttpChannelFactory`1.HttpClientRequestChannel.HttpClientChannelAsyncRequest.SendRequestAsync(Message message, TimeoutHelper timeoutHelper)
No connection could be made because the target machine actively refused it.
   at System.Net.Sockets.Socket.AwaitableSocketAsyncEventArgs.ThrowException(SocketError error, CancellationToken cancellationToken)
   at System.Net.Sockets.Socket.AwaitableSocketAsyncEventArgs.System.Threading.Tasks.Sources.IValueTaskSource.GetResult(Int16 token)
   at System.Net.Sockets.Socket.<ConnectAsync>g__WaitForConnectWithCancellation|285_0(AwaitableSocketAsyncEventArgs saea, ValueTask connectTask, CancellationToken cancellationToken)
   at System.Net.Http.HttpConnectionPool.ConnectToTcpHostAsync(String host, Int32 port, HttpRequestMessage initialRequest, Boolean async, CancellationToken cancellationToken)
13/11/2025 04:53:04==>Cotizacion Invalida
   at Applet.Nat.Api.Br.Models.DocumentExp.GetCotizacion(String vivstrMoneda, DateTime vivdtm) in C:\Users\Jaco2701\Documents\Visual Studio Projects\Nat\Nat.api\Models\BR\DocumentExp.cs:line 175
   at Applet.Nat.Api.Controllers.MiscController.Statics() in C:\Users\Jaco2701\Documents\Visual Studio Projects\Nat\Nat.api\Controllers\MiscController.cs:line 45
13/11/2025 04:53:04==>Valor de Lista FORMAT:dtmwsmtxca no encontrado
   at Applet.Nat.Api.Static.ListHelper.GetValue(String vivcodType, String vivcodId, NatContext vioContext) in C:\Users\Jaco2701\Documents\Visual Studio Projects\Nat\Nat.api\Static\ListHelper.cs:line 26
   at Applet.Nat.Api.Models.Afip.AfipService.get_ivstrDateformat() in C:\Users\Jaco2701\Documents\Visual Studio Projects\Nat\Nat.api\Models\Afip\AfipService.cs:line 74
   at Applet.Nat.BR.DocumentMTXCA.GetCotizacion(String vivstrMoneda, DateTime vivdtm) in C:\Users\Jaco2701\Documents\Visual Studio Projects\Nat\Nat.api\Models\BR\DocumentMtxca.cs:line 540
13/11/2025 04:53:04==>Cotizacion Invalida
   at Applet.Nat.BR.DocumentMTXCA.GetCotizacion(String vivstrMoneda, DateTime vivdtm) in C:\Users\Jaco2701\Documents\Visual Studio Projects\Nat\Nat.api\Models\BR\DocumentMtxca.cs:line 566
   at Applet.Nat.Api.Controllers.MiscController.Statics() in C:\Users\Jaco2701\Documents\Visual Studio Projects\Nat\Nat.api\Controllers\MiscController.cs:line 65
13/11/2025 04:53:06==>No connection could be made because the target machine actively refused it. (wsfe-homo.arca.gob.ar:443)
   at System.Runtime.AsyncResult.End[TAsyncResult](IAsyncResult result)
   at System.ServiceModel.Channels.ServiceChannel.SendAsyncResult.End(SendAsyncResult result)
   at System.ServiceModel.Channels.ServiceChannel.EndCall(String action, Object[] outs, IAsyncResult result)
   at System.ServiceModel.Channels.ServiceChannelProxy.TaskCreator.<>c__DisplayClass1_0.<CreateGenericTask>b__0(IAsyncResult asyncResult)
--- End of stack trace from previous location ---
   at Applet.Nat.Api.Br.Models.DocumentExp.GetCotizacion(String vivstrMoneda, DateTime vivdtm) in C:\Users\Jaco2701\Documents\Visual Studio Projects\Nat\Nat.api\Models\BR\DocumentExp.cs:line 156
No connection could be made because the target machine actively refused it. (wsfe-homo.arca.gob.ar:443)
   at System.Net.Http.HttpConnectionPool.ConnectToTcpHostAsync(String host, Int32 port, HttpRequestMessage initialRequest, Boolean async, CancellationToken cancellationToken)
   at System.Net.Http.HttpConnectionPool.ConnectAsync(HttpRequestMessage request, Boolean async, CancellationToken cancellationToken)
   at System.Net.Http.HttpConnectionPool.CreateHttp11ConnectionAsync(HttpRequestMessage request, Boolean async, CancellationToken cancellationToken)
   at System.Net.Http.HttpConnectionPool.AddHttp11ConnectionAsync(QueueItem queueItem)
   at System.Threading.Tasks.TaskCompletionSourceWithCancellation`1.WaitWithCancellationAsync(CancellationToken cancellationToken)
   at System.Net.Http.HttpConnectionPool.SendWithVersionDetectionAndRetryAsync(HttpRequestMessage request, Boolean async, Boolean doRequestAuth, CancellationToken cancellationToken)
   at System.Net.Http.DiagnosticsHandler.SendAsyncCore(HttpRequestMessage request, Boolean async, CancellationToken cancellationToken)
   at System.Net.Http.RedirectHandler.SendAsync(HttpRequestMessage request, Boolean async, CancellationToken cancellationToken)
   at System.Net.Http.DecompressionHandler.SendAsync(HttpRequestMessage request, Boolean async, CancellationToken cancellationToken)
   at System.Net.Http.HttpClient.<SendAsync>g__Core|83_0(HttpRequestMessage request, HttpCompletionOption completionOption, CancellationTokenSource cts, Boolean disposeCts, CancellationTokenSource pendingRequestsCts, CancellationToken originalCancellationToken)
   at System.ServiceModel.Channels.HttpChannelFactory`1.HttpClientRequestChannel.HttpClientChannelAsyncRequest.SendRequestAsync(Message message, TimeoutHelper timeoutHelper)
No connection could be made because the target machine actively refused it.
   at System.Net.Sockets.Socket.AwaitableSocketAsyncEventArgs.ThrowException(SocketError error, CancellationToken cancellationToken)
   at System.Net.Sockets.Socket.AwaitableSocketAsyncEventArgs.System.Threading.Tasks.Sources.IValueTaskSource.GetResult(Int16 token)
   at System.Net.Sockets.Socket.<ConnectAsync>g__WaitForConnectWithCancellation|285_0(AwaitableSocketAsyncEventArgs saea, ValueTask connectTask, CancellationToken cancellationToken)
   at System.Net.Http.HttpConnectionPool.ConnectToTcpHostAsync(String host, Int32 port, HttpRequestMessage initialRequest, Boolean async, CancellationToken cancellationToken)
13/11/2025 04:53:06==>Cotizacion Invalida
   at Applet.Nat.Api.Br.Models.DocumentExp.GetCotizacion(String vivstrMoneda, DateTime vivdtm) in C:\Users\Jaco2701\Documents\Visual Studio Projects\Nat\Nat.api\Models\BR\DocumentExp.cs:line 175
   at Applet.Nat.Api.Controllers.MiscController.Statics() in C:\Users\Jaco2701\Documents\Visual Studio Projects\Nat\Nat.api\Controllers\MiscController.cs:line 45
13/11/2025 04:53:06==>Valor de Lista FORMAT:dtmwsmtxca no encontrado
   at Applet.Nat.Api.Static.ListHelper.GetValue(String vivcodType, String vivcodId, NatContext vioContext) in C:\Users\Jaco2701\Documents\Visual Studio Projects\Nat\Nat.api\Static\ListHelper.cs:line 26
   at Applet.Nat.Api.Models.Afip.AfipService.get_ivstrDateformat() in C:\Users\Jaco2701\Documents\Visual Studio Projects\Nat\Nat.api\Models\Afip\AfipService.cs:line 74
   at Applet.Nat.BR.DocumentMTXCA.GetCotizacion(String vivstrMoneda, DateTime vivdtm) in C:\Users\Jaco2701\Documents\Visual Studio Projects\Nat\Nat.api\Models\BR\DocumentMtxca.cs:line 540
13/11/2025 04:53:06==>Cotizacion Invalida
   at Applet.Nat.BR.DocumentMTXCA.GetCotizacion(String vivstrMoneda, DateTime vivdtm) in C:\Users\Jaco2701\Documents\Visual Studio Projects\Nat\Nat.api\Models\BR\DocumentMtxca.cs:line 566
   at Applet.Nat.Api.Controllers.MiscController.Statics() in C:\Users\Jaco2701\Documents\Visual Studio Projects\Nat\Nat.api\Controllers\MiscController.cs:line 65
13/11/2025 04:53:08==>No connection could be made because the target machine actively refused it. (wsfe-homo.arca.gob.ar:443)
   at System.Runtime.AsyncResult.End[TAsyncResult](IAsyncResult result)
   at System.ServiceModel.Channels.ServiceChannel.SendAsyncResult.End(SendAsyncResult result)
   at System.ServiceModel.Channels.ServiceChannel.EndCall(String action, Object[] outs, IAsyncResult result)
   at System.ServiceModel.Channels.ServiceChannelProxy.TaskCreator.<>c__DisplayClass1_0.<CreateGenericTask>b__0(IAsyncResult asyncResult)
--- End of stack trace from previous location ---
   at Applet.Nat.Api.Br.Models.DocumentExp.GetCotizacion(String vivstrMoneda, DateTime vivdtm) in C:\Users\Jaco2701\Documents\Visual Studio Projects\Nat\Nat.api\Models\BR\DocumentExp.cs:line 156
No connection could be made because the target machine actively refused it. (wsfe-homo.arca.gob.ar:443)
   at System.Net.Http.HttpConnectionPool.ConnectToTcpHostAsync(String host, Int32 port, HttpRequestMessage initialRequest, Boolean async, CancellationToken cancellationToken)
   at System.Net.Http.HttpConnectionPool.ConnectAsync(HttpRequestMessage request, Boolean async, CancellationToken cancellationToken)
   at System.Net.Http.HttpConnectionPool.CreateHttp11ConnectionAsync(HttpRequestMessage request, Boolean async, CancellationToken cancellationToken)
   at System.Net.Http.HttpConnectionPool.AddHttp11ConnectionAsync(QueueItem queueItem)
   at System.Threading.Tasks.TaskCompletionSourceWithCancellation`1.WaitWithCancellationAsync(CancellationToken cancellationToken)
   at System.Net.Http.HttpConnectionPool.SendWithVersionDetectionAndRetryAsync(HttpRequestMessage request, Boolean async, Boolean doRequestAuth, CancellationToken cancellationToken)
   at System.Net.Http.DiagnosticsHandler.SendAsyncCore(HttpRequestMessage request, Boolean async, CancellationToken cancellationToken)
   at System.Net.Http.RedirectHandler.SendAsync(HttpRequestMessage request, Boolean async, CancellationToken cancellationToken)
   at System.Net.Http.DecompressionHandler.SendAsync(HttpRequestMessage request, Boolean async, CancellationToken cancellationToken)
   at System.Net.Http.HttpClient.<SendAsync>g__Core|83_0(HttpRequestMessage request, HttpCompletionOption completionOption, CancellationTokenSource cts, Boolean disposeCts, CancellationTokenSource pendingRequestsCts, CancellationToken originalCancellationToken)
   at System.ServiceModel.Channels.HttpChannelFactory`1.HttpClientRequestChannel.HttpClientChannelAsyncRequest.SendRequestAsync(Message message, TimeoutHelper timeoutHelper)
No connection could be made because the target machine actively refused it.
   at System.Net.Sockets.Socket.AwaitableSocketAsyncEventArgs.ThrowException(SocketError error, CancellationToken cancellationToken)
   at System.Net.Sockets.Socket.AwaitableSocketAsyncEventArgs.System.Threading.Tasks.Sources.IValueTaskSource.GetResult(Int16 token)
   at System.Net.Sockets.Socket.<ConnectAsync>g__WaitForConnectWithCancellation|285_0(AwaitableSocketAsyncEventArgs saea, ValueTask connectTask, CancellationToken cancellationToken)
   at System.Net.Http.HttpConnectionPool.ConnectToTcpHostAsync(String host, Int32 port, HttpRequestMessage initialRequest, Boolean async, CancellationToken cancellationToken)
13/11/2025 04:53:08==>Cotizacion Invalida
   at Applet.Nat.Api.Br.Models.DocumentExp.GetCotizacion(String vivstrMoneda, DateTime vivdtm) in C:\Users\Jaco2701\Documents\Visual Studio Projects\Nat\Nat.api\Models\BR\DocumentExp.cs:line 175
   at Applet.Nat.Api.Controllers.MiscController.Statics() in C:\Users\Jaco2701\Documents\Visual Studio Projects\Nat\Nat.api\Controllers\MiscController.cs:line 45
13/11/2025 04:53:09==>Valor de Lista FORMAT:dtmwsmtxca no encontrado
   at Applet.Nat.Api.Static.ListHelper.GetValue(String vivcodType, String vivcodId, NatContext vioContext) in C:\Users\Jaco2701\Documents\Visual Studio Projects\Nat\Nat.api\Static\ListHelper.cs:line 26
   at Applet.Nat.Api.Models.Afip.AfipService.get_ivstrDateformat() in C:\Users\Jaco2701\Documents\Visual Studio Projects\Nat\Nat.api\Models\Afip\AfipService.cs:line 74
   at Applet.Nat.BR.DocumentMTXCA.GetCotizacion(String vivstrMoneda, DateTime vivdtm) in C:\Users\Jaco2701\Documents\Visual Studio Projects\Nat\Nat.api\Models\BR\DocumentMtxca.cs:line 540
13/11/2025 04:53:09==>Cotizacion Invalida
   at Applet.Nat.BR.DocumentMTXCA.GetCotizacion(String vivstrMoneda, DateTime vivdtm) in C:\Users\Jaco2701\Documents\Visual Studio Projects\Nat\Nat.api\Models\BR\DocumentMtxca.cs:line 566
   at Applet.Nat.Api.Controllers.MiscController.Statics() in C:\Users\Jaco2701\Documents\Visual Studio Projects\Nat\Nat.api\Controllers\MiscController.cs:line 65
13/11/2025 04:53:11==>No connection could be made because the target machine actively refused it. (wsfe-homo.arca.gob.ar:443)
   at System.Runtime.AsyncResult.End[TAsyncResult](IAsyncResult result)
   at System.ServiceModel.Channels.ServiceChannel.SendAsyncResult.End(SendAsyncResult result)
   at System.ServiceModel.Channels.ServiceChannel.EndCall(String action, Object[] outs, IAsyncResult result)
   at System.ServiceModel.Channels.ServiceChannelProxy.TaskCreator.<>c__DisplayClass1_0.<CreateGenericTask>b__0(IAsyncResult asyncResult)
--- End of stack trace from previous location ---
   at Applet.Nat.Api.Br.Models.DocumentExp.GetCotizacion(String vivstrMoneda, DateTime vivdtm) in C:\Users\Jaco2701\Documents\Visual Studio Projects\Nat\Nat.api\Models\BR\DocumentExp.cs:line 156
No connection could be made because the target machine actively refused it. (wsfe-homo.arca.gob.ar:443)
   at System.Net.Http.HttpConnectionPool.ConnectToTcpHostAsync(String host, Int32 port, HttpRequestMessage initialRequest, Boolean async, CancellationToken cancellationToken)
   at System.Net.Http.HttpConnectionPool.ConnectAsync(HttpRequestMessage request, Boolean async, CancellationToken cancellationToken)
   at System.Net.Http.HttpConnectionPool.CreateHttp11ConnectionAsync(HttpRequestMessage request, Boolean async, CancellationToken cancellationToken)
   at System.Net.Http.HttpConnectionPool.AddHttp11ConnectionAsync(QueueItem queueItem)
   at System.Threading.Tasks.TaskCompletionSourceWithCancellation`1.WaitWithCancellationAsync(CancellationToken cancellationToken)
   at System.Net.Http.HttpConnectionPool.SendWithVersionDetectionAndRetryAsync(HttpRequestMessage request, Boolean async, Boolean doRequestAuth, CancellationToken cancellationToken)
   at System.Net.Http.DiagnosticsHandler.SendAsyncCore(HttpRequestMessage request, Boolean async, CancellationToken cancellationToken)
   at System.Net.Http.RedirectHandler.SendAsync(HttpRequestMessage request, Boolean async, CancellationToken cancellationToken)
   at System.Net.Http.DecompressionHandler.SendAsync(HttpRequestMessage request, Boolean async, CancellationToken cancellationToken)
   at System.Net.Http.HttpClient.<SendAsync>g__Core|83_0(HttpRequestMessage request, HttpCompletionOption completionOption, CancellationTokenSource cts, Boolean disposeCts, CancellationTokenSource pendingRequestsCts, CancellationToken originalCancellationToken)
   at System.ServiceModel.Channels.HttpChannelFactory`1.HttpClientRequestChannel.HttpClientChannelAsyncRequest.SendRequestAsync(Message message, TimeoutHelper timeoutHelper)
No connection could be made because the target machine actively refused it.
   at System.Net.Sockets.Socket.AwaitableSocketAsyncEventArgs.ThrowException(SocketError error, CancellationToken cancellationToken)
   at System.Net.Sockets.Socket.AwaitableSocketAsyncEventArgs.System.Threading.Tasks.Sources.IValueTaskSource.GetResult(Int16 token)
   at System.Net.Sockets.Socket.<ConnectAsync>g__WaitForConnectWithCancellation|285_0(AwaitableSocketAsyncEventArgs saea, ValueTask connectTask, CancellationToken cancellationToken)
   at System.Net.Http.HttpConnectionPool.ConnectToTcpHostAsync(String host, Int32 port, HttpRequestMessage initialRequest, Boolean async, CancellationToken cancellationToken)
13/11/2025 04:53:11==>Cotizacion Invalida
   at Applet.Nat.Api.Br.Models.DocumentExp.GetCotizacion(String vivstrMoneda, DateTime vivdtm) in C:\Users\Jaco2701\Documents\Visual Studio Projects\Nat\Nat.api\Models\BR\DocumentExp.cs:line 175
   at Applet.Nat.Api.Controllers.MiscController.Statics() in C:\Users\Jaco2701\Documents\Visual Studio Projects\Nat\Nat.api\Controllers\MiscController.cs:line 45
13/11/2025 04:53:11==>Valor de Lista FORMAT:dtmwsmtxca no encontrado
   at Applet.Nat.Api.Static.ListHelper.GetValue(String vivcodType, String vivcodId, NatContext vioContext) in C:\Users\Jaco2701\Documents\Visual Studio Projects\Nat\Nat.api\Static\ListHelper.cs:line 26
   at Applet.Nat.Api.Models.Afip.AfipService.get_ivstrDateformat() in C:\Users\Jaco2701\Documents\Visual Studio Projects\Nat\Nat.api\Models\Afip\AfipService.cs:line 74
   at Applet.Nat.BR.DocumentMTXCA.GetCotizacion(String vivstrMoneda, DateTime vivdtm) in C:\Users\Jaco2701\Documents\Visual Studio Projects\Nat\Nat.api\Models\BR\DocumentMtxca.cs:line 540
13/11/2025 04:53:11==>Cotizacion Invalida
   at Applet.Nat.BR.DocumentMTXCA.GetCotizacion(String vivstrMoneda, DateTime vivdtm) in C:\Users\Jaco2701\Documents\Visual Studio Projects\Nat\Nat.api\Models\BR\DocumentMtxca.cs:line 566
   at Applet.Nat.Api.Controllers.MiscController.Statics() in C:\Users\Jaco2701\Documents\Visual Studio Projects\Nat\Nat.api\Controllers\MiscController.cs:line 65
13/11/2025 04:53:50==>No connection could be made because the target machine actively refused it. (wsfe-homo.arca.gob.ar:443)
   at System.Runtime.AsyncResult.End[TAsyncResult](IAsyncResult result)
   at System.ServiceModel.Channels.ServiceChannel.SendAsyncResult.End(SendAsyncResult result)
   at System.ServiceModel.Channels.ServiceChannel.EndCall(String action, Object[] outs, IAsyncResult result)
   at System.ServiceModel.Channels.ServiceChannelProxy.TaskCreator.<>c__DisplayClass1_0.<CreateGenericTask>b__0(IAsyncResult asyncResult)
--- End of stack trace from previous location ---
   at Applet.Nat.Api.Br.Models.DocumentExp.GetCotizacion(String vivstrMoneda, DateTime vivdtm) in C:\Users\Jaco2701\Documents\Visual Studio Projects\Nat\Nat.api\Models\BR\DocumentExp.cs:line 156
No connection could be made because the target machine actively refused it. (wsfe-homo.arca.gob.ar:443)
   at System.Net.Http.HttpConnectionPool.ConnectToTcpHostAsync(String host, Int32 port, HttpRequestMessage initialRequest, Boolean async, CancellationToken cancellationToken)
   at System.Net.Http.HttpConnectionPool.ConnectAsync(HttpRequestMessage request, Boolean async, CancellationToken cancellationToken)
   at System.Net.Http.HttpConnectionPool.CreateHttp11ConnectionAsync(HttpRequestMessage request, Boolean async, CancellationToken cancellationToken)
   at System.Net.Http.HttpConnectionPool.AddHttp11ConnectionAsync(QueueItem queueItem)
   at System.Threading.Tasks.TaskCompletionSourceWithCancellation`1.WaitWithCancellationAsync(CancellationToken cancellationToken)
   at System.Net.Http.HttpConnectionPool.SendWithVersionDetectionAndRetryAsync(HttpRequestMessage request, Boolean async, Boolean doRequestAuth, CancellationToken cancellationToken)
   at System.Net.Http.DiagnosticsHandler.SendAsyncCore(HttpRequestMessage request, Boolean async, CancellationToken cancellationToken)
   at System.Net.Http.RedirectHandler.SendAsync(HttpRequestMessage request, Boolean async, CancellationToken cancellationToken)
   at System.Net.Http.DecompressionHandler.SendAsync(HttpRequestMessage request, Boolean async, CancellationToken cancellationToken)
   at System.Net.Http.HttpClient.<SendAsync>g__Core|83_0(HttpRequestMessage request, HttpCompletionOption completionOption, CancellationTokenSource cts, Boolean disposeCts, CancellationTokenSource pendingRequestsCts, CancellationToken originalCancellationToken)
   at System.ServiceModel.Channels.HttpChannelFactory`1.HttpClientRequestChannel.HttpClientChannelAsyncRequest.SendRequestAsync(Message message, TimeoutHelper timeoutHelper)
No connection could be made because the target machine actively refused it.
   at System.Net.Sockets.Socket.AwaitableSocketAsyncEventArgs.ThrowException(SocketError error, CancellationToken cancellationToken)
   at System.Net.Sockets.Socket.AwaitableSocketAsyncEventArgs.System.Threading.Tasks.Sources.IValueTaskSource.GetResult(Int16 token)
   at System.Net.Sockets.Socket.<ConnectAsync>g__WaitForConnectWithCancellation|285_0(AwaitableSocketAsyncEventArgs saea, ValueTask connectTask, CancellationToken cancellationToken)
   at System.Net.Http.HttpConnectionPool.ConnectToTcpHostAsync(String host, Int32 port, HttpRequestMessage initialRequest, Boolean async, CancellationToken cancellationToken)
13/11/2025 04:53:50==>Cotizacion Invalida
   at Applet.Nat.Api.Br.Models.DocumentExp.GetCotizacion(String vivstrMoneda, DateTime vivdtm) in C:\Users\Jaco2701\Documents\Visual Studio Projects\Nat\Nat.api\Models\BR\DocumentExp.cs:line 175
   at Applet.Nat.Api.Controllers.MiscController.Statics() in C:\Users\Jaco2701\Documents\Visual Studio Projects\Nat\Nat.api\Controllers\MiscController.cs:line 45
13/11/2025 04:53:50==>Valor de Lista FORMAT:dtmwsmtxca no encontrado
   at Applet.Nat.Api.Static.ListHelper.GetValue(String vivcodType, String vivcodId, NatContext vioContext) in C:\Users\Jaco2701\Documents\Visual Studio Projects\Nat\Nat.api\Static\ListHelper.cs:line 26
   at Applet.Nat.Api.Models.Afip.AfipService.get_ivstrDateformat() in C:\Users\Jaco2701\Documents\Visual Studio Projects\Nat\Nat.api\Models\Afip\AfipService.cs:line 74
   at Applet.Nat.BR.DocumentMTXCA.GetCotizacion(String vivstrMoneda, DateTime vivdtm) in C:\Users\Jaco2701\Documents\Visual Studio Projects\Nat\Nat.api\Models\BR\DocumentMtxca.cs:line 540
13/11/2025 04:53:50==>Cotizacion Invalida
   at Applet.Nat.BR.DocumentMTXCA.GetCotizacion(String vivstrMoneda, DateTime vivdtm) in C:\Users\Jaco2701\Documents\Visual Studio Projects\Nat\Nat.api\Models\BR\DocumentMtxca.cs:line 566
   at Applet.Nat.Api.Controllers.MiscController.Statics() in C:\Users\Jaco2701\Documents\Visual Studio Projects\Nat\Nat.api\Controllers\MiscController.cs:line 65
13/11/2025 04:53:53==>No connection could be made because the target machine actively refused it. (wsfe-homo.arca.gob.ar:443)
   at System.Runtime.AsyncResult.End[TAsyncResult](IAsyncResult result)
   at System.ServiceModel.Channels.ServiceChannel.SendAsyncResult.End(SendAsyncResult result)
   at System.ServiceModel.Channels.ServiceChannel.EndCall(String action, Object[] outs, IAsyncResult result)
   at System.ServiceModel.Channels.ServiceChannelProxy.TaskCreator.<>c__DisplayClass1_0.<CreateGenericTask>b__0(IAsyncResult asyncResult)
--- End of stack trace from previous location ---
   at Applet.Nat.Api.Br.Models.DocumentExp.GetCotizacion(String vivstrMoneda, DateTime vivdtm) in C:\Users\Jaco2701\Documents\Visual Studio Projects\Nat\Nat.api\Models\BR\DocumentExp.cs:line 156
No connection could be made because the target machine actively refused it. (wsfe-homo.arca.gob.ar:443)
   at System.Net.Http.HttpConnectionPool.ConnectToTcpHostAsync(String host, Int32 port, HttpRequestMessage initialRequest, Boolean async, CancellationToken cancellationToken)
   at System.Net.Http.HttpConnectionPool.ConnectAsync(HttpRequestMessage request, Boolean async, CancellationToken cancellationToken)
   at System.Net.Http.HttpConnectionPool.CreateHttp11ConnectionAsync(HttpRequestMessage request, Boolean async, CancellationToken cancellationToken)
   at System.Net.Http.HttpConnectionPool.AddHttp11ConnectionAsync(QueueItem queueItem)
   at System.Threading.Tasks.TaskCompletionSourceWithCancellation`1.WaitWithCancellationAsync(CancellationToken cancellationToken)
   at System.Net.Http.HttpConnectionPool.SendWithVersionDetectionAndRetryAsync(HttpRequestMessage request, Boolean async, Boolean doRequestAuth, CancellationToken cancellationToken)
   at System.Net.Http.DiagnosticsHandler.SendAsyncCore(HttpRequestMessage request, Boolean async, CancellationToken cancellationToken)
   at System.Net.Http.RedirectHandler.SendAsync(HttpRequestMessage request, Boolean async, CancellationToken cancellationToken)
   at System.Net.Http.DecompressionHandler.SendAsync(HttpRequestMessage request, Boolean async, CancellationToken cancellationToken)
   at System.Net.Http.HttpClient.<SendAsync>g__Core|83_0(HttpRequestMessage request, HttpCompletionOption completionOption, CancellationTokenSource cts, Boolean disposeCts, CancellationTokenSource pendingRequestsCts, CancellationToken originalCancellationToken)
   at System.ServiceModel.Channels.HttpChannelFactory`1.HttpClientRequestChannel.HttpClientChannelAsyncRequest.SendRequestAsync(Message message, TimeoutHelper timeoutHelper)
No connection could be made because the target machine actively refused it.
   at System.Net.Sockets.Socket.AwaitableSocketAsyncEventArgs.ThrowException(SocketError error, CancellationToken cancellationToken)
   at System.Net.Sockets.Socket.AwaitableSocketAsyncEventArgs.System.Threading.Tasks.Sources.IValueTaskSource.GetResult(Int16 token)
   at System.Net.Sockets.Socket.<ConnectAsync>g__WaitForConnectWithCancellation|285_0(AwaitableSocketAsyncEventArgs saea, ValueTask connectTask, CancellationToken cancellationToken)
   at System.Net.Http.HttpConnectionPool.ConnectToTcpHostAsync(String host, Int32 port, HttpRequestMessage initialRequest, Boolean async, CancellationToken cancellationToken)
13/11/2025 04:53:53==>Cotizacion Invalida
   at Applet.Nat.Api.Br.Models.DocumentExp.GetCotizacion(String vivstrMoneda, DateTime vivdtm) in C:\Users\Jaco2701\Documents\Visual Studio Projects\Nat\Nat.api\Models\BR\DocumentExp.cs:line 175
   at Applet.Nat.Api.Controllers.MiscController.Statics() in C:\Users\Jaco2701\Documents\Visual Studio Projects\Nat\Nat.api\Controllers\MiscController.cs:line 45
13/11/2025 04:53:53==>Valor de Lista FORMAT:dtmwsmtxca no encontrado
   at Applet.Nat.Api.Static.ListHelper.GetValue(String vivcodType, String vivcodId, NatContext vioContext) in C:\Users\Jaco2701\Documents\Visual Studio Projects\Nat\Nat.api\Static\ListHelper.cs:line 26
   at Applet.Nat.Api.Models.Afip.AfipService.get_ivstrDateformat() in C:\Users\Jaco2701\Documents\Visual Studio Projects\Nat\Nat.api\Models\Afip\AfipService.cs:line 74
   at Applet.Nat.BR.DocumentMTXCA.GetCotizacion(String vivstrMoneda, DateTime vivdtm) in C:\Users\Jaco2701\Documents\Visual Studio Projects\Nat\Nat.api\Models\BR\DocumentMtxca.cs:line 540
13/11/2025 04:53:53==>Cotizacion Invalida
   at Applet.Nat.BR.DocumentMTXCA.GetCotizacion(String vivstrMoneda, DateTime vivdtm) in C:\Users\Jaco2701\Documents\Visual Studio Projects\Nat\Nat.api\Models\BR\DocumentMtxca.cs:line 566
   at Applet.Nat.Api.Controllers.MiscController.Statics() in C:\Users\Jaco2701\Documents\Visual Studio Projects\Nat\Nat.api\Controllers\MiscController.cs:line 65
13/11/2025 04:53:55==>No connection could be made because the target machine actively refused it. (wsfe-homo.arca.gob.ar:443)
   at System.Runtime.AsyncResult.End[TAsyncResult](IAsyncResult result)
   at System.ServiceModel.Channels.ServiceChannel.SendAsyncResult.End(SendAsyncResult result)
   at System.ServiceModel.Channels.ServiceChannel.EndCall(String action, Object[] outs, IAsyncResult result)
   at System.ServiceModel.Channels.ServiceChannelProxy.TaskCreator.<>c__DisplayClass1_0.<CreateGenericTask>b__0(IAsyncResult asyncResult)
--- End of stack trace from previous location ---
   at Applet.Nat.Api.Br.Models.DocumentExp.GetCotizacion(String vivstrMoneda, DateTime vivdtm) in C:\Users\Jaco2701\Documents\Visual Studio Projects\Nat\Nat.api\Models\BR\DocumentExp.cs:line 156
No connection could be made because the target machine actively refused it. (wsfe-homo.arca.gob.ar:443)
   at System.Net.Http.HttpConnectionPool.ConnectToTcpHostAsync(String host, Int32 port, HttpRequestMessage initialRequest, Boolean async, CancellationToken cancellationToken)
   at System.Net.Http.HttpConnectionPool.ConnectAsync(HttpRequestMessage request, Boolean async, CancellationToken cancellationToken)
   at System.Net.Http.HttpConnectionPool.CreateHttp11ConnectionAsync(HttpRequestMessage request, Boolean async, CancellationToken cancellationToken)
   at System.Net.Http.HttpConnectionPool.AddHttp11ConnectionAsync(QueueItem queueItem)
   at System.Threading.Tasks.TaskCompletionSourceWithCancellation`1.WaitWithCancellationAsync(CancellationToken cancellationToken)
   at System.Net.Http.HttpConnectionPool.SendWithVersionDetectionAndRetryAsync(HttpRequestMessage request, Boolean async, Boolean doRequestAuth, CancellationToken cancellationToken)
   at System.Net.Http.DiagnosticsHandler.SendAsyncCore(HttpRequestMessage request, Boolean async, CancellationToken cancellationToken)
   at System.Net.Http.RedirectHandler.SendAsync(HttpRequestMessage request, Boolean async, CancellationToken cancellationToken)
   at System.Net.Http.DecompressionHandler.SendAsync(HttpRequestMessage request, Boolean async, CancellationToken cancellationToken)
   at System.Net.Http.HttpClient.<SendAsync>g__Core|83_0(HttpRequestMessage request, HttpCompletionOption completionOption, CancellationTokenSource cts, Boolean disposeCts, CancellationTokenSource pendingRequestsCts, CancellationToken originalCancellationToken)
   at System.ServiceModel.Channels.HttpChannelFactory`1.HttpClientRequestChannel.HttpClientChannelAsyncRequest.SendRequestAsync(Message message, TimeoutHelper timeoutHelper)
No connection could be made because the target machine actively refused it.
   at System.Net.Sockets.Socket.AwaitableSocketAsyncEventArgs.ThrowException(SocketError error, CancellationToken cancellationToken)
   at System.Net.Sockets.Socket.AwaitableSocketAsyncEventArgs.System.Threading.Tasks.Sources.IValueTaskSource.GetResult(Int16 token)
   at System.Net.Sockets.Socket.<ConnectAsync>g__WaitForConnectWithCancellation|285_0(AwaitableSocketAsyncEventArgs saea, ValueTask connectTask, CancellationToken cancellationToken)
   at System.Net.Http.HttpConnectionPool.ConnectToTcpHostAsync(String host, Int32 port, HttpRequestMessage initialRequest, Boolean async, CancellationToken cancellationToken)
13/11/2025 04:53:55==>Cotizacion Invalida
   at Applet.Nat.Api.Br.Models.DocumentExp.GetCotizacion(String vivstrMoneda, DateTime vivdtm) in C:\Users\Jaco2701\Documents\Visual Studio Projects\Nat\Nat.api\Models\BR\DocumentExp.cs:line 175
   at Applet.Nat.Api.Controllers.MiscController.Statics() in C:\Users\Jaco2701\Documents\Visual Studio Projects\Nat\Nat.api\Controllers\MiscController.cs:line 45
13/11/2025 04:53:55==>Valor de Lista FORMAT:dtmwsmtxca no encontrado
   at Applet.Nat.Api.Static.ListHelper.GetValue(String vivcodType, String vivcodId, NatContext vioContext) in C:\Users\Jaco2701\Documents\Visual Studio Projects\Nat\Nat.api\Static\ListHelper.cs:line 26
   at Applet.Nat.Api.Models.Afip.AfipService.get_ivstrDateformat() in C:\Users\Jaco2701\Documents\Visual Studio Projects\Nat\Nat.api\Models\Afip\AfipService.cs:line 74
   at Applet.Nat.BR.DocumentMTXCA.GetCotizacion(String vivstrMoneda, DateTime vivdtm) in C:\Users\Jaco2701\Documents\Visual Studio Projects\Nat\Nat.api\Models\BR\DocumentMtxca.cs:line 540
13/11/2025 04:53:55==>Cotizacion Invalida
   at Applet.Nat.BR.DocumentMTXCA.GetCotizacion(String vivstrMoneda, DateTime vivdtm) in C:\Users\Jaco2701\Documents\Visual Studio Projects\Nat\Nat.api\Models\BR\DocumentMtxca.cs:line 566
   at Applet.Nat.Api.Controllers.MiscController.Statics() in C:\Users\Jaco2701\Documents\Visual Studio Projects\Nat\Nat.api\Controllers\MiscController.cs:line 65
13/11/2025 04:54:31==>No connection could be made because the target machine actively refused it. (wsfe-homo.arca.gob.ar:443)
   at System.Runtime.AsyncResult.End[TAsyncResult](IAsyncResult result)
   at System.ServiceModel.Channels.ServiceChannel.SendAsyncResult.End(SendAsyncResult result)
   at System.ServiceModel.Channels.ServiceChannel.EndCall(String action, Object[] outs, IAsyncResult result)
   at System.ServiceModel.Channels.ServiceChannelProxy.TaskCreator.<>c__DisplayClass1_0.<CreateGenericTask>b__0(IAsyncResult asyncResult)
--- End of stack trace from previous location ---
   at Applet.Nat.Api.Br.Models.DocumentExp.GetCotizacion(String vivstrMoneda, DateTime vivdtm) in C:\Users\Jaco2701\Documents\Visual Studio Projects\Nat\Nat.api\Models\BR\DocumentExp.cs:line 156
No connection could be made because the target machine actively refused it. (wsfe-homo.arca.gob.ar:443)
   at System.Net.Http.HttpConnectionPool.ConnectToTcpHostAsync(String host, Int32 port, HttpRequestMessage initialRequest, Boolean async, CancellationToken cancellationToken)
   at System.Net.Http.HttpConnectionPool.ConnectAsync(HttpRequestMessage request, Boolean async, CancellationToken cancellationToken)
   at System.Net.Http.HttpConnectionPool.CreateHttp11ConnectionAsync(HttpRequestMessage request, Boolean async, CancellationToken cancellationToken)
   at System.Net.Http.HttpConnectionPool.AddHttp11ConnectionAsync(QueueItem queueItem)
   at System.Threading.Tasks.TaskCompletionSourceWithCancellation`1.WaitWithCancellationAsync(CancellationToken cancellationToken)
   at System.Net.Http.HttpConnectionPool.SendWithVersionDetectionAndRetryAsync(HttpRequestMessage request, Boolean async, Boolean doRequestAuth, CancellationToken cancellationToken)
   at System.Net.Http.DiagnosticsHandler.SendAsyncCore(HttpRequestMessage request, Boolean async, CancellationToken cancellationToken)
   at System.Net.Http.RedirectHandler.SendAsync(HttpRequestMessage request, Boolean async, CancellationToken cancellationToken)
   at System.Net.Http.DecompressionHandler.SendAsync(HttpRequestMessage request, Boolean async, CancellationToken cancellationToken)
   at System.Net.Http.HttpClient.<SendAsync>g__Core|83_0(HttpRequestMessage request, HttpCompletionOption completionOption, CancellationTokenSource cts, Boolean disposeCts, CancellationTokenSource pendingRequestsCts, CancellationToken originalCancellationToken)
   at System.ServiceModel.Channels.HttpChannelFactory`1.HttpClientRequestChannel.HttpClientChannelAsyncRequest.SendRequestAsync(Message message, TimeoutHelper timeoutHelper)
No connection could be made because the target machine actively refused it.
   at System.Net.Sockets.Socket.AwaitableSocketAsyncEventArgs.ThrowException(SocketError error, CancellationToken cancellationToken)
   at System.Net.Sockets.Socket.AwaitableSocketAsyncEventArgs.System.Threading.Tasks.Sources.IValueTaskSource.GetResult(Int16 token)
   at System.Net.Sockets.Socket.<ConnectAsync>g__WaitForConnectWithCancellation|285_0(AwaitableSocketAsyncEventArgs saea, ValueTask connectTask, CancellationToken cancellationToken)
   at System.Net.Http.HttpConnectionPool.ConnectToTcpHostAsync(String host, Int32 port, HttpRequestMessage initialRequest, Boolean async, CancellationToken cancellationToken)
13/11/2025 04:54:31==>Cotizacion Invalida
   at Applet.Nat.Api.Br.Models.DocumentExp.GetCotizacion(String vivstrMoneda, DateTime vivdtm) in C:\Users\Jaco2701\Documents\Visual Studio Projects\Nat\Nat.api\Models\BR\DocumentExp.cs:line 175
   at Applet.Nat.Api.Controllers.MiscController.Statics() in C:\Users\Jaco2701\Documents\Visual Studio Projects\Nat\Nat.api\Controllers\MiscController.cs:line 45
13/11/2025 04:54:31==>Valor de Lista FORMAT:dtmwsmtxca no encontrado
   at Applet.Nat.Api.Static.ListHelper.GetValue(String vivcodType, String vivcodId, NatContext vioContext) in C:\Users\Jaco2701\Documents\Visual Studio Projects\Nat\Nat.api\Static\ListHelper.cs:line 26
   at Applet.Nat.Api.Models.Afip.AfipService.get_ivstrDateformat() in C:\Users\Jaco2701\Documents\Visual Studio Projects\Nat\Nat.api\Models\Afip\AfipService.cs:line 74
   at Applet.Nat.BR.DocumentMTXCA.GetCotizacion(String vivstrMoneda, DateTime vivdtm) in C:\Users\Jaco2701\Documents\Visual Studio Projects\Nat\Nat.api\Models\BR\DocumentMtxca.cs:line 540
13/11/2025 04:54:31==>Cotizacion Invalida
   at Applet.Nat.BR.DocumentMTXCA.GetCotizacion(String vivstrMoneda, DateTime vivdtm) in C:\Users\Jaco2701\Documents\Visual Studio Projects\Nat\Nat.api\Models\BR\DocumentMtxca.cs:line 566
   at Applet.Nat.Api.Controllers.MiscController.Statics() in C:\Users\Jaco2701\Documents\Visual Studio Projects\Nat\Nat.api\Controllers\MiscController.cs:line 65
13/11/2025 04:54:34==>No connection could be made because the target machine actively refused it. (wsfe-homo.arca.gob.ar:443)
   at System.Runtime.AsyncResult.End[TAsyncResult](IAsyncResult result)
   at System.ServiceModel.Channels.ServiceChannel.SendAsyncResult.End(SendAsyncResult result)
   at System.ServiceModel.Channels.ServiceChannel.EndCall(String action, Object[] outs, IAsyncResult result)
   at System.ServiceModel.Channels.ServiceChannelProxy.TaskCreator.<>c__DisplayClass1_0.<CreateGenericTask>b__0(IAsyncResult asyncResult)
--- End of stack trace from previous location ---
   at Applet.Nat.Api.Br.Models.DocumentExp.GetCotizacion(String vivstrMoneda, DateTime vivdtm) in C:\Users\Jaco2701\Documents\Visual Studio Projects\Nat\Nat.api\Models\BR\DocumentExp.cs:line 156
No connection could be made because the target machine actively refused it. (wsfe-homo.arca.gob.ar:443)
   at System.Net.Http.HttpConnectionPool.ConnectToTcpHostAsync(String host, Int32 port, HttpRequestMessage initialRequest, Boolean async, CancellationToken cancellationToken)
   at System.Net.Http.HttpConnectionPool.ConnectAsync(HttpRequestMessage request, Boolean async, CancellationToken cancellationToken)
   at System.Net.Http.HttpConnectionPool.CreateHttp11ConnectionAsync(HttpRequestMessage request, Boolean async, CancellationToken cancellationToken)
   at System.Net.Http.HttpConnectionPool.AddHttp11ConnectionAsync(QueueItem queueItem)
   at System.Threading.Tasks.TaskCompletionSourceWithCancellation`1.WaitWithCancellationAsync(CancellationToken cancellationToken)
   at System.Net.Http.HttpConnectionPool.SendWithVersionDetectionAndRetryAsync(HttpRequestMessage request, Boolean async, Boolean doRequestAuth, CancellationToken cancellationToken)
   at System.Net.Http.DiagnosticsHandler.SendAsyncCore(HttpRequestMessage request, Boolean async, CancellationToken cancellationToken)
   at System.Net.Http.RedirectHandler.SendAsync(HttpRequestMessage request, Boolean async, CancellationToken cancellationToken)
   at System.Net.Http.DecompressionHandler.SendAsync(HttpRequestMessage request, Boolean async, CancellationToken cancellationToken)
   at System.Net.Http.HttpClient.<SendAsync>g__Core|83_0(HttpRequestMessage request, HttpCompletionOption completionOption, CancellationTokenSource cts, Boolean disposeCts, CancellationTokenSource pendingRequestsCts, CancellationToken originalCancellationToken)
   at System.ServiceModel.Channels.HttpChannelFactory`1.HttpClientRequestChannel.HttpClientChannelAsyncRequest.SendRequestAsync(Message message, TimeoutHelper timeoutHelper)
No connection could be made because the target machine actively refused it.
   at System.Net.Sockets.Socket.AwaitableSocketAsyncEventArgs.ThrowException(SocketError error, CancellationToken cancellationToken)
   at System.Net.Sockets.Socket.AwaitableSocketAsyncEventArgs.System.Threading.Tasks.Sources.IValueTaskSource.GetResult(Int16 token)
   at System.Net.Sockets.Socket.<ConnectAsync>g__WaitForConnectWithCancellation|285_0(AwaitableSocketAsyncEventArgs saea, ValueTask connectTask, CancellationToken cancellationToken)
   at System.Net.Http.HttpConnectionPool.ConnectToTcpHostAsync(String host, Int32 port, HttpRequestMessage initialRequest, Boolean async, CancellationToken cancellationToken)
13/11/2025 04:54:34==>Cotizacion Invalida
   at Applet.Nat.Api.Br.Models.DocumentExp.GetCotizacion(String vivstrMoneda, DateTime vivdtm) in C:\Users\Jaco2701\Documents\Visual Studio Projects\Nat\Nat.api\Models\BR\DocumentExp.cs:line 175
   at Applet.Nat.Api.Controllers.MiscController.Statics() in C:\Users\Jaco2701\Documents\Visual Studio Projects\Nat\Nat.api\Controllers\MiscController.cs:line 45
13/11/2025 04:54:34==>Valor de Lista FORMAT:dtmwsmtxca no encontrado
   at Applet.Nat.Api.Static.ListHelper.GetValue(String vivcodType, String vivcodId, NatContext vioContext) in C:\Users\Jaco2701\Documents\Visual Studio Projects\Nat\Nat.api\Static\ListHelper.cs:line 26
   at Applet.Nat.Api.Models.Afip.AfipService.get_ivstrDateformat() in C:\Users\Jaco2701\Documents\Visual Studio Projects\Nat\Nat.api\Models\Afip\AfipService.cs:line 74
   at Applet.Nat.BR.DocumentMTXCA.GetCotizacion(String vivstrMoneda, DateTime vivdtm) in C:\Users\Jaco2701\Documents\Visual Studio Projects\Nat\Nat.api\Models\BR\DocumentMtxca.cs:line 540
13/11/2025 04:54:34==>Cotizacion Invalida
   at Applet.Nat.BR.DocumentMTXCA.GetCotizacion(String vivstrMoneda, DateTime vivdtm) in C:\Users\Jaco2701\Documents\Visual Studio Projects\Nat\Nat.api\Models\BR\DocumentMtxca.cs:line 566
   at Applet.Nat.Api.Controllers.MiscController.Statics() in C:\Users\Jaco2701\Documents\Visual Studio Projects\Nat\Nat.api\Controllers\MiscController.cs:line 65
13/11/2025 04:54:36==>No connection could be made because the target machine actively refused it. (wsfe-homo.arca.gob.ar:443)
   at System.Runtime.AsyncResult.End[TAsyncResult](IAsyncResult result)
   at System.ServiceModel.Channels.ServiceChannel.SendAsyncResult.End(SendAsyncResult result)
   at System.ServiceModel.Channels.ServiceChannel.EndCall(String action, Object[] outs, IAsyncResult result)
   at System.ServiceModel.Channels.ServiceChannelProxy.TaskCreator.<>c__DisplayClass1_0.<CreateGenericTask>b__0(IAsyncResult asyncResult)
--- End of stack trace from previous location ---
   at Applet.Nat.Api.Br.Models.DocumentExp.GetCotizacion(String vivstrMoneda, DateTime vivdtm) in C:\Users\Jaco2701\Documents\Visual Studio Projects\Nat\Nat.api\Models\BR\DocumentExp.cs:line 156
No connection could be made because the target machine actively refused it. (wsfe-homo.arca.gob.ar:443)
   at System.Net.Http.HttpConnectionPool.ConnectToTcpHostAsync(String host, Int32 port, HttpRequestMessage initialRequest, Boolean async, CancellationToken cancellationToken)
   at System.Net.Http.HttpConnectionPool.ConnectAsync(HttpRequestMessage request, Boolean async, CancellationToken cancellationToken)
   at System.Net.Http.HttpConnectionPool.CreateHttp11ConnectionAsync(HttpRequestMessage request, Boolean async, CancellationToken cancellationToken)
   at System.Net.Http.HttpConnectionPool.AddHttp11ConnectionAsync(QueueItem queueItem)
   at System.Threading.Tasks.TaskCompletionSourceWithCancellation`1.WaitWithCancellationAsync(CancellationToken cancellationToken)
   at System.Net.Http.HttpConnectionPool.SendWithVersionDetectionAndRetryAsync(HttpRequestMessage request, Boolean async, Boolean doRequestAuth, CancellationToken cancellationToken)
   at System.Net.Http.DiagnosticsHandler.SendAsyncCore(HttpRequestMessage request, Boolean async, CancellationToken cancellationToken)
   at System.Net.Http.RedirectHandler.SendAsync(HttpRequestMessage request, Boolean async, CancellationToken cancellationToken)
   at System.Net.Http.DecompressionHandler.SendAsync(HttpRequestMessage request, Boolean async, CancellationToken cancellationToken)
   at System.Net.Http.HttpClient.<SendAsync>g__Core|83_0(HttpRequestMessage request, HttpCompletionOption completionOption, CancellationTokenSource cts, Boolean disposeCts, CancellationTokenSource pendingRequestsCts, CancellationToken originalCancellationToken)
   at System.ServiceModel.Channels.HttpChannelFactory`1.HttpClientRequestChannel.HttpClientChannelAsyncRequest.SendRequestAsync(Message message, TimeoutHelper timeoutHelper)
No connection could be made because the target machine actively refused it.
   at System.Net.Sockets.Socket.AwaitableSocketAsyncEventArgs.ThrowException(SocketError error, CancellationToken cancellationToken)
   at System.Net.Sockets.Socket.AwaitableSocketAsyncEventArgs.System.Threading.Tasks.Sources.IValueTaskSource.GetResult(Int16 token)
   at System.Net.Sockets.Socket.<ConnectAsync>g__WaitForConnectWithCancellation|285_0(AwaitableSocketAsyncEventArgs saea, ValueTask connectTask, CancellationToken cancellationToken)
   at System.Net.Http.HttpConnectionPool.ConnectToTcpHostAsync(String host, Int32 port, HttpRequestMessage initialRequest, Boolean async, CancellationToken cancellationToken)
13/11/2025 04:54:36==>Cotizacion Invalida
   at Applet.Nat.Api.Br.Models.DocumentExp.GetCotizacion(String vivstrMoneda, DateTime vivdtm) in C:\Users\Jaco2701\Documents\Visual Studio Projects\Nat\Nat.api\Models\BR\DocumentExp.cs:line 175
   at Applet.Nat.Api.Controllers.MiscController.Statics() in C:\Users\Jaco2701\Documents\Visual Studio Projects\Nat\Nat.api\Controllers\MiscController.cs:line 45
13/11/2025 04:54:36==>Valor de Lista FORMAT:dtmwsmtxca no encontrado
   at Applet.Nat.Api.Static.ListHelper.GetValue(String vivcodType, String vivcodId, NatContext vioContext) in C:\Users\Jaco2701\Documents\Visual Studio Projects\Nat\Nat.api\Static\ListHelper.cs:line 26
   at Applet.Nat.Api.Models.Afip.AfipService.get_ivstrDateformat() in C:\Users\Jaco2701\Documents\Visual Studio Projects\Nat\Nat.api\Models\Afip\AfipService.cs:line 74
   at Applet.Nat.BR.DocumentMTXCA.GetCotizacion(String vivstrMoneda, DateTime vivdtm) in C:\Users\Jaco2701\Documents\Visual Studio Projects\Nat\Nat.api\Models\BR\DocumentMtxca.cs:line 540
13/11/2025 04:54:36==>Cotizacion Invalida
   at Applet.Nat.BR.DocumentMTXCA.GetCotizacion(String vivstrMoneda, DateTime vivdtm) in C:\Users\Jaco2701\Documents\Visual Studio Projects\Nat\Nat.api\Models\BR\DocumentMtxca.cs:line 566
   at Applet.Nat.Api.Controllers.MiscController.Statics() in C:\Users\Jaco2701\Documents\Visual Studio Projects\Nat\Nat.api\Controllers\MiscController.cs:line 65
13/11/2025 04:54:38==>No connection could be made because the target machine actively refused it. (wsfe-homo.arca.gob.ar:443)
   at System.Runtime.AsyncResult.End[TAsyncResult](IAsyncResult result)
   at System.ServiceModel.Channels.ServiceChannel.SendAsyncResult.End(SendAsyncResult result)
   at System.ServiceModel.Channels.ServiceChannel.EndCall(String action, Object[] outs, IAsyncResult result)
   at System.ServiceModel.Channels.ServiceChannelProxy.TaskCreator.<>c__DisplayClass1_0.<CreateGenericTask>b__0(IAsyncResult asyncResult)
--- End of stack trace from previous location ---
   at Applet.Nat.Api.Br.Models.DocumentExp.GetCotizacion(String vivstrMoneda, DateTime vivdtm) in C:\Users\Jaco2701\Documents\Visual Studio Projects\Nat\Nat.api\Models\BR\DocumentExp.cs:line 156
No connection could be made because the target machine actively refused it. (wsfe-homo.arca.gob.ar:443)
   at System.Net.Http.HttpConnectionPool.ConnectToTcpHostAsync(String host, Int32 port, HttpRequestMessage initialRequest, Boolean async, CancellationToken cancellationToken)
   at System.Net.Http.HttpConnectionPool.ConnectAsync(HttpRequestMessage request, Boolean async, CancellationToken cancellationToken)
   at System.Net.Http.HttpConnectionPool.CreateHttp11ConnectionAsync(HttpRequestMessage request, Boolean async, CancellationToken cancellationToken)
   at System.Net.Http.HttpConnectionPool.AddHttp11ConnectionAsync(QueueItem queueItem)
   at System.Threading.Tasks.TaskCompletionSourceWithCancellation`1.WaitWithCancellationAsync(CancellationToken cancellationToken)
   at System.Net.Http.HttpConnectionPool.SendWithVersionDetectionAndRetryAsync(HttpRequestMessage request, Boolean async, Boolean doRequestAuth, CancellationToken cancellationToken)
   at System.Net.Http.DiagnosticsHandler.SendAsyncCore(HttpRequestMessage request, Boolean async, CancellationToken cancellationToken)
   at System.Net.Http.RedirectHandler.SendAsync(HttpRequestMessage request, Boolean async, CancellationToken cancellationToken)
   at System.Net.Http.DecompressionHandler.SendAsync(HttpRequestMessage request, Boolean async, CancellationToken cancellationToken)
   at System.Net.Http.HttpClient.<SendAsync>g__Core|83_0(HttpRequestMessage request, HttpCompletionOption completionOption, CancellationTokenSource cts, Boolean disposeCts, CancellationTokenSource pendingRequestsCts, CancellationToken originalCancellationToken)
   at System.ServiceModel.Channels.HttpChannelFactory`1.HttpClientRequestChannel.HttpClientChannelAsyncRequest.SendRequestAsync(Message message, TimeoutHelper timeoutHelper)
No connection could be made because the target machine actively refused it.
   at System.Net.Sockets.Socket.AwaitableSocketAsyncEventArgs.ThrowException(SocketError error, CancellationToken cancellationToken)
   at System.Net.Sockets.Socket.AwaitableSocketAsyncEventArgs.System.Threading.Tasks.Sources.IValueTaskSource.GetResult(Int16 token)
   at System.Net.Sockets.Socket.<ConnectAsync>g__WaitForConnectWithCancellation|285_0(AwaitableSocketAsyncEventArgs saea, ValueTask connectTask, CancellationToken cancellationToken)
   at System.Net.Http.HttpConnectionPool.ConnectToTcpHostAsync(String host, Int32 port, HttpRequestMessage initialRequest, Boolean async, CancellationToken cancellationToken)
13/11/2025 04:54:38==>Cotizacion Invalida
   at Applet.Nat.Api.Br.Models.DocumentExp.GetCotizacion(String vivstrMoneda, DateTime vivdtm) in C:\Users\Jaco2701\Documents\Visual Studio Projects\Nat\Nat.api\Models\BR\DocumentExp.cs:line 175
   at Applet.Nat.Api.Controllers.MiscController.Statics() in C:\Users\Jaco2701\Documents\Visual Studio Projects\Nat\Nat.api\Controllers\MiscController.cs:line 45
13/11/2025 04:54:39==>Valor de Lista FORMAT:dtmwsmtxca no encontrado
   at Applet.Nat.Api.Static.ListHelper.GetValue(String vivcodType, String vivcodId, NatContext vioContext) in C:\Users\Jaco2701\Documents\Visual Studio Projects\Nat\Nat.api\Static\ListHelper.cs:line 26
   at Applet.Nat.Api.Models.Afip.AfipService.get_ivstrDateformat() in C:\Users\Jaco2701\Documents\Visual Studio Projects\Nat\Nat.api\Models\Afip\AfipService.cs:line 74
   at Applet.Nat.BR.DocumentMTXCA.GetCotizacion(String vivstrMoneda, DateTime vivdtm) in C:\Users\Jaco2701\Documents\Visual Studio Projects\Nat\Nat.api\Models\BR\DocumentMtxca.cs:line 540
13/11/2025 04:54:39==>Cotizacion Invalida
   at Applet.Nat.BR.DocumentMTXCA.GetCotizacion(String vivstrMoneda, DateTime vivdtm) in C:\Users\Jaco2701\Documents\Visual Studio Projects\Nat\Nat.api\Models\BR\DocumentMtxca.cs:line 566
   at Applet.Nat.Api.Controllers.MiscController.Statics() in C:\Users\Jaco2701\Documents\Visual Studio Projects\Nat\Nat.api\Controllers\MiscController.cs:line 65
13/11/2025 04:54:41==>No connection could be made because the target machine actively refused it. (wsfe-homo.arca.gob.ar:443)
   at System.Runtime.AsyncResult.End[TAsyncResult](IAsyncResult result)
   at System.ServiceModel.Channels.ServiceChannel.SendAsyncResult.End(SendAsyncResult result)
   at System.ServiceModel.Channels.ServiceChannel.EndCall(String action, Object[] outs, IAsyncResult result)
   at System.ServiceModel.Channels.ServiceChannelProxy.TaskCreator.<>c__DisplayClass1_0.<CreateGenericTask>b__0(IAsyncResult asyncResult)
--- End of stack trace from previous location ---
   at Applet.Nat.Api.Br.Models.DocumentExp.GetCotizacion(String vivstrMoneda, DateTime vivdtm) in C:\Users\Jaco2701\Documents\Visual Studio Projects\Nat\Nat.api\Models\BR\DocumentExp.cs:line 156
No connection could be made because the target machine actively refused it. (wsfe-homo.arca.gob.ar:443)
   at System.Net.Http.HttpConnectionPool.ConnectToTcpHostAsync(String host, Int32 port, HttpRequestMessage initialRequest, Boolean async, CancellationToken cancellationToken)
   at System.Net.Http.HttpConnectionPool.ConnectAsync(HttpRequestMessage request, Boolean async, CancellationToken cancellationToken)
   at System.Net.Http.HttpConnectionPool.CreateHttp11ConnectionAsync(HttpRequestMessage request, Boolean async, CancellationToken cancellationToken)
   at System.Net.Http.HttpConnectionPool.AddHttp11ConnectionAsync(QueueItem queueItem)
   at System.Threading.Tasks.TaskCompletionSourceWithCancellation`1.WaitWithCancellationAsync(CancellationToken cancellationToken)
   at System.Net.Http.HttpConnectionPool.SendWithVersionDetectionAndRetryAsync(HttpRequestMessage request, Boolean async, Boolean doRequestAuth, CancellationToken cancellationToken)
   at System.Net.Http.DiagnosticsHandler.SendAsyncCore(HttpRequestMessage request, Boolean async, CancellationToken cancellationToken)
   at System.Net.Http.RedirectHandler.SendAsync(HttpRequestMessage request, Boolean async, CancellationToken cancellationToken)
   at System.Net.Http.DecompressionHandler.SendAsync(HttpRequestMessage request, Boolean async, CancellationToken cancellationToken)
   at System.Net.Http.HttpClient.<SendAsync>g__Core|83_0(HttpRequestMessage request, HttpCompletionOption completionOption, CancellationTokenSource cts, Boolean disposeCts, CancellationTokenSource pendingRequestsCts, CancellationToken originalCancellationToken)
   at System.ServiceModel.Channels.HttpChannelFactory`1.HttpClientRequestChannel.HttpClientChannelAsyncRequest.SendRequestAsync(Message message, TimeoutHelper timeoutHelper)
No connection could be made because the target machine actively refused it.
   at System.Net.Sockets.Socket.AwaitableSocketAsyncEventArgs.ThrowException(SocketError error, CancellationToken cancellationToken)
   at System.Net.Sockets.Socket.AwaitableSocketAsyncEventArgs.System.Threading.Tasks.Sources.IValueTaskSource.GetResult(Int16 token)
   at System.Net.Sockets.Socket.<ConnectAsync>g__WaitForConnectWithCancellation|285_0(AwaitableSocketAsyncEventArgs saea, ValueTask connectTask, CancellationToken cancellationToken)
   at System.Net.Http.HttpConnectionPool.ConnectToTcpHostAsync(String host, Int32 port, HttpRequestMessage initialRequest, Boolean async, CancellationToken cancellationToken)
13/11/2025 04:54:41==>Cotizacion Invalida
   at Applet.Nat.Api.Br.Models.DocumentExp.GetCotizacion(String vivstrMoneda, DateTime vivdtm) in C:\Users\Jaco2701\Documents\Visual Studio Projects\Nat\Nat.api\Models\BR\DocumentExp.cs:line 175
   at Applet.Nat.Api.Controllers.MiscController.Statics() in C:\Users\Jaco2701\Documents\Visual Studio Projects\Nat\Nat.api\Controllers\MiscController.cs:line 45
13/11/2025 04:54:41==>Valor de Lista FORMAT:dtmwsmtxca no encontrado
   at Applet.Nat.Api.Static.ListHelper.GetValue(String vivcodType, String vivcodId, NatContext vioContext) in C:\Users\Jaco2701\Documents\Visual Studio Projects\Nat\Nat.api\Static\ListHelper.cs:line 26
   at Applet.Nat.Api.Models.Afip.AfipService.get_ivstrDateformat() in C:\Users\Jaco2701\Documents\Visual Studio Projects\Nat\Nat.api\Models\Afip\AfipService.cs:line 74
   at Applet.Nat.BR.DocumentMTXCA.GetCotizacion(String vivstrMoneda, DateTime vivdtm) in C:\Users\Jaco2701\Documents\Visual Studio Projects\Nat\Nat.api\Models\BR\DocumentMtxca.cs:line 540
13/11/2025 04:54:41==>Cotizacion Invalida
   at Applet.Nat.BR.DocumentMTXCA.GetCotizacion(String vivstrMoneda, DateTime vivdtm) in C:\Users\Jaco2701\Documents\Visual Studio Projects\Nat\Nat.api\Models\BR\DocumentMtxca.cs:line 566
   at Applet.Nat.Api.Controllers.MiscController.Statics() in C:\Users\Jaco2701\Documents\Visual Studio Projects\Nat\Nat.api\Controllers\MiscController.cs:line 65
13/11/2025 04:55:02==>No connection could be made because the target machine actively refused it. (wsfe-homo.arca.gob.ar:443)
   at System.Runtime.AsyncResult.End[TAsyncResult](IAsyncResult result)
   at System.ServiceModel.Channels.ServiceChannel.SendAsyncResult.End(SendAsyncResult result)
   at System.ServiceModel.Channels.ServiceChannel.EndCall(String action, Object[] outs, IAsyncResult result)
   at System.ServiceModel.Channels.ServiceChannelProxy.TaskCreator.<>c__DisplayClass1_0.<CreateGenericTask>b__0(IAsyncResult asyncResult)
--- End of stack trace from previous location ---
   at Applet.Nat.Api.Br.Models.DocumentExp.GetCotizacion(String vivstrMoneda, DateTime vivdtm) in C:\Users\Jaco2701\Documents\Visual Studio Projects\Nat\Nat.api\Models\BR\DocumentExp.cs:line 156
No connection could be made because the target machine actively refused it. (wsfe-homo.arca.gob.ar:443)
   at System.Net.Http.HttpConnectionPool.ConnectToTcpHostAsync(String host, Int32 port, HttpRequestMessage initialRequest, Boolean async, CancellationToken cancellationToken)
   at System.Net.Http.HttpConnectionPool.ConnectAsync(HttpRequestMessage request, Boolean async, CancellationToken cancellationToken)
   at System.Net.Http.HttpConnectionPool.CreateHttp11ConnectionAsync(HttpRequestMessage request, Boolean async, CancellationToken cancellationToken)
   at System.Net.Http.HttpConnectionPool.AddHttp11ConnectionAsync(QueueItem queueItem)
   at System.Threading.Tasks.TaskCompletionSourceWithCancellation`1.WaitWithCancellationAsync(CancellationToken cancellationToken)
   at System.Net.Http.HttpConnectionPool.SendWithVersionDetectionAndRetryAsync(HttpRequestMessage request, Boolean async, Boolean doRequestAuth, CancellationToken cancellationToken)
   at System.Net.Http.DiagnosticsHandler.SendAsyncCore(HttpRequestMessage request, Boolean async, CancellationToken cancellationToken)
   at System.Net.Http.RedirectHandler.SendAsync(HttpRequestMessage request, Boolean async, CancellationToken cancellationToken)
   at System.Net.Http.DecompressionHandler.SendAsync(HttpRequestMessage request, Boolean async, CancellationToken cancellationToken)
   at System.Net.Http.HttpClient.<SendAsync>g__Core|83_0(HttpRequestMessage request, HttpCompletionOption completionOption, CancellationTokenSource cts, Boolean disposeCts, CancellationTokenSource pendingRequestsCts, CancellationToken originalCancellationToken)
   at System.ServiceModel.Channels.HttpChannelFactory`1.HttpClientRequestChannel.HttpClientChannelAsyncRequest.SendRequestAsync(Message message, TimeoutHelper timeoutHelper)
No connection could be made because the target machine actively refused it.
   at System.Net.Sockets.Socket.AwaitableSocketAsyncEventArgs.ThrowException(SocketError error, CancellationToken cancellationToken)
   at System.Net.Sockets.Socket.AwaitableSocketAsyncEventArgs.System.Threading.Tasks.Sources.IValueTaskSource.GetResult(Int16 token)
   at System.Net.Sockets.Socket.<ConnectAsync>g__WaitForConnectWithCancellation|285_0(AwaitableSocketAsyncEventArgs saea, ValueTask connectTask, CancellationToken cancellationToken)
   at System.Net.Http.HttpConnectionPool.ConnectToTcpHostAsync(String host, Int32 port, HttpRequestMessage initialRequest, Boolean async, CancellationToken cancellationToken)
13/11/2025 04:55:02==>Cotizacion Invalida
   at Applet.Nat.Api.Br.Models.DocumentExp.GetCotizacion(String vivstrMoneda, DateTime vivdtm) in C:\Users\Jaco2701\Documents\Visual Studio Projects\Nat\Nat.api\Models\BR\DocumentExp.cs:line 175
   at Applet.Nat.Api.Controllers.MiscController.Statics() in C:\Users\Jaco2701\Documents\Visual Studio Projects\Nat\Nat.api\Controllers\MiscController.cs:line 45
13/11/2025 04:55:02==>Valor de Lista FORMAT:dtmwsmtxca no encontrado
   at Applet.Nat.Api.Static.ListHelper.GetValue(String vivcodType, String vivcodId, NatContext vioContext) in C:\Users\Jaco2701\Documents\Visual Studio Projects\Nat\Nat.api\Static\ListHelper.cs:line 26
   at Applet.Nat.Api.Models.Afip.AfipService.get_ivstrDateformat() in C:\Users\Jaco2701\Documents\Visual Studio Projects\Nat\Nat.api\Models\Afip\AfipService.cs:line 74
   at Applet.Nat.BR.DocumentMTXCA.GetCotizacion(String vivstrMoneda, DateTime vivdtm) in C:\Users\Jaco2701\Documents\Visual Studio Projects\Nat\Nat.api\Models\BR\DocumentMtxca.cs:line 540
13/11/2025 04:55:02==>Cotizacion Invalida
   at Applet.Nat.BR.DocumentMTXCA.GetCotizacion(String vivstrMoneda, DateTime vivdtm) in C:\Users\Jaco2701\Documents\Visual Studio Projects\Nat\Nat.api\Models\BR\DocumentMtxca.cs:line 566
   at Applet.Nat.Api.Controllers.MiscController.Statics() in C:\Users\Jaco2701\Documents\Visual Studio Projects\Nat\Nat.api\Controllers\MiscController.cs:line 65
13/11/2025 04:55:05==>No connection could be made because the target machine actively refused it. (wsfe-homo.arca.gob.ar:443)
   at System.Runtime.AsyncResult.End[TAsyncResult](IAsyncResult result)
   at System.ServiceModel.Channels.ServiceChannel.SendAsyncResult.End(SendAsyncResult result)
   at System.ServiceModel.Channels.ServiceChannel.EndCall(String action, Object[] outs, IAsyncResult result)
   at System.ServiceModel.Channels.ServiceChannelProxy.TaskCreator.<>c__DisplayClass1_0.<CreateGenericTask>b__0(IAsyncResult asyncResult)
--- End of stack trace from previous location ---
   at Applet.Nat.Api.Br.Models.DocumentExp.GetCotizacion(String vivstrMoneda, DateTime vivdtm) in C:\Users\Jaco2701\Documents\Visual Studio Projects\Nat\Nat.api\Models\BR\DocumentExp.cs:line 156
No connection could be made because the target machine actively refused it. (wsfe-homo.arca.gob.ar:443)
   at System.Net.Http.HttpConnectionPool.ConnectToTcpHostAsync(String host, Int32 port, HttpRequestMessage initialRequest, Boolean async, CancellationToken cancellationToken)
   at System.Net.Http.HttpConnectionPool.ConnectAsync(HttpRequestMessage request, Boolean async, CancellationToken cancellationToken)
   at System.Net.Http.HttpConnectionPool.CreateHttp11ConnectionAsync(HttpRequestMessage request, Boolean async, CancellationToken cancellationToken)
   at System.Net.Http.HttpConnectionPool.AddHttp11ConnectionAsync(QueueItem queueItem)
   at System.Threading.Tasks.TaskCompletionSourceWithCancellation`1.WaitWithCancellationAsync(CancellationToken cancellationToken)
   at System.Net.Http.HttpConnectionPool.SendWithVersionDetectionAndRetryAsync(HttpRequestMessage request, Boolean async, Boolean doRequestAuth, CancellationToken cancellationToken)
   at System.Net.Http.DiagnosticsHandler.SendAsyncCore(HttpRequestMessage request, Boolean async, CancellationToken cancellationToken)
   at System.Net.Http.RedirectHandler.SendAsync(HttpRequestMessage request, Boolean async, CancellationToken cancellationToken)
   at System.Net.Http.DecompressionHandler.SendAsync(HttpRequestMessage request, Boolean async, CancellationToken cancellationToken)
   at System.Net.Http.HttpClient.<SendAsync>g__Core|83_0(HttpRequestMessage request, HttpCompletionOption completionOption, CancellationTokenSource cts, Boolean disposeCts, CancellationTokenSource pendingRequestsCts, CancellationToken originalCancellationToken)
   at System.ServiceModel.Channels.HttpChannelFactory`1.HttpClientRequestChannel.HttpClientChannelAsyncRequest.SendRequestAsync(Message message, TimeoutHelper timeoutHelper)
No connection could be made because the target machine actively refused it.
   at System.Net.Sockets.Socket.AwaitableSocketAsyncEventArgs.ThrowException(SocketError error, CancellationToken cancellationToken)
   at System.Net.Sockets.Socket.AwaitableSocketAsyncEventArgs.System.Threading.Tasks.Sources.IValueTaskSource.GetResult(Int16 token)
   at System.Net.Sockets.Socket.<ConnectAsync>g__WaitForConnectWithCancellation|285_0(AwaitableSocketAsyncEventArgs saea, ValueTask connectTask, CancellationToken cancellationToken)
   at System.Net.Http.HttpConnectionPool.ConnectToTcpHostAsync(String host, Int32 port, HttpRequestMessage initialRequest, Boolean async, CancellationToken cancellationToken)
13/11/2025 04:55:05==>Cotizacion Invalida
   at Applet.Nat.Api.Br.Models.DocumentExp.GetCotizacion(String vivstrMoneda, DateTime vivdtm) in C:\Users\Jaco2701\Documents\Visual Studio Projects\Nat\Nat.api\Models\BR\DocumentExp.cs:line 175
   at Applet.Nat.Api.Controllers.MiscController.Statics() in C:\Users\Jaco2701\Documents\Visual Studio Projects\Nat\Nat.api\Controllers\MiscController.cs:line 45
13/11/2025 04:55:05==>Valor de Lista FORMAT:dtmwsmtxca no encontrado
   at Applet.Nat.Api.Static.ListHelper.GetValue(String vivcodType, String vivcodId, NatContext vioContext) in C:\Users\Jaco2701\Documents\Visual Studio Projects\Nat\Nat.api\Static\ListHelper.cs:line 26
   at Applet.Nat.Api.Models.Afip.AfipService.get_ivstrDateformat() in C:\Users\Jaco2701\Documents\Visual Studio Projects\Nat\Nat.api\Models\Afip\AfipService.cs:line 74
   at Applet.Nat.BR.DocumentMTXCA.GetCotizacion(String vivstrMoneda, DateTime vivdtm) in C:\Users\Jaco2701\Documents\Visual Studio Projects\Nat\Nat.api\Models\BR\DocumentMtxca.cs:line 540
13/11/2025 04:55:05==>Cotizacion Invalida
   at Applet.Nat.BR.DocumentMTXCA.GetCotizacion(String vivstrMoneda, DateTime vivdtm) in C:\Users\Jaco2701\Documents\Visual Studio Projects\Nat\Nat.api\Models\BR\DocumentMtxca.cs:line 566
   at Applet.Nat.Api.Controllers.MiscController.Statics() in C:\Users\Jaco2701\Documents\Visual Studio Projects\Nat\Nat.api\Controllers\MiscController.cs:line 65
13/11/2025 04:55:07==>No connection could be made because the target machine actively refused it. (wsfe-homo.arca.gob.ar:443)
   at System.Runtime.AsyncResult.End[TAsyncResult](IAsyncResult result)
   at System.ServiceModel.Channels.ServiceChannel.SendAsyncResult.End(SendAsyncResult result)
   at System.ServiceModel.Channels.ServiceChannel.EndCall(String action, Object[] outs, IAsyncResult result)
   at System.ServiceModel.Channels.ServiceChannelProxy.TaskCreator.<>c__DisplayClass1_0.<CreateGenericTask>b__0(IAsyncResult asyncResult)
--- End of stack trace from previous location ---
   at Applet.Nat.Api.Br.Models.DocumentExp.GetCotizacion(String vivstrMoneda, DateTime vivdtm) in C:\Users\Jaco2701\Documents\Visual Studio Projects\Nat\Nat.api\Models\BR\DocumentExp.cs:line 156
No connection could be made because the target machine actively refused it. (wsfe-homo.arca.gob.ar:443)
   at System.Net.Http.HttpConnectionPool.ConnectToTcpHostAsync(String host, Int32 port, HttpRequestMessage initialRequest, Boolean async, CancellationToken cancellationToken)
   at System.Net.Http.HttpConnectionPool.ConnectAsync(HttpRequestMessage request, Boolean async, CancellationToken cancellationToken)
   at System.Net.Http.HttpConnectionPool.CreateHttp11ConnectionAsync(HttpRequestMessage request, Boolean async, CancellationToken cancellationToken)
   at System.Net.Http.HttpConnectionPool.AddHttp11ConnectionAsync(QueueItem queueItem)
   at System.Threading.Tasks.TaskCompletionSourceWithCancellation`1.WaitWithCancellationAsync(CancellationToken cancellationToken)
   at System.Net.Http.HttpConnectionPool.SendWithVersionDetectionAndRetryAsync(HttpRequestMessage request, Boolean async, Boolean doRequestAuth, CancellationToken cancellationToken)
   at System.Net.Http.DiagnosticsHandler.SendAsyncCore(HttpRequestMessage request, Boolean async, CancellationToken cancellationToken)
   at System.Net.Http.RedirectHandler.SendAsync(HttpRequestMessage request, Boolean async, CancellationToken cancellationToken)
   at System.Net.Http.DecompressionHandler.SendAsync(HttpRequestMessage request, Boolean async, CancellationToken cancellationToken)
   at System.Net.Http.HttpClient.<SendAsync>g__Core|83_0(HttpRequestMessage request, HttpCompletionOption completionOption, CancellationTokenSource cts, Boolean disposeCts, CancellationTokenSource pendingRequestsCts, CancellationToken originalCancellationToken)
   at System.ServiceModel.Channels.HttpChannelFactory`1.HttpClientRequestChannel.HttpClientChannelAsyncRequest.SendRequestAsync(Message message, TimeoutHelper timeoutHelper)
No connection could be made because the target machine actively refused it.
   at System.Net.Sockets.Socket.AwaitableSocketAsyncEventArgs.ThrowException(SocketError error, CancellationToken cancellationToken)
   at System.Net.Sockets.Socket.AwaitableSocketAsyncEventArgs.System.Threading.Tasks.Sources.IValueTaskSource.GetResult(Int16 token)
   at System.Net.Sockets.Socket.<ConnectAsync>g__WaitForConnectWithCancellation|285_0(AwaitableSocketAsyncEventArgs saea, ValueTask connectTask, CancellationToken cancellationToken)
   at System.Net.Http.HttpConnectionPool.ConnectToTcpHostAsync(String host, Int32 port, HttpRequestMessage initialRequest, Boolean async, CancellationToken cancellationToken)
13/11/2025 04:55:07==>Cotizacion Invalida
   at Applet.Nat.Api.Br.Models.DocumentExp.GetCotizacion(String vivstrMoneda, DateTime vivdtm) in C:\Users\Jaco2701\Documents\Visual Studio Projects\Nat\Nat.api\Models\BR\DocumentExp.cs:line 175
   at Applet.Nat.Api.Controllers.MiscController.Statics() in C:\Users\Jaco2701\Documents\Visual Studio Projects\Nat\Nat.api\Controllers\MiscController.cs:line 45
13/11/2025 04:55:07==>Valor de Lista FORMAT:dtmwsmtxca no encontrado
   at Applet.Nat.Api.Static.ListHelper.GetValue(String vivcodType, String vivcodId, NatContext vioContext) in C:\Users\Jaco2701\Documents\Visual Studio Projects\Nat\Nat.api\Static\ListHelper.cs:line 26
   at Applet.Nat.Api.Models.Afip.AfipService.get_ivstrDateformat() in C:\Users\Jaco2701\Documents\Visual Studio Projects\Nat\Nat.api\Models\Afip\AfipService.cs:line 74
   at Applet.Nat.BR.DocumentMTXCA.GetCotizacion(String vivstrMoneda, DateTime vivdtm) in C:\Users\Jaco2701\Documents\Visual Studio Projects\Nat\Nat.api\Models\BR\DocumentMtxca.cs:line 540
13/11/2025 04:55:07==>Cotizacion Invalida
   at Applet.Nat.BR.DocumentMTXCA.GetCotizacion(String vivstrMoneda, DateTime vivdtm) in C:\Users\Jaco2701\Documents\Visual Studio Projects\Nat\Nat.api\Models\BR\DocumentMtxca.cs:line 566
   at Applet.Nat.Api.Controllers.MiscController.Statics() in C:\Users\Jaco2701\Documents\Visual Studio Projects\Nat\Nat.api\Controllers\MiscController.cs:line 65
13/11/2025 04:55:09==>No connection could be made because the target machine actively refused it. (wsfe-homo.arca.gob.ar:443)
   at System.Runtime.AsyncResult.End[TAsyncResult](IAsyncResult result)
   at System.ServiceModel.Channels.ServiceChannel.SendAsyncResult.End(SendAsyncResult result)
   at System.ServiceModel.Channels.ServiceChannel.EndCall(String action, Object[] outs, IAsyncResult result)
   at System.ServiceModel.Channels.ServiceChannelProxy.TaskCreator.<>c__DisplayClass1_0.<CreateGenericTask>b__0(IAsyncResult asyncResult)
--- End of stack trace from previous location ---
   at Applet.Nat.Api.Br.Models.DocumentExp.GetCotizacion(String vivstrMoneda, DateTime vivdtm) in C:\Users\Jaco2701\Documents\Visual Studio Projects\Nat\Nat.api\Models\BR\DocumentExp.cs:line 156
No connection could be made because the target machine actively refused it. (wsfe-homo.arca.gob.ar:443)
   at System.Net.Http.HttpConnectionPool.ConnectToTcpHostAsync(String host, Int32 port, HttpRequestMessage initialRequest, Boolean async, CancellationToken cancellationToken)
   at System.Net.Http.HttpConnectionPool.ConnectAsync(HttpRequestMessage request, Boolean async, CancellationToken cancellationToken)
   at System.Net.Http.HttpConnectionPool.CreateHttp11ConnectionAsync(HttpRequestMessage request, Boolean async, CancellationToken cancellationToken)
   at System.Net.Http.HttpConnectionPool.AddHttp11ConnectionAsync(QueueItem queueItem)
   at System.Threading.Tasks.TaskCompletionSourceWithCancellation`1.WaitWithCancellationAsync(CancellationToken cancellationToken)
   at System.Net.Http.HttpConnectionPool.SendWithVersionDetectionAndRetryAsync(HttpRequestMessage request, Boolean async, Boolean doRequestAuth, CancellationToken cancellationToken)
   at System.Net.Http.DiagnosticsHandler.SendAsyncCore(HttpRequestMessage request, Boolean async, CancellationToken cancellationToken)
   at System.Net.Http.RedirectHandler.SendAsync(HttpRequestMessage request, Boolean async, CancellationToken cancellationToken)
   at System.Net.Http.DecompressionHandler.SendAsync(HttpRequestMessage request, Boolean async, CancellationToken cancellationToken)
   at System.Net.Http.HttpClient.<SendAsync>g__Core|83_0(HttpRequestMessage request, HttpCompletionOption completionOption, CancellationTokenSource cts, Boolean disposeCts, CancellationTokenSource pendingRequestsCts, CancellationToken originalCancellationToken)
   at System.ServiceModel.Channels.HttpChannelFactory`1.HttpClientRequestChannel.HttpClientChannelAsyncRequest.SendRequestAsync(Message message, TimeoutHelper timeoutHelper)
No connection could be made because the target machine actively refused it.
   at System.Net.Sockets.Socket.AwaitableSocketAsyncEventArgs.ThrowException(SocketError error, CancellationToken cancellationToken)
   at System.Net.Sockets.Socket.AwaitableSocketAsyncEventArgs.System.Threading.Tasks.Sources.IValueTaskSource.GetResult(Int16 token)
   at System.Net.Sockets.Socket.<ConnectAsync>g__WaitForConnectWithCancellation|285_0(AwaitableSocketAsyncEventArgs saea, ValueTask connectTask, CancellationToken cancellationToken)
   at System.Net.Http.HttpConnectionPool.ConnectToTcpHostAsync(String host, Int32 port, HttpRequestMessage initialRequest, Boolean async, CancellationToken cancellationToken)
13/11/2025 04:55:09==>Cotizacion Invalida
   at Applet.Nat.Api.Br.Models.DocumentExp.GetCotizacion(String vivstrMoneda, DateTime vivdtm) in C:\Users\Jaco2701\Documents\Visual Studio Projects\Nat\Nat.api\Models\BR\DocumentExp.cs:line 175
   at Applet.Nat.Api.Controllers.MiscController.Statics() in C:\Users\Jaco2701\Documents\Visual Studio Projects\Nat\Nat.api\Controllers\MiscController.cs:line 45
13/11/2025 04:55:10==>Valor de Lista FORMAT:dtmwsmtxca no encontrado
   at Applet.Nat.Api.Static.ListHelper.GetValue(String vivcodType, String vivcodId, NatContext vioContext) in C:\Users\Jaco2701\Documents\Visual Studio Projects\Nat\Nat.api\Static\ListHelper.cs:line 26
   at Applet.Nat.Api.Models.Afip.AfipService.get_ivstrDateformat() in C:\Users\Jaco2701\Documents\Visual Studio Projects\Nat\Nat.api\Models\Afip\AfipService.cs:line 74
   at Applet.Nat.BR.DocumentMTXCA.GetCotizacion(String vivstrMoneda, DateTime vivdtm) in C:\Users\Jaco2701\Documents\Visual Studio Projects\Nat\Nat.api\Models\BR\DocumentMtxca.cs:line 540
13/11/2025 04:55:10==>Cotizacion Invalida
   at Applet.Nat.BR.DocumentMTXCA.GetCotizacion(String vivstrMoneda, DateTime vivdtm) in C:\Users\Jaco2701\Documents\Visual Studio Projects\Nat\Nat.api\Models\BR\DocumentMtxca.cs:line 566
   at Applet.Nat.Api.Controllers.MiscController.Statics() in C:\Users\Jaco2701\Documents\Visual Studio Projects\Nat\Nat.api\Controllers\MiscController.cs:line 65
13/11/2025 04:55:12==>No connection could be made because the target machine actively refused it. (wsfe-homo.arca.gob.ar:443)
   at System.Runtime.AsyncResult.End[TAsyncResult](IAsyncResult result)
   at System.ServiceModel.Channels.ServiceChannel.SendAsyncResult.End(SendAsyncResult result)
   at System.ServiceModel.Channels.ServiceChannel.EndCall(String action, Object[] outs, IAsyncResult result)
   at System.ServiceModel.Channels.ServiceChannelProxy.TaskCreator.<>c__DisplayClass1_0.<CreateGenericTask>b__0(IAsyncResult asyncResult)
--- End of stack trace from previous location ---
   at Applet.Nat.Api.Br.Models.DocumentExp.GetCotizacion(String vivstrMoneda, DateTime vivdtm) in C:\Users\Jaco2701\Documents\Visual Studio Projects\Nat\Nat.api\Models\BR\DocumentExp.cs:line 156
No connection could be made because the target machine actively refused it. (wsfe-homo.arca.gob.ar:443)
   at System.Net.Http.HttpConnectionPool.ConnectToTcpHostAsync(String host, Int32 port, HttpRequestMessage initialRequest, Boolean async, CancellationToken cancellationToken)
   at System.Net.Http.HttpConnectionPool.ConnectAsync(HttpRequestMessage request, Boolean async, CancellationToken cancellationToken)
   at System.Net.Http.HttpConnectionPool.CreateHttp11ConnectionAsync(HttpRequestMessage request, Boolean async, CancellationToken cancellationToken)
   at System.Net.Http.HttpConnectionPool.AddHttp11ConnectionAsync(QueueItem queueItem)
   at System.Threading.Tasks.TaskCompletionSourceWithCancellation`1.WaitWithCancellationAsync(CancellationToken cancellationToken)
   at System.Net.Http.HttpConnectionPool.SendWithVersionDetectionAndRetryAsync(HttpRequestMessage request, Boolean async, Boolean doRequestAuth, CancellationToken cancellationToken)
   at System.Net.Http.DiagnosticsHandler.SendAsyncCore(HttpRequestMessage request, Boolean async, CancellationToken cancellationToken)
   at System.Net.Http.RedirectHandler.SendAsync(HttpRequestMessage request, Boolean async, CancellationToken cancellationToken)
   at System.Net.Http.DecompressionHandler.SendAsync(HttpRequestMessage request, Boolean async, CancellationToken cancellationToken)
   at System.Net.Http.HttpClient.<SendAsync>g__Core|83_0(HttpRequestMessage request, HttpCompletionOption completionOption, CancellationTokenSource cts, Boolean disposeCts, CancellationTokenSource pendingRequestsCts, CancellationToken originalCancellationToken)
   at System.ServiceModel.Channels.HttpChannelFactory`1.HttpClientRequestChannel.HttpClientChannelAsyncRequest.SendRequestAsync(Message message, TimeoutHelper timeoutHelper)
No connection could be made because the target machine actively refused it.
   at System.Net.Sockets.Socket.AwaitableSocketAsyncEventArgs.ThrowException(SocketError error, CancellationToken cancellationToken)
   at System.Net.Sockets.Socket.AwaitableSocketAsyncEventArgs.System.Threading.Tasks.Sources.IValueTaskSource.GetResult(Int16 token)
   at System.Net.Sockets.Socket.<ConnectAsync>g__WaitForConnectWithCancellation|285_0(AwaitableSocketAsyncEventArgs saea, ValueTask connectTask, CancellationToken cancellationToken)
   at System.Net.Http.HttpConnectionPool.ConnectToTcpHostAsync(String host, Int32 port, HttpRequestMessage initialRequest, Boolean async, CancellationToken cancellationToken)
13/11/2025 04:55:12==>Cotizacion Invalida
   at Applet.Nat.Api.Br.Models.DocumentExp.GetCotizacion(String vivstrMoneda, DateTime vivdtm) in C:\Users\Jaco2701\Documents\Visual Studio Projects\Nat\Nat.api\Models\BR\DocumentExp.cs:line 175
   at Applet.Nat.Api.Controllers.MiscController.Statics() in C:\Users\Jaco2701\Documents\Visual Studio Projects\Nat\Nat.api\Controllers\MiscController.cs:line 45
13/11/2025 04:55:12==>Valor de Lista FORMAT:dtmwsmtxca no encontrado
   at Applet.Nat.Api.Static.ListHelper.GetValue(String vivcodType, String vivcodId, NatContext vioContext) in C:\Users\Jaco2701\Documents\Visual Studio Projects\Nat\Nat.api\Static\ListHelper.cs:line 26
   at Applet.Nat.Api.Models.Afip.AfipService.get_ivstrDateformat() in C:\Users\Jaco2701\Documents\Visual Studio Projects\Nat\Nat.api\Models\Afip\AfipService.cs:line 74
   at Applet.Nat.BR.DocumentMTXCA.GetCotizacion(String vivstrMoneda, DateTime vivdtm) in C:\Users\Jaco2701\Documents\Visual Studio Projects\Nat\Nat.api\Models\BR\DocumentMtxca.cs:line 540
13/11/2025 04:55:12==>Cotizacion Invalida
   at Applet.Nat.BR.DocumentMTXCA.GetCotizacion(String vivstrMoneda, DateTime vivdtm) in C:\Users\Jaco2701\Documents\Visual Studio Projects\Nat\Nat.api\Models\BR\DocumentMtxca.cs:line 566
   at Applet.Nat.Api.Controllers.MiscController.Statics() in C:\Users\Jaco2701\Documents\Visual Studio Projects\Nat\Nat.api\Controllers\MiscController.cs:line 65
13/11/2025 04:55:19==>No connection could be made because the target machine actively refused it. (wsfe-homo.arca.gob.ar:443)
   at System.Runtime.AsyncResult.End[TAsyncResult](IAsyncResult result)
   at System.ServiceModel.Channels.ServiceChannel.SendAsyncResult.End(SendAsyncResult result)
   at System.ServiceModel.Channels.ServiceChannel.EndCall(String action, Object[] outs, IAsyncResult result)
   at System.ServiceModel.Channels.ServiceChannelProxy.TaskCreator.<>c__DisplayClass1_0.<CreateGenericTask>b__0(IAsyncResult asyncResult)
--- End of stack trace from previous location ---
   at Applet.Nat.Api.Br.Models.DocumentExp.GetCotizacion(String vivstrMoneda, DateTime vivdtm) in C:\Users\Jaco2701\Documents\Visual Studio Projects\Nat\Nat.api\Models\BR\DocumentExp.cs:line 156
No connection could be made because the target machine actively refused it. (wsfe-homo.arca.gob.ar:443)
   at System.Net.Http.HttpConnectionPool.ConnectToTcpHostAsync(String host, Int32 port, HttpRequestMessage initialRequest, Boolean async, CancellationToken cancellationToken)
   at System.Net.Http.HttpConnectionPool.ConnectAsync(HttpRequestMessage request, Boolean async, CancellationToken cancellationToken)
   at System.Net.Http.HttpConnectionPool.CreateHttp11ConnectionAsync(HttpRequestMessage request, Boolean async, CancellationToken cancellationToken)
   at System.Net.Http.HttpConnectionPool.AddHttp11ConnectionAsync(QueueItem queueItem)
   at System.Threading.Tasks.TaskCompletionSourceWithCancellation`1.WaitWithCancellationAsync(CancellationToken cancellationToken)
   at System.Net.Http.HttpConnectionPool.SendWithVersionDetectionAndRetryAsync(HttpRequestMessage request, Boolean async, Boolean doRequestAuth, CancellationToken cancellationToken)
   at System.Net.Http.DiagnosticsHandler.SendAsyncCore(HttpRequestMessage request, Boolean async, CancellationToken cancellationToken)
   at System.Net.Http.RedirectHandler.SendAsync(HttpRequestMessage request, Boolean async, CancellationToken cancellationToken)
   at System.Net.Http.DecompressionHandler.SendAsync(HttpRequestMessage request, Boolean async, CancellationToken cancellationToken)
   at System.Net.Http.HttpClient.<SendAsync>g__Core|83_0(HttpRequestMessage request, HttpCompletionOption completionOption, CancellationTokenSource cts, Boolean disposeCts, CancellationTokenSource pendingRequestsCts, CancellationToken originalCancellationToken)
   at System.ServiceModel.Channels.HttpChannelFactory`1.HttpClientRequestChannel.HttpClientChannelAsyncRequest.SendRequestAsync(Message message, TimeoutHelper timeoutHelper)
No connection could be made because the target machine actively refused it.
   at System.Net.Sockets.Socket.AwaitableSocketAsyncEventArgs.ThrowException(SocketError error, CancellationToken cancellationToken)
   at System.Net.Sockets.Socket.AwaitableSocketAsyncEventArgs.System.Threading.Tasks.Sources.IValueTaskSource.GetResult(Int16 token)
   at System.Net.Sockets.Socket.<ConnectAsync>g__WaitForConnectWithCancellation|285_0(AwaitableSocketAsyncEventArgs saea, ValueTask connectTask, CancellationToken cancellationToken)
   at System.Net.Http.HttpConnectionPool.ConnectToTcpHostAsync(String host, Int32 port, HttpRequestMessage initialRequest, Boolean async, CancellationToken cancellationToken)
13/11/2025 04:55:19==>Cotizacion Invalida
   at Applet.Nat.Api.Br.Models.DocumentExp.GetCotizacion(String vivstrMoneda, DateTime vivdtm) in C:\Users\Jaco2701\Documents\Visual Studio Projects\Nat\Nat.api\Models\BR\DocumentExp.cs:line 175
   at Applet.Nat.Api.Controllers.MiscController.Statics() in C:\Users\Jaco2701\Documents\Visual Studio Projects\Nat\Nat.api\Controllers\MiscController.cs:line 45
13/11/2025 04:55:19==>Valor de Lista FORMAT:dtmwsmtxca no encontrado
   at Applet.Nat.Api.Static.ListHelper.GetValue(String vivcodType, String vivcodId, NatContext vioContext) in C:\Users\Jaco2701\Documents\Visual Studio Projects\Nat\Nat.api\Static\ListHelper.cs:line 26
   at Applet.Nat.Api.Models.Afip.AfipService.get_ivstrDateformat() in C:\Users\Jaco2701\Documents\Visual Studio Projects\Nat\Nat.api\Models\Afip\AfipService.cs:line 74
   at Applet.Nat.BR.DocumentMTXCA.GetCotizacion(String vivstrMoneda, DateTime vivdtm) in C:\Users\Jaco2701\Documents\Visual Studio Projects\Nat\Nat.api\Models\BR\DocumentMtxca.cs:line 540
13/11/2025 04:55:19==>Cotizacion Invalida
   at Applet.Nat.BR.DocumentMTXCA.GetCotizacion(String vivstrMoneda, DateTime vivdtm) in C:\Users\Jaco2701\Documents\Visual Studio Projects\Nat\Nat.api\Models\BR\DocumentMtxca.cs:line 566
   at Applet.Nat.Api.Controllers.MiscController.Statics() in C:\Users\Jaco2701\Documents\Visual Studio Projects\Nat\Nat.api\Controllers\MiscController.cs:line 65
13/11/2025 04:55:22==>No connection could be made because the target machine actively refused it. (wsfe-homo.arca.gob.ar:443)
   at System.Runtime.AsyncResult.End[TAsyncResult](IAsyncResult result)
   at System.ServiceModel.Channels.ServiceChannel.SendAsyncResult.End(SendAsyncResult result)
   at System.ServiceModel.Channels.ServiceChannel.EndCall(String action, Object[] outs, IAsyncResult result)
   at System.ServiceModel.Channels.ServiceChannelProxy.TaskCreator.<>c__DisplayClass1_0.<CreateGenericTask>b__0(IAsyncResult asyncResult)
--- End of stack trace from previous location ---
   at Applet.Nat.Api.Br.Models.DocumentExp.GetCotizacion(String vivstrMoneda, DateTime vivdtm) in C:\Users\Jaco2701\Documents\Visual Studio Projects\Nat\Nat.api\Models\BR\DocumentExp.cs:line 156
No connection could be made because the target machine actively refused it. (wsfe-homo.arca.gob.ar:443)
   at System.Net.Http.HttpConnectionPool.ConnectToTcpHostAsync(String host, Int32 port, HttpRequestMessage initialRequest, Boolean async, CancellationToken cancellationToken)
   at System.Net.Http.HttpConnectionPool.ConnectAsync(HttpRequestMessage request, Boolean async, CancellationToken cancellationToken)
   at System.Net.Http.HttpConnectionPool.CreateHttp11ConnectionAsync(HttpRequestMessage request, Boolean async, CancellationToken cancellationToken)
   at System.Net.Http.HttpConnectionPool.AddHttp11ConnectionAsync(QueueItem queueItem)
   at System.Threading.Tasks.TaskCompletionSourceWithCancellation`1.WaitWithCancellationAsync(CancellationToken cancellationToken)
   at System.Net.Http.HttpConnectionPool.SendWithVersionDetectionAndRetryAsync(HttpRequestMessage request, Boolean async, Boolean doRequestAuth, CancellationToken cancellationToken)
   at System.Net.Http.DiagnosticsHandler.SendAsyncCore(HttpRequestMessage request, Boolean async, CancellationToken cancellationToken)
   at System.Net.Http.RedirectHandler.SendAsync(HttpRequestMessage request, Boolean async, CancellationToken cancellationToken)
   at System.Net.Http.DecompressionHandler.SendAsync(HttpRequestMessage request, Boolean async, CancellationToken cancellationToken)
   at System.Net.Http.HttpClient.<SendAsync>g__Core|83_0(HttpRequestMessage request, HttpCompletionOption completionOption, CancellationTokenSource cts, Boolean disposeCts, CancellationTokenSource pendingRequestsCts, CancellationToken originalCancellationToken)
   at System.ServiceModel.Channels.HttpChannelFactory`1.HttpClientRequestChannel.HttpClientChannelAsyncRequest.SendRequestAsync(Message message, TimeoutHelper timeoutHelper)
No connection could be made because the target machine actively refused it.
   at System.Net.Sockets.Socket.AwaitableSocketAsyncEventArgs.ThrowException(SocketError error, CancellationToken cancellationToken)
   at System.Net.Sockets.Socket.AwaitableSocketAsyncEventArgs.System.Threading.Tasks.Sources.IValueTaskSource.GetResult(Int16 token)
   at System.Net.Sockets.Socket.<ConnectAsync>g__WaitForConnectWithCancellation|285_0(AwaitableSocketAsyncEventArgs saea, ValueTask connectTask, CancellationToken cancellationToken)
   at System.Net.Http.HttpConnectionPool.ConnectToTcpHostAsync(String host, Int32 port, HttpRequestMessage initialRequest, Boolean async, CancellationToken cancellationToken)
13/11/2025 04:55:22==>Cotizacion Invalida
   at Applet.Nat.Api.Br.Models.DocumentExp.GetCotizacion(String vivstrMoneda, DateTime vivdtm) in C:\Users\Jaco2701\Documents\Visual Studio Projects\Nat\Nat.api\Models\BR\DocumentExp.cs:line 175
   at Applet.Nat.Api.Controllers.MiscController.Statics() in C:\Users\Jaco2701\Documents\Visual Studio Projects\Nat\Nat.api\Controllers\MiscController.cs:line 45
13/11/2025 04:55:22==>Valor de Lista FORMAT:dtmwsmtxca no encontrado
   at Applet.Nat.Api.Static.ListHelper.GetValue(String vivcodType, String vivcodId, NatContext vioContext) in C:\Users\Jaco2701\Documents\Visual Studio Projects\Nat\Nat.api\Static\ListHelper.cs:line 26
   at Applet.Nat.Api.Models.Afip.AfipService.get_ivstrDateformat() in C:\Users\Jaco2701\Documents\Visual Studio Projects\Nat\Nat.api\Models\Afip\AfipService.cs:line 74
   at Applet.Nat.BR.DocumentMTXCA.GetCotizacion(String vivstrMoneda, DateTime vivdtm) in C:\Users\Jaco2701\Documents\Visual Studio Projects\Nat\Nat.api\Models\BR\DocumentMtxca.cs:line 540
13/11/2025 04:55:22==>Cotizacion Invalida
   at Applet.Nat.BR.DocumentMTXCA.GetCotizacion(String vivstrMoneda, DateTime vivdtm) in C:\Users\Jaco2701\Documents\Visual Studio Projects\Nat\Nat.api\Models\BR\DocumentMtxca.cs:line 566
   at Applet.Nat.Api.Controllers.MiscController.Statics() in C:\Users\Jaco2701\Documents\Visual Studio Projects\Nat\Nat.api\Controllers\MiscController.cs:line 65
13/11/2025 05:03:06==>No connection could be made because the target machine actively refused it. (wsfe-homo.arca.gob.ar:443)
   at System.Runtime.AsyncResult.End[TAsyncResult](IAsyncResult result)
   at System.ServiceModel.Channels.ServiceChannel.SendAsyncResult.End(SendAsyncResult result)
   at System.ServiceModel.Channels.ServiceChannel.EndCall(String action, Object[] outs, IAsyncResult result)
   at System.ServiceModel.Channels.ServiceChannelProxy.TaskCreator.<>c__DisplayClass1_0.<CreateGenericTask>b__0(IAsyncResult asyncResult)
--- End of stack trace from previous location ---
   at Applet.Nat.Api.Br.Models.DocumentExp.GetCotizacion(String vivstrMoneda, DateTime vivdtm) in C:\Users\Jaco2701\Documents\Visual Studio Projects\Nat\Nat.api\Models\BR\DocumentExp.cs:line 156
No connection could be made because the target machine actively refused it. (wsfe-homo.arca.gob.ar:443)
   at System.Net.Http.HttpConnectionPool.ConnectToTcpHostAsync(String host, Int32 port, HttpRequestMessage initialRequest, Boolean async, CancellationToken cancellationToken)
   at System.Net.Http.HttpConnectionPool.ConnectAsync(HttpRequestMessage request, Boolean async, CancellationToken cancellationToken)
   at System.Net.Http.HttpConnectionPool.CreateHttp11ConnectionAsync(HttpRequestMessage request, Boolean async, CancellationToken cancellationToken)
   at System.Net.Http.HttpConnectionPool.AddHttp11ConnectionAsync(QueueItem queueItem)
   at System.Threading.Tasks.TaskCompletionSourceWithCancellation`1.WaitWithCancellationAsync(CancellationToken cancellationToken)
   at System.Net.Http.HttpConnectionPool.SendWithVersionDetectionAndRetryAsync(HttpRequestMessage request, Boolean async, Boolean doRequestAuth, CancellationToken cancellationToken)
   at System.Net.Http.DiagnosticsHandler.SendAsyncCore(HttpRequestMessage request, Boolean async, CancellationToken cancellationToken)
   at System.Net.Http.RedirectHandler.SendAsync(HttpRequestMessage request, Boolean async, CancellationToken cancellationToken)
   at System.Net.Http.DecompressionHandler.SendAsync(HttpRequestMessage request, Boolean async, CancellationToken cancellationToken)
   at System.Net.Http.HttpClient.<SendAsync>g__Core|83_0(HttpRequestMessage request, HttpCompletionOption completionOption, CancellationTokenSource cts, Boolean disposeCts, CancellationTokenSource pendingRequestsCts, CancellationToken originalCancellationToken)
   at System.ServiceModel.Channels.HttpChannelFactory`1.HttpClientRequestChannel.HttpClientChannelAsyncRequest.SendRequestAsync(Message message, TimeoutHelper timeoutHelper)
No connection could be made because the target machine actively refused it.
   at System.Net.Sockets.Socket.AwaitableSocketAsyncEventArgs.ThrowException(SocketError error, CancellationToken cancellationToken)
   at System.Net.Sockets.Socket.AwaitableSocketAsyncEventArgs.System.Threading.Tasks.Sources.IValueTaskSource.GetResult(Int16 token)
   at System.Net.Sockets.Socket.<ConnectAsync>g__WaitForConnectWithCancellation|285_0(AwaitableSocketAsyncEventArgs saea, ValueTask connectTask, CancellationToken cancellationToken)
   at System.Net.Http.HttpConnectionPool.ConnectToTcpHostAsync(String host, Int32 port, HttpRequestMessage initialRequest, Boolean async, CancellationToken cancellationToken)
13/11/2025 05:03:06==>Cotizacion Invalida
   at Applet.Nat.Api.Br.Models.DocumentExp.GetCotizacion(String vivstrMoneda, DateTime vivdtm) in C:\Users\Jaco2701\Documents\Visual Studio Projects\Nat\Nat.api\Models\BR\DocumentExp.cs:line 175
   at Applet.Nat.Api.Controllers.MiscController.Statics() in C:\Users\Jaco2701\Documents\Visual Studio Projects\Nat\Nat.api\Controllers\MiscController.cs:line 45
13/11/2025 05:03:06==>Valor de Lista FORMAT:dtmwsmtxca no encontrado
   at Applet.Nat.Api.Static.ListHelper.GetValue(String vivcodType, String vivcodId, NatContext vioContext) in C:\Users\Jaco2701\Documents\Visual Studio Projects\Nat\Nat.api\Static\ListHelper.cs:line 26
   at Applet.Nat.Api.Models.Afip.AfipService.get_ivstrDateformat() in C:\Users\Jaco2701\Documents\Visual Studio Projects\Nat\Nat.api\Models\Afip\AfipService.cs:line 74
   at Applet.Nat.BR.DocumentMTXCA.GetCotizacion(String vivstrMoneda, DateTime vivdtm) in C:\Users\Jaco2701\Documents\Visual Studio Projects\Nat\Nat.api\Models\BR\DocumentMtxca.cs:line 540
13/11/2025 05:03:06==>Cotizacion Invalida
   at Applet.Nat.BR.DocumentMTXCA.GetCotizacion(String vivstrMoneda, DateTime vivdtm) in C:\Users\Jaco2701\Documents\Visual Studio Projects\Nat\Nat.api\Models\BR\DocumentMtxca.cs:line 566
   at Applet.Nat.Api.Controllers.MiscController.Statics() in C:\Users\Jaco2701\Documents\Visual Studio Projects\Nat\Nat.api\Controllers\MiscController.cs:line 65
13/11/2025 05:03:08==>No connection could be made because the target machine actively refused it. (wsfe-homo.arca.gob.ar:443)
   at System.Runtime.AsyncResult.End[TAsyncResult](IAsyncResult result)
   at System.ServiceModel.Channels.ServiceChannel.SendAsyncResult.End(SendAsyncResult result)
   at System.ServiceModel.Channels.ServiceChannel.EndCall(String action, Object[] outs, IAsyncResult result)
   at System.ServiceModel.Channels.ServiceChannelProxy.TaskCreator.<>c__DisplayClass1_0.<CreateGenericTask>b__0(IAsyncResult asyncResult)
--- End of stack trace from previous location ---
   at Applet.Nat.Api.Br.Models.DocumentExp.GetCotizacion(String vivstrMoneda, DateTime vivdtm) in C:\Users\Jaco2701\Documents\Visual Studio Projects\Nat\Nat.api\Models\BR\DocumentExp.cs:line 156
No connection could be made because the target machine actively refused it. (wsfe-homo.arca.gob.ar:443)
   at System.Net.Http.HttpConnectionPool.ConnectToTcpHostAsync(String host, Int32 port, HttpRequestMessage initialRequest, Boolean async, CancellationToken cancellationToken)
   at System.Net.Http.HttpConnectionPool.ConnectAsync(HttpRequestMessage request, Boolean async, CancellationToken cancellationToken)
   at System.Net.Http.HttpConnectionPool.CreateHttp11ConnectionAsync(HttpRequestMessage request, Boolean async, CancellationToken cancellationToken)
   at System.Net.Http.HttpConnectionPool.AddHttp11ConnectionAsync(QueueItem queueItem)
   at System.Threading.Tasks.TaskCompletionSourceWithCancellation`1.WaitWithCancellationAsync(CancellationToken cancellationToken)
   at System.Net.Http.HttpConnectionPool.SendWithVersionDetectionAndRetryAsync(HttpRequestMessage request, Boolean async, Boolean doRequestAuth, CancellationToken cancellationToken)
   at System.Net.Http.DiagnosticsHandler.SendAsyncCore(HttpRequestMessage request, Boolean async, CancellationToken cancellationToken)
   at System.Net.Http.RedirectHandler.SendAsync(HttpRequestMessage request, Boolean async, CancellationToken cancellationToken)
   at System.Net.Http.DecompressionHandler.SendAsync(HttpRequestMessage request, Boolean async, CancellationToken cancellationToken)
   at System.Net.Http.HttpClient.<SendAsync>g__Core|83_0(HttpRequestMessage request, HttpCompletionOption completionOption, CancellationTokenSource cts, Boolean disposeCts, CancellationTokenSource pendingRequestsCts, CancellationToken originalCancellationToken)
   at System.ServiceModel.Channels.HttpChannelFactory`1.HttpClientRequestChannel.HttpClientChannelAsyncRequest.SendRequestAsync(Message message, TimeoutHelper timeoutHelper)
No connection could be made because the target machine actively refused it.
   at System.Net.Sockets.Socket.AwaitableSocketAsyncEventArgs.ThrowException(SocketError error, CancellationToken cancellationToken)
   at System.Net.Sockets.Socket.AwaitableSocketAsyncEventArgs.System.Threading.Tasks.Sources.IValueTaskSource.GetResult(Int16 token)
   at System.Net.Sockets.Socket.<ConnectAsync>g__WaitForConnectWithCancellation|285_0(AwaitableSocketAsyncEventArgs saea, ValueTask connectTask, CancellationToken cancellationToken)
   at System.Net.Http.HttpConnectionPool.ConnectToTcpHostAsync(String host, Int32 port, HttpRequestMessage initialRequest, Boolean async, CancellationToken cancellationToken)
13/11/2025 05:03:08==>Cotizacion Invalida
   at Applet.Nat.Api.Br.Models.DocumentExp.GetCotizacion(String vivstrMoneda, DateTime vivdtm) in C:\Users\Jaco2701\Documents\Visual Studio Projects\Nat\Nat.api\Models\BR\DocumentExp.cs:line 175
   at Applet.Nat.Api.Controllers.MiscController.Statics() in C:\Users\Jaco2701\Documents\Visual Studio Projects\Nat\Nat.api\Controllers\MiscController.cs:line 45
13/11/2025 05:03:08==>Valor de Lista FORMAT:dtmwsmtxca no encontrado
   at Applet.Nat.Api.Static.ListHelper.GetValue(String vivcodType, String vivcodId, NatContext vioContext) in C:\Users\Jaco2701\Documents\Visual Studio Projects\Nat\Nat.api\Static\ListHelper.cs:line 26
   at Applet.Nat.Api.Models.Afip.AfipService.get_ivstrDateformat() in C:\Users\Jaco2701\Documents\Visual Studio Projects\Nat\Nat.api\Models\Afip\AfipService.cs:line 74
   at Applet.Nat.BR.DocumentMTXCA.GetCotizacion(String vivstrMoneda, DateTime vivdtm) in C:\Users\Jaco2701\Documents\Visual Studio Projects\Nat\Nat.api\Models\BR\DocumentMtxca.cs:line 540
13/11/2025 05:03:08==>Cotizacion Invalida
   at Applet.Nat.BR.DocumentMTXCA.GetCotizacion(String vivstrMoneda, DateTime vivdtm) in C:\Users\Jaco2701\Documents\Visual Studio Projects\Nat\Nat.api\Models\BR\DocumentMtxca.cs:line 566
   at Applet.Nat.Api.Controllers.MiscController.Statics() in C:\Users\Jaco2701\Documents\Visual Studio Projects\Nat\Nat.api\Controllers\MiscController.cs:line 65
13/11/2025 05:03:11==>No connection could be made because the target machine actively refused it. (wsfe-homo.arca.gob.ar:443)
   at System.Runtime.AsyncResult.End[TAsyncResult](IAsyncResult result)
   at System.ServiceModel.Channels.ServiceChannel.SendAsyncResult.End(SendAsyncResult result)
   at System.ServiceModel.Channels.ServiceChannel.EndCall(String action, Object[] outs, IAsyncResult result)
   at System.ServiceModel.Channels.ServiceChannelProxy.TaskCreator.<>c__DisplayClass1_0.<CreateGenericTask>b__0(IAsyncResult asyncResult)
--- End of stack trace from previous location ---
   at Applet.Nat.Api.Br.Models.DocumentExp.GetCotizacion(String vivstrMoneda, DateTime vivdtm) in C:\Users\Jaco2701\Documents\Visual Studio Projects\Nat\Nat.api\Models\BR\DocumentExp.cs:line 156
No connection could be made because the target machine actively refused it. (wsfe-homo.arca.gob.ar:443)
   at System.Net.Http.HttpConnectionPool.ConnectToTcpHostAsync(String host, Int32 port, HttpRequestMessage initialRequest, Boolean async, CancellationToken cancellationToken)
   at System.Net.Http.HttpConnectionPool.ConnectAsync(HttpRequestMessage request, Boolean async, CancellationToken cancellationToken)
   at System.Net.Http.HttpConnectionPool.CreateHttp11ConnectionAsync(HttpRequestMessage request, Boolean async, CancellationToken cancellationToken)
   at System.Net.Http.HttpConnectionPool.AddHttp11ConnectionAsync(QueueItem queueItem)
   at System.Threading.Tasks.TaskCompletionSourceWithCancellation`1.WaitWithCancellationAsync(CancellationToken cancellationToken)
   at System.Net.Http.HttpConnectionPool.SendWithVersionDetectionAndRetryAsync(HttpRequestMessage request, Boolean async, Boolean doRequestAuth, CancellationToken cancellationToken)
   at System.Net.Http.DiagnosticsHandler.SendAsyncCore(HttpRequestMessage request, Boolean async, CancellationToken cancellationToken)
   at System.Net.Http.RedirectHandler.SendAsync(HttpRequestMessage request, Boolean async, CancellationToken cancellationToken)
   at System.Net.Http.DecompressionHandler.SendAsync(HttpRequestMessage request, Boolean async, CancellationToken cancellationToken)
   at System.Net.Http.HttpClient.<SendAsync>g__Core|83_0(HttpRequestMessage request, HttpCompletionOption completionOption, CancellationTokenSource cts, Boolean disposeCts, CancellationTokenSource pendingRequestsCts, CancellationToken originalCancellationToken)
   at System.ServiceModel.Channels.HttpChannelFactory`1.HttpClientRequestChannel.HttpClientChannelAsyncRequest.SendRequestAsync(Message message, TimeoutHelper timeoutHelper)
No connection could be made because the target machine actively refused it.
   at System.Net.Sockets.Socket.AwaitableSocketAsyncEventArgs.ThrowException(SocketError error, CancellationToken cancellationToken)
   at System.Net.Sockets.Socket.AwaitableSocketAsyncEventArgs.System.Threading.Tasks.Sources.IValueTaskSource.GetResult(Int16 token)
   at System.Net.Sockets.Socket.<ConnectAsync>g__WaitForConnectWithCancellation|285_0(AwaitableSocketAsyncEventArgs saea, ValueTask connectTask, CancellationToken cancellationToken)
   at System.Net.Http.HttpConnectionPool.ConnectToTcpHostAsync(String host, Int32 port, HttpRequestMessage initialRequest, Boolean async, CancellationToken cancellationToken)
13/11/2025 05:03:11==>Cotizacion Invalida
   at Applet.Nat.Api.Br.Models.DocumentExp.GetCotizacion(String vivstrMoneda, DateTime vivdtm) in C:\Users\Jaco2701\Documents\Visual Studio Projects\Nat\Nat.api\Models\BR\DocumentExp.cs:line 175
   at Applet.Nat.Api.Controllers.MiscController.Statics() in C:\Users\Jaco2701\Documents\Visual Studio Projects\Nat\Nat.api\Controllers\MiscController.cs:line 45
13/11/2025 05:03:11==>Valor de Lista FORMAT:dtmwsmtxca no encontrado
   at Applet.Nat.Api.Static.ListHelper.GetValue(String vivcodType, String vivcodId, NatContext vioContext) in C:\Users\Jaco2701\Documents\Visual Studio Projects\Nat\Nat.api\Static\ListHelper.cs:line 26
   at Applet.Nat.Api.Models.Afip.AfipService.get_ivstrDateformat() in C:\Users\Jaco2701\Documents\Visual Studio Projects\Nat\Nat.api\Models\Afip\AfipService.cs:line 74
   at Applet.Nat.BR.DocumentMTXCA.GetCotizacion(String vivstrMoneda, DateTime vivdtm) in C:\Users\Jaco2701\Documents\Visual Studio Projects\Nat\Nat.api\Models\BR\DocumentMtxca.cs:line 540
13/11/2025 05:03:11==>Cotizacion Invalida
   at Applet.Nat.BR.DocumentMTXCA.GetCotizacion(String vivstrMoneda, DateTime vivdtm) in C:\Users\Jaco2701\Documents\Visual Studio Projects\Nat\Nat.api\Models\BR\DocumentMtxca.cs:line 566
   at Applet.Nat.Api.Controllers.MiscController.Statics() in C:\Users\Jaco2701\Documents\Visual Studio Projects\Nat\Nat.api\Controllers\MiscController.cs:line 65
13/11/2025 05:08:14==>No connection could be made because the target machine actively refused it. (wsfe-homo.arca.gob.ar:443)
   at System.Runtime.AsyncResult.End[TAsyncResult](IAsyncResult result)
   at System.ServiceModel.Channels.ServiceChannel.SendAsyncResult.End(SendAsyncResult result)
   at System.ServiceModel.Channels.ServiceChannel.EndCall(String action, Object[] outs, IAsyncResult result)
   at System.ServiceModel.Channels.ServiceChannelProxy.TaskCreator.<>c__DisplayClass1_0.<CreateGenericTask>b__0(IAsyncResult asyncResult)
--- End of stack trace from previous location ---
   at Applet.Nat.Api.Br.Models.DocumentExp.GetCotizacion(String vivstrMoneda, DateTime vivdtm) in C:\Users\Jaco2701\Documents\Visual Studio Projects\Nat\Nat.api\Models\BR\DocumentExp.cs:line 156
No connection could be made because the target machine actively refused it. (wsfe-homo.arca.gob.ar:443)
   at System.Net.Http.HttpConnectionPool.ConnectToTcpHostAsync(String host, Int32 port, HttpRequestMessage initialRequest, Boolean async, CancellationToken cancellationToken)
   at System.Net.Http.HttpConnectionPool.ConnectAsync(HttpRequestMessage request, Boolean async, CancellationToken cancellationToken)
   at System.Net.Http.HttpConnectionPool.CreateHttp11ConnectionAsync(HttpRequestMessage request, Boolean async, CancellationToken cancellationToken)
   at System.Net.Http.HttpConnectionPool.AddHttp11ConnectionAsync(QueueItem queueItem)
   at System.Threading.Tasks.TaskCompletionSourceWithCancellation`1.WaitWithCancellationAsync(CancellationToken cancellationToken)
   at System.Net.Http.HttpConnectionPool.SendWithVersionDetectionAndRetryAsync(HttpRequestMessage request, Boolean async, Boolean doRequestAuth, CancellationToken cancellationToken)
   at System.Net.Http.DiagnosticsHandler.SendAsyncCore(HttpRequestMessage request, Boolean async, CancellationToken cancellationToken)
   at System.Net.Http.RedirectHandler.SendAsync(HttpRequestMessage request, Boolean async, CancellationToken cancellationToken)
   at System.Net.Http.DecompressionHandler.SendAsync(HttpRequestMessage request, Boolean async, CancellationToken cancellationToken)
   at System.Net.Http.HttpClient.<SendAsync>g__Core|83_0(HttpRequestMessage request, HttpCompletionOption completionOption, CancellationTokenSource cts, Boolean disposeCts, CancellationTokenSource pendingRequestsCts, CancellationToken originalCancellationToken)
   at System.ServiceModel.Channels.HttpChannelFactory`1.HttpClientRequestChannel.HttpClientChannelAsyncRequest.SendRequestAsync(Message message, TimeoutHelper timeoutHelper)
No connection could be made because the target machine actively refused it.
   at System.Net.Sockets.Socket.AwaitableSocketAsyncEventArgs.ThrowException(SocketError error, CancellationToken cancellationToken)
   at System.Net.Sockets.Socket.AwaitableSocketAsyncEventArgs.System.Threading.Tasks.Sources.IValueTaskSource.GetResult(Int16 token)
   at System.Net.Sockets.Socket.<ConnectAsync>g__WaitForConnectWithCancellation|285_0(AwaitableSocketAsyncEventArgs saea, ValueTask connectTask, CancellationToken cancellationToken)
   at System.Net.Http.HttpConnectionPool.ConnectToTcpHostAsync(String host, Int32 port, HttpRequestMessage initialRequest, Boolean async, CancellationToken cancellationToken)
13/11/2025 05:08:14==>Cotizacion Invalida
   at Applet.Nat.Api.Br.Models.DocumentExp.GetCotizacion(String vivstrMoneda, DateTime vivdtm) in C:\Users\Jaco2701\Documents\Visual Studio Projects\Nat\Nat.api\Models\BR\DocumentExp.cs:line 175
   at Applet.Nat.Api.Controllers.MiscController.Statics() in C:\Users\Jaco2701\Documents\Visual Studio Projects\Nat\Nat.api\Controllers\MiscController.cs:line 45
13/11/2025 05:08:14==>Valor de Lista FORMAT:dtmwsmtxca no encontrado
   at Applet.Nat.Api.Static.ListHelper.GetValue(String vivcodType, String vivcodId, NatContext vioContext) in C:\Users\Jaco2701\Documents\Visual Studio Projects\Nat\Nat.api\Static\ListHelper.cs:line 26
   at Applet.Nat.Api.Models.Afip.AfipService.get_ivstrDateformat() in C:\Users\Jaco2701\Documents\Visual Studio Projects\Nat\Nat.api\Models\Afip\AfipService.cs:line 74
   at Applet.Nat.BR.DocumentMTXCA.GetCotizacion(String vivstrMoneda, DateTime vivdtm) in C:\Users\Jaco2701\Documents\Visual Studio Projects\Nat\Nat.api\Models\BR\DocumentMtxca.cs:line 540
13/11/2025 05:08:14==>Cotizacion Invalida
   at Applet.Nat.BR.DocumentMTXCA.GetCotizacion(String vivstrMoneda, DateTime vivdtm) in C:\Users\Jaco2701\Documents\Visual Studio Projects\Nat\Nat.api\Models\BR\DocumentMtxca.cs:line 566
   at Applet.Nat.Api.Controllers.MiscController.Statics() in C:\Users\Jaco2701\Documents\Visual Studio Projects\Nat\Nat.api\Controllers\MiscController.cs:line 65
13/11/2025 05:08:16==>No connection could be made because the target machine actively refused it. (wsfe-homo.arca.gob.ar:443)
   at System.Runtime.AsyncResult.End[TAsyncResult](IAsyncResult result)
   at System.ServiceModel.Channels.ServiceChannel.SendAsyncResult.End(SendAsyncResult result)
   at System.ServiceModel.Channels.ServiceChannel.EndCall(String action, Object[] outs, IAsyncResult result)
   at System.ServiceModel.Channels.ServiceChannelProxy.TaskCreator.<>c__DisplayClass1_0.<CreateGenericTask>b__0(IAsyncResult asyncResult)
--- End of stack trace from previous location ---
   at Applet.Nat.Api.Br.Models.DocumentExp.GetCotizacion(String vivstrMoneda, DateTime vivdtm) in C:\Users\Jaco2701\Documents\Visual Studio Projects\Nat\Nat.api\Models\BR\DocumentExp.cs:line 156
No connection could be made because the target machine actively refused it. (wsfe-homo.arca.gob.ar:443)
   at System.Net.Http.HttpConnectionPool.ConnectToTcpHostAsync(String host, Int32 port, HttpRequestMessage initialRequest, Boolean async, CancellationToken cancellationToken)
   at System.Net.Http.HttpConnectionPool.ConnectAsync(HttpRequestMessage request, Boolean async, CancellationToken cancellationToken)
   at System.Net.Http.HttpConnectionPool.CreateHttp11ConnectionAsync(HttpRequestMessage request, Boolean async, CancellationToken cancellationToken)
   at System.Net.Http.HttpConnectionPool.AddHttp11ConnectionAsync(QueueItem queueItem)
   at System.Threading.Tasks.TaskCompletionSourceWithCancellation`1.WaitWithCancellationAsync(CancellationToken cancellationToken)
   at System.Net.Http.HttpConnectionPool.SendWithVersionDetectionAndRetryAsync(HttpRequestMessage request, Boolean async, Boolean doRequestAuth, CancellationToken cancellationToken)
   at System.Net.Http.DiagnosticsHandler.SendAsyncCore(HttpRequestMessage request, Boolean async, CancellationToken cancellationToken)
   at System.Net.Http.RedirectHandler.SendAsync(HttpRequestMessage request, Boolean async, CancellationToken cancellationToken)
   at System.Net.Http.DecompressionHandler.SendAsync(HttpRequestMessage request, Boolean async, CancellationToken cancellationToken)
   at System.Net.Http.HttpClient.<SendAsync>g__Core|83_0(HttpRequestMessage request, HttpCompletionOption completionOption, CancellationTokenSource cts, Boolean disposeCts, CancellationTokenSource pendingRequestsCts, CancellationToken originalCancellationToken)
   at System.ServiceModel.Channels.HttpChannelFactory`1.HttpClientRequestChannel.HttpClientChannelAsyncRequest.SendRequestAsync(Message message, TimeoutHelper timeoutHelper)
No connection could be made because the target machine actively refused it.
   at System.Net.Sockets.Socket.AwaitableSocketAsyncEventArgs.ThrowException(SocketError error, CancellationToken cancellationToken)
   at System.Net.Sockets.Socket.AwaitableSocketAsyncEventArgs.System.Threading.Tasks.Sources.IValueTaskSource.GetResult(Int16 token)
   at System.Net.Sockets.Socket.<ConnectAsync>g__WaitForConnectWithCancellation|285_0(AwaitableSocketAsyncEventArgs saea, ValueTask connectTask, CancellationToken cancellationToken)
   at System.Net.Http.HttpConnectionPool.ConnectToTcpHostAsync(String host, Int32 port, HttpRequestMessage initialRequest, Boolean async, CancellationToken cancellationToken)
13/11/2025 05:08:17==>Cotizacion Invalida
   at Applet.Nat.Api.Br.Models.DocumentExp.GetCotizacion(String vivstrMoneda, DateTime vivdtm) in C:\Users\Jaco2701\Documents\Visual Studio Projects\Nat\Nat.api\Models\BR\DocumentExp.cs:line 175
   at Applet.Nat.Api.Controllers.MiscController.Statics() in C:\Users\Jaco2701\Documents\Visual Studio Projects\Nat\Nat.api\Controllers\MiscController.cs:line 45
13/11/2025 05:08:17==>Valor de Lista FORMAT:dtmwsmtxca no encontrado
   at Applet.Nat.Api.Static.ListHelper.GetValue(String vivcodType, String vivcodId, NatContext vioContext) in C:\Users\Jaco2701\Documents\Visual Studio Projects\Nat\Nat.api\Static\ListHelper.cs:line 26
   at Applet.Nat.Api.Models.Afip.AfipService.get_ivstrDateformat() in C:\Users\Jaco2701\Documents\Visual Studio Projects\Nat\Nat.api\Models\Afip\AfipService.cs:line 74
   at Applet.Nat.BR.DocumentMTXCA.GetCotizacion(String vivstrMoneda, DateTime vivdtm) in C:\Users\Jaco2701\Documents\Visual Studio Projects\Nat\Nat.api\Models\BR\DocumentMtxca.cs:line 540
13/11/2025 05:08:17==>Cotizacion Invalida
   at Applet.Nat.BR.DocumentMTXCA.GetCotizacion(String vivstrMoneda, DateTime vivdtm) in C:\Users\Jaco2701\Documents\Visual Studio Projects\Nat\Nat.api\Models\BR\DocumentMtxca.cs:line 566
   at Applet.Nat.Api.Controllers.MiscController.Statics() in C:\Users\Jaco2701\Documents\Visual Studio Projects\Nat\Nat.api\Controllers\MiscController.cs:line 65
13/11/2025 05:08:19==>No connection could be made because the target machine actively refused it. (wsfe-homo.arca.gob.ar:443)
   at System.Runtime.AsyncResult.End[TAsyncResult](IAsyncResult result)
   at System.ServiceModel.Channels.ServiceChannel.SendAsyncResult.End(SendAsyncResult result)
   at System.ServiceModel.Channels.ServiceChannel.EndCall(String action, Object[] outs, IAsyncResult result)
   at System.ServiceModel.Channels.ServiceChannelProxy.TaskCreator.<>c__DisplayClass1_0.<CreateGenericTask>b__0(IAsyncResult asyncResult)
--- End of stack trace from previous location ---
   at Applet.Nat.Api.Br.Models.DocumentExp.GetCotizacion(String vivstrMoneda, DateTime vivdtm) in C:\Users\Jaco2701\Documents\Visual Studio Projects\Nat\Nat.api\Models\BR\DocumentExp.cs:line 156
No connection could be made because the target machine actively refused it. (wsfe-homo.arca.gob.ar:443)
   at System.Net.Http.HttpConnectionPool.ConnectToTcpHostAsync(String host, Int32 port, HttpRequestMessage initialRequest, Boolean async, CancellationToken cancellationToken)
   at System.Net.Http.HttpConnectionPool.ConnectAsync(HttpRequestMessage request, Boolean async, CancellationToken cancellationToken)
   at System.Net.Http.HttpConnectionPool.CreateHttp11ConnectionAsync(HttpRequestMessage request, Boolean async, CancellationToken cancellationToken)
   at System.Net.Http.HttpConnectionPool.AddHttp11ConnectionAsync(QueueItem queueItem)
   at System.Threading.Tasks.TaskCompletionSourceWithCancellation`1.WaitWithCancellationAsync(CancellationToken cancellationToken)
   at System.Net.Http.HttpConnectionPool.SendWithVersionDetectionAndRetryAsync(HttpRequestMessage request, Boolean async, Boolean doRequestAuth, CancellationToken cancellationToken)
   at System.Net.Http.DiagnosticsHandler.SendAsyncCore(HttpRequestMessage request, Boolean async, CancellationToken cancellationToken)
   at System.Net.Http.RedirectHandler.SendAsync(HttpRequestMessage request, Boolean async, CancellationToken cancellationToken)
   at System.Net.Http.DecompressionHandler.SendAsync(HttpRequestMessage request, Boolean async, CancellationToken cancellationToken)
   at System.Net.Http.HttpClient.<SendAsync>g__Core|83_0(HttpRequestMessage request, HttpCompletionOption completionOption, CancellationTokenSource cts, Boolean disposeCts, CancellationTokenSource pendingRequestsCts, CancellationToken originalCancellationToken)
   at System.ServiceModel.Channels.HttpChannelFactory`1.HttpClientRequestChannel.HttpClientChannelAsyncRequest.SendRequestAsync(Message message, TimeoutHelper timeoutHelper)
No connection could be made because the target machine actively refused it.
   at System.Net.Sockets.Socket.AwaitableSocketAsyncEventArgs.ThrowException(SocketError error, CancellationToken cancellationToken)
   at System.Net.Sockets.Socket.AwaitableSocketAsyncEventArgs.System.Threading.Tasks.Sources.IValueTaskSource.GetResult(Int16 token)
   at System.Net.Sockets.Socket.<ConnectAsync>g__WaitForConnectWithCancellation|285_0(AwaitableSocketAsyncEventArgs saea, ValueTask connectTask, CancellationToken cancellationToken)
   at System.Net.Http.HttpConnectionPool.ConnectToTcpHostAsync(String host, Int32 port, HttpRequestMessage initialRequest, Boolean async, CancellationToken cancellationToken)
13/11/2025 05:08:19==>Cotizacion Invalida
   at Applet.Nat.Api.Br.Models.DocumentExp.GetCotizacion(String vivstrMoneda, DateTime vivdtm) in C:\Users\Jaco2701\Documents\Visual Studio Projects\Nat\Nat.api\Models\BR\DocumentExp.cs:line 175
   at Applet.Nat.Api.Controllers.MiscController.Statics() in C:\Users\Jaco2701\Documents\Visual Studio Projects\Nat\Nat.api\Controllers\MiscController.cs:line 45
13/11/2025 05:08:19==>Valor de Lista FORMAT:dtmwsmtxca no encontrado
   at Applet.Nat.Api.Static.ListHelper.GetValue(String vivcodType, String vivcodId, NatContext vioContext) in C:\Users\Jaco2701\Documents\Visual Studio Projects\Nat\Nat.api\Static\ListHelper.cs:line 26
   at Applet.Nat.Api.Models.Afip.AfipService.get_ivstrDateformat() in C:\Users\Jaco2701\Documents\Visual Studio Projects\Nat\Nat.api\Models\Afip\AfipService.cs:line 74
   at Applet.Nat.BR.DocumentMTXCA.GetCotizacion(String vivstrMoneda, DateTime vivdtm) in C:\Users\Jaco2701\Documents\Visual Studio Projects\Nat\Nat.api\Models\BR\DocumentMtxca.cs:line 540
13/11/2025 05:08:19==>Cotizacion Invalida
   at Applet.Nat.BR.DocumentMTXCA.GetCotizacion(String vivstrMoneda, DateTime vivdtm) in C:\Users\Jaco2701\Documents\Visual Studio Projects\Nat\Nat.api\Models\BR\DocumentMtxca.cs:line 566
   at Applet.Nat.Api.Controllers.MiscController.Statics() in C:\Users\Jaco2701\Documents\Visual Studio Projects\Nat\Nat.api\Controllers\MiscController.cs:line 65
13/11/2025 05:09:58==>No connection could be made because the target machine actively refused it. (wsfe-homo.arca.gob.ar:443)
   at System.Runtime.AsyncResult.End[TAsyncResult](IAsyncResult result)
   at System.ServiceModel.Channels.ServiceChannel.SendAsyncResult.End(SendAsyncResult result)
   at System.ServiceModel.Channels.ServiceChannel.EndCall(String action, Object[] outs, IAsyncResult result)
   at System.ServiceModel.Channels.ServiceChannelProxy.TaskCreator.<>c__DisplayClass1_0.<CreateGenericTask>b__0(IAsyncResult asyncResult)
--- End of stack trace from previous location ---
   at Applet.Nat.Api.Br.Models.DocumentExp.GetCotizacion(String vivstrMoneda, DateTime vivdtm) in C:\Users\Jaco2701\Documents\Visual Studio Projects\Nat\Nat.api\Models\BR\DocumentExp.cs:line 156
No connection could be made because the target machine actively refused it. (wsfe-homo.arca.gob.ar:443)
   at System.Net.Http.HttpConnectionPool.ConnectToTcpHostAsync(String host, Int32 port, HttpRequestMessage initialRequest, Boolean async, CancellationToken cancellationToken)
   at System.Net.Http.HttpConnectionPool.ConnectAsync(HttpRequestMessage request, Boolean async, CancellationToken cancellationToken)
   at System.Net.Http.HttpConnectionPool.CreateHttp11ConnectionAsync(HttpRequestMessage request, Boolean async, CancellationToken cancellationToken)
   at System.Net.Http.HttpConnectionPool.AddHttp11ConnectionAsync(QueueItem queueItem)
   at System.Threading.Tasks.TaskCompletionSourceWithCancellation`1.WaitWithCancellationAsync(CancellationToken cancellationToken)
   at System.Net.Http.HttpConnectionPool.SendWithVersionDetectionAndRetryAsync(HttpRequestMessage request, Boolean async, Boolean doRequestAuth, CancellationToken cancellationToken)
   at System.Net.Http.DiagnosticsHandler.SendAsyncCore(HttpRequestMessage request, Boolean async, CancellationToken cancellationToken)
   at System.Net.Http.RedirectHandler.SendAsync(HttpRequestMessage request, Boolean async, CancellationToken cancellationToken)
   at System.Net.Http.DecompressionHandler.SendAsync(HttpRequestMessage request, Boolean async, CancellationToken cancellationToken)
   at System.Net.Http.HttpClient.<SendAsync>g__Core|83_0(HttpRequestMessage request, HttpCompletionOption completionOption, CancellationTokenSource cts, Boolean disposeCts, CancellationTokenSource pendingRequestsCts, CancellationToken originalCancellationToken)
   at System.ServiceModel.Channels.HttpChannelFactory`1.HttpClientRequestChannel.HttpClientChannelAsyncRequest.SendRequestAsync(Message message, TimeoutHelper timeoutHelper)
No connection could be made because the target machine actively refused it.
   at System.Net.Sockets.Socket.AwaitableSocketAsyncEventArgs.ThrowException(SocketError error, CancellationToken cancellationToken)
   at System.Net.Sockets.Socket.AwaitableSocketAsyncEventArgs.System.Threading.Tasks.Sources.IValueTaskSource.GetResult(Int16 token)
   at System.Net.Sockets.Socket.<ConnectAsync>g__WaitForConnectWithCancellation|285_0(AwaitableSocketAsyncEventArgs saea, ValueTask connectTask, CancellationToken cancellationToken)
   at System.Net.Http.HttpConnectionPool.ConnectToTcpHostAsync(String host, Int32 port, HttpRequestMessage initialRequest, Boolean async, CancellationToken cancellationToken)
13/11/2025 05:09:58==>Cotizacion Invalida
   at Applet.Nat.Api.Br.Models.DocumentExp.GetCotizacion(String vivstrMoneda, DateTime vivdtm) in C:\Users\Jaco2701\Documents\Visual Studio Projects\Nat\Nat.api\Models\BR\DocumentExp.cs:line 175
   at Applet.Nat.Api.Controllers.MiscController.Statics() in C:\Users\Jaco2701\Documents\Visual Studio Projects\Nat\Nat.api\Controllers\MiscController.cs:line 45
13/11/2025 05:09:59==>Valor de Lista FORMAT:dtmwsmtxca no encontrado
   at Applet.Nat.Api.Static.ListHelper.GetValue(String vivcodType, String vivcodId, NatContext vioContext) in C:\Users\Jaco2701\Documents\Visual Studio Projects\Nat\Nat.api\Static\ListHelper.cs:line 26
   at Applet.Nat.Api.Models.Afip.AfipService.get_ivstrDateformat() in C:\Users\Jaco2701\Documents\Visual Studio Projects\Nat\Nat.api\Models\Afip\AfipService.cs:line 74
   at Applet.Nat.BR.DocumentMTXCA.GetCotizacion(String vivstrMoneda, DateTime vivdtm) in C:\Users\Jaco2701\Documents\Visual Studio Projects\Nat\Nat.api\Models\BR\DocumentMtxca.cs:line 540
13/11/2025 05:09:59==>Cotizacion Invalida
   at Applet.Nat.BR.DocumentMTXCA.GetCotizacion(String vivstrMoneda, DateTime vivdtm) in C:\Users\Jaco2701\Documents\Visual Studio Projects\Nat\Nat.api\Models\BR\DocumentMtxca.cs:line 566
   at Applet.Nat.Api.Controllers.MiscController.Statics() in C:\Users\Jaco2701\Documents\Visual Studio Projects\Nat\Nat.api\Controllers\MiscController.cs:line 65
13/11/2025 05:10:01==>No connection could be made because the target machine actively refused it. (wsfe-homo.arca.gob.ar:443)
   at System.Runtime.AsyncResult.End[TAsyncResult](IAsyncResult result)
   at System.ServiceModel.Channels.ServiceChannel.SendAsyncResult.End(SendAsyncResult result)
   at System.ServiceModel.Channels.ServiceChannel.EndCall(String action, Object[] outs, IAsyncResult result)
   at System.ServiceModel.Channels.ServiceChannelProxy.TaskCreator.<>c__DisplayClass1_0.<CreateGenericTask>b__0(IAsyncResult asyncResult)
--- End of stack trace from previous location ---
   at Applet.Nat.Api.Br.Models.DocumentExp.GetCotizacion(String vivstrMoneda, DateTime vivdtm) in C:\Users\Jaco2701\Documents\Visual Studio Projects\Nat\Nat.api\Models\BR\DocumentExp.cs:line 156
No connection could be made because the target machine actively refused it. (wsfe-homo.arca.gob.ar:443)
   at System.Net.Http.HttpConnectionPool.ConnectToTcpHostAsync(String host, Int32 port, HttpRequestMessage initialRequest, Boolean async, CancellationToken cancellationToken)
   at System.Net.Http.HttpConnectionPool.ConnectAsync(HttpRequestMessage request, Boolean async, CancellationToken cancellationToken)
   at System.Net.Http.HttpConnectionPool.CreateHttp11ConnectionAsync(HttpRequestMessage request, Boolean async, CancellationToken cancellationToken)
   at System.Net.Http.HttpConnectionPool.AddHttp11ConnectionAsync(QueueItem queueItem)
   at System.Threading.Tasks.TaskCompletionSourceWithCancellation`1.WaitWithCancellationAsync(CancellationToken cancellationToken)
   at System.Net.Http.HttpConnectionPool.SendWithVersionDetectionAndRetryAsync(HttpRequestMessage request, Boolean async, Boolean doRequestAuth, CancellationToken cancellationToken)
   at System.Net.Http.DiagnosticsHandler.SendAsyncCore(HttpRequestMessage request, Boolean async, CancellationToken cancellationToken)
   at System.Net.Http.RedirectHandler.SendAsync(HttpRequestMessage request, Boolean async, CancellationToken cancellationToken)
   at System.Net.Http.DecompressionHandler.SendAsync(HttpRequestMessage request, Boolean async, CancellationToken cancellationToken)
   at System.Net.Http.HttpClient.<SendAsync>g__Core|83_0(HttpRequestMessage request, HttpCompletionOption completionOption, CancellationTokenSource cts, Boolean disposeCts, CancellationTokenSource pendingRequestsCts, CancellationToken originalCancellationToken)
   at System.ServiceModel.Channels.HttpChannelFactory`1.HttpClientRequestChannel.HttpClientChannelAsyncRequest.SendRequestAsync(Message message, TimeoutHelper timeoutHelper)
No connection could be made because the target machine actively refused it.
   at System.Net.Sockets.Socket.AwaitableSocketAsyncEventArgs.ThrowException(SocketError error, CancellationToken cancellationToken)
   at System.Net.Sockets.Socket.AwaitableSocketAsyncEventArgs.System.Threading.Tasks.Sources.IValueTaskSource.GetResult(Int16 token)
   at System.Net.Sockets.Socket.<ConnectAsync>g__WaitForConnectWithCancellation|285_0(AwaitableSocketAsyncEventArgs saea, ValueTask connectTask, CancellationToken cancellationToken)
   at System.Net.Http.HttpConnectionPool.ConnectToTcpHostAsync(String host, Int32 port, HttpRequestMessage initialRequest, Boolean async, CancellationToken cancellationToken)
13/11/2025 05:10:01==>Cotizacion Invalida
   at Applet.Nat.Api.Br.Models.DocumentExp.GetCotizacion(String vivstrMoneda, DateTime vivdtm) in C:\Users\Jaco2701\Documents\Visual Studio Projects\Nat\Nat.api\Models\BR\DocumentExp.cs:line 175
   at Applet.Nat.Api.Controllers.MiscController.Statics() in C:\Users\Jaco2701\Documents\Visual Studio Projects\Nat\Nat.api\Controllers\MiscController.cs:line 45
13/11/2025 05:10:01==>Valor de Lista FORMAT:dtmwsmtxca no encontrado
   at Applet.Nat.Api.Static.ListHelper.GetValue(String vivcodType, String vivcodId, NatContext vioContext) in C:\Users\Jaco2701\Documents\Visual Studio Projects\Nat\Nat.api\Static\ListHelper.cs:line 26
   at Applet.Nat.Api.Models.Afip.AfipService.get_ivstrDateformat() in C:\Users\Jaco2701\Documents\Visual Studio Projects\Nat\Nat.api\Models\Afip\AfipService.cs:line 74
   at Applet.Nat.BR.DocumentMTXCA.GetCotizacion(String vivstrMoneda, DateTime vivdtm) in C:\Users\Jaco2701\Documents\Visual Studio Projects\Nat\Nat.api\Models\BR\DocumentMtxca.cs:line 540
13/11/2025 05:10:01==>Cotizacion Invalida
   at Applet.Nat.BR.DocumentMTXCA.GetCotizacion(String vivstrMoneda, DateTime vivdtm) in C:\Users\Jaco2701\Documents\Visual Studio Projects\Nat\Nat.api\Models\BR\DocumentMtxca.cs:line 566
   at Applet.Nat.Api.Controllers.MiscController.Statics() in C:\Users\Jaco2701\Documents\Visual Studio Projects\Nat\Nat.api\Controllers\MiscController.cs:line 65
13/11/2025 05:10:03==>No connection could be made because the target machine actively refused it. (wsfe-homo.arca.gob.ar:443)
   at System.Runtime.AsyncResult.End[TAsyncResult](IAsyncResult result)
   at System.ServiceModel.Channels.ServiceChannel.SendAsyncResult.End(SendAsyncResult result)
   at System.ServiceModel.Channels.ServiceChannel.EndCall(String action, Object[] outs, IAsyncResult result)
   at System.ServiceModel.Channels.ServiceChannelProxy.TaskCreator.<>c__DisplayClass1_0.<CreateGenericTask>b__0(IAsyncResult asyncResult)
--- End of stack trace from previous location ---
   at Applet.Nat.Api.Br.Models.DocumentExp.GetCotizacion(String vivstrMoneda, DateTime vivdtm) in C:\Users\Jaco2701\Documents\Visual Studio Projects\Nat\Nat.api\Models\BR\DocumentExp.cs:line 156
No connection could be made because the target machine actively refused it. (wsfe-homo.arca.gob.ar:443)
   at System.Net.Http.HttpConnectionPool.ConnectToTcpHostAsync(String host, Int32 port, HttpRequestMessage initialRequest, Boolean async, CancellationToken cancellationToken)
   at System.Net.Http.HttpConnectionPool.ConnectAsync(HttpRequestMessage request, Boolean async, CancellationToken cancellationToken)
   at System.Net.Http.HttpConnectionPool.CreateHttp11ConnectionAsync(HttpRequestMessage request, Boolean async, CancellationToken cancellationToken)
   at System.Net.Http.HttpConnectionPool.AddHttp11ConnectionAsync(QueueItem queueItem)
   at System.Threading.Tasks.TaskCompletionSourceWithCancellation`1.WaitWithCancellationAsync(CancellationToken cancellationToken)
   at System.Net.Http.HttpConnectionPool.SendWithVersionDetectionAndRetryAsync(HttpRequestMessage request, Boolean async, Boolean doRequestAuth, CancellationToken cancellationToken)
   at System.Net.Http.DiagnosticsHandler.SendAsyncCore(HttpRequestMessage request, Boolean async, CancellationToken cancellationToken)
   at System.Net.Http.RedirectHandler.SendAsync(HttpRequestMessage request, Boolean async, CancellationToken cancellationToken)
   at System.Net.Http.DecompressionHandler.SendAsync(HttpRequestMessage request, Boolean async, CancellationToken cancellationToken)
   at System.Net.Http.HttpClient.<SendAsync>g__Core|83_0(HttpRequestMessage request, HttpCompletionOption completionOption, CancellationTokenSource cts, Boolean disposeCts, CancellationTokenSource pendingRequestsCts, CancellationToken originalCancellationToken)
   at System.ServiceModel.Channels.HttpChannelFactory`1.HttpClientRequestChannel.HttpClientChannelAsyncRequest.SendRequestAsync(Message message, TimeoutHelper timeoutHelper)
No connection could be made because the target machine actively refused it.
   at System.Net.Sockets.Socket.AwaitableSocketAsyncEventArgs.ThrowException(SocketError error, CancellationToken cancellationToken)
   at System.Net.Sockets.Socket.AwaitableSocketAsyncEventArgs.System.Threading.Tasks.Sources.IValueTaskSource.GetResult(Int16 token)
   at System.Net.Sockets.Socket.<ConnectAsync>g__WaitForConnectWithCancellation|285_0(AwaitableSocketAsyncEventArgs saea, ValueTask connectTask, CancellationToken cancellationToken)
   at System.Net.Http.HttpConnectionPool.ConnectToTcpHostAsync(String host, Int32 port, HttpRequestMessage initialRequest, Boolean async, CancellationToken cancellationToken)
13/11/2025 05:10:03==>Cotizacion Invalida
   at Applet.Nat.Api.Br.Models.DocumentExp.GetCotizacion(String vivstrMoneda, DateTime vivdtm) in C:\Users\Jaco2701\Documents\Visual Studio Projects\Nat\Nat.api\Models\BR\DocumentExp.cs:line 175
   at Applet.Nat.Api.Controllers.MiscController.Statics() in C:\Users\Jaco2701\Documents\Visual Studio Projects\Nat\Nat.api\Controllers\MiscController.cs:line 45
13/11/2025 05:10:03==>Valor de Lista FORMAT:dtmwsmtxca no encontrado
   at Applet.Nat.Api.Static.ListHelper.GetValue(String vivcodType, String vivcodId, NatContext vioContext) in C:\Users\Jaco2701\Documents\Visual Studio Projects\Nat\Nat.api\Static\ListHelper.cs:line 26
   at Applet.Nat.Api.Models.Afip.AfipService.get_ivstrDateformat() in C:\Users\Jaco2701\Documents\Visual Studio Projects\Nat\Nat.api\Models\Afip\AfipService.cs:line 74
   at Applet.Nat.BR.DocumentMTXCA.GetCotizacion(String vivstrMoneda, DateTime vivdtm) in C:\Users\Jaco2701\Documents\Visual Studio Projects\Nat\Nat.api\Models\BR\DocumentMtxca.cs:line 540
13/11/2025 05:10:03==>Cotizacion Invalida
   at Applet.Nat.BR.DocumentMTXCA.GetCotizacion(String vivstrMoneda, DateTime vivdtm) in C:\Users\Jaco2701\Documents\Visual Studio Projects\Nat\Nat.api\Models\BR\DocumentMtxca.cs:line 566
   at Applet.Nat.Api.Controllers.MiscController.Statics() in C:\Users\Jaco2701\Documents\Visual Studio Projects\Nat\Nat.api\Controllers\MiscController.cs:line 65
13/11/2025 05:10:06==>No connection could be made because the target machine actively refused it. (wsfe-homo.arca.gob.ar:443)
   at System.Runtime.AsyncResult.End[TAsyncResult](IAsyncResult result)
   at System.ServiceModel.Channels.ServiceChannel.SendAsyncResult.End(SendAsyncResult result)
   at System.ServiceModel.Channels.ServiceChannel.EndCall(String action, Object[] outs, IAsyncResult result)
   at System.ServiceModel.Channels.ServiceChannelProxy.TaskCreator.<>c__DisplayClass1_0.<CreateGenericTask>b__0(IAsyncResult asyncResult)
--- End of stack trace from previous location ---
   at Applet.Nat.Api.Br.Models.DocumentExp.GetCotizacion(String vivstrMoneda, DateTime vivdtm) in C:\Users\Jaco2701\Documents\Visual Studio Projects\Nat\Nat.api\Models\BR\DocumentExp.cs:line 156
No connection could be made because the target machine actively refused it. (wsfe-homo.arca.gob.ar:443)
   at System.Net.Http.HttpConnectionPool.ConnectToTcpHostAsync(String host, Int32 port, HttpRequestMessage initialRequest, Boolean async, CancellationToken cancellationToken)
   at System.Net.Http.HttpConnectionPool.ConnectAsync(HttpRequestMessage request, Boolean async, CancellationToken cancellationToken)
   at System.Net.Http.HttpConnectionPool.CreateHttp11ConnectionAsync(HttpRequestMessage request, Boolean async, CancellationToken cancellationToken)
   at System.Net.Http.HttpConnectionPool.AddHttp11ConnectionAsync(QueueItem queueItem)
   at System.Threading.Tasks.TaskCompletionSourceWithCancellation`1.WaitWithCancellationAsync(CancellationToken cancellationToken)
   at System.Net.Http.HttpConnectionPool.SendWithVersionDetectionAndRetryAsync(HttpRequestMessage request, Boolean async, Boolean doRequestAuth, CancellationToken cancellationToken)
   at System.Net.Http.DiagnosticsHandler.SendAsyncCore(HttpRequestMessage request, Boolean async, CancellationToken cancellationToken)
   at System.Net.Http.RedirectHandler.SendAsync(HttpRequestMessage request, Boolean async, CancellationToken cancellationToken)
   at System.Net.Http.DecompressionHandler.SendAsync(HttpRequestMessage request, Boolean async, CancellationToken cancellationToken)
   at System.Net.Http.HttpClient.<SendAsync>g__Core|83_0(HttpRequestMessage request, HttpCompletionOption completionOption, CancellationTokenSource cts, Boolean disposeCts, CancellationTokenSource pendingRequestsCts, CancellationToken originalCancellationToken)
   at System.ServiceModel.Channels.HttpChannelFactory`1.HttpClientRequestChannel.HttpClientChannelAsyncRequest.SendRequestAsync(Message message, TimeoutHelper timeoutHelper)
No connection could be made because the target machine actively refused it.
   at System.Net.Sockets.Socket.AwaitableSocketAsyncEventArgs.ThrowException(SocketError error, CancellationToken cancellationToken)
   at System.Net.Sockets.Socket.AwaitableSocketAsyncEventArgs.System.Threading.Tasks.Sources.IValueTaskSource.GetResult(Int16 token)
   at System.Net.Sockets.Socket.<ConnectAsync>g__WaitForConnectWithCancellation|285_0(AwaitableSocketAsyncEventArgs saea, ValueTask connectTask, CancellationToken cancellationToken)
   at System.Net.Http.HttpConnectionPool.ConnectToTcpHostAsync(String host, Int32 port, HttpRequestMessage initialRequest, Boolean async, CancellationToken cancellationToken)
13/11/2025 05:10:06==>Cotizacion Invalida
   at Applet.Nat.Api.Br.Models.DocumentExp.GetCotizacion(String vivstrMoneda, DateTime vivdtm) in C:\Users\Jaco2701\Documents\Visual Studio Projects\Nat\Nat.api\Models\BR\DocumentExp.cs:line 175
   at Applet.Nat.Api.Controllers.MiscController.Statics() in C:\Users\Jaco2701\Documents\Visual Studio Projects\Nat\Nat.api\Controllers\MiscController.cs:line 45
13/11/2025 05:10:06==>Valor de Lista FORMAT:dtmwsmtxca no encontrado
   at Applet.Nat.Api.Static.ListHelper.GetValue(String vivcodType, String vivcodId, NatContext vioContext) in C:\Users\Jaco2701\Documents\Visual Studio Projects\Nat\Nat.api\Static\ListHelper.cs:line 26
   at Applet.Nat.Api.Models.Afip.AfipService.get_ivstrDateformat() in C:\Users\Jaco2701\Documents\Visual Studio Projects\Nat\Nat.api\Models\Afip\AfipService.cs:line 74
   at Applet.Nat.BR.DocumentMTXCA.GetCotizacion(String vivstrMoneda, DateTime vivdtm) in C:\Users\Jaco2701\Documents\Visual Studio Projects\Nat\Nat.api\Models\BR\DocumentMtxca.cs:line 540
13/11/2025 05:10:06==>Cotizacion Invalida
   at Applet.Nat.BR.DocumentMTXCA.GetCotizacion(String vivstrMoneda, DateTime vivdtm) in C:\Users\Jaco2701\Documents\Visual Studio Projects\Nat\Nat.api\Models\BR\DocumentMtxca.cs:line 566
   at Applet.Nat.Api.Controllers.MiscController.Statics() in C:\Users\Jaco2701\Documents\Visual Studio Projects\Nat\Nat.api\Controllers\MiscController.cs:line 65
13/11/2025 05:10:08==>No connection could be made because the target machine actively refused it. (wsfe-homo.arca.gob.ar:443)
   at System.Runtime.AsyncResult.End[TAsyncResult](IAsyncResult result)
   at System.ServiceModel.Channels.ServiceChannel.SendAsyncResult.End(SendAsyncResult result)
   at System.ServiceModel.Channels.ServiceChannel.EndCall(String action, Object[] outs, IAsyncResult result)
   at System.ServiceModel.Channels.ServiceChannelProxy.TaskCreator.<>c__DisplayClass1_0.<CreateGenericTask>b__0(IAsyncResult asyncResult)
--- End of stack trace from previous location ---
   at Applet.Nat.Api.Br.Models.DocumentExp.GetCotizacion(String vivstrMoneda, DateTime vivdtm) in C:\Users\Jaco2701\Documents\Visual Studio Projects\Nat\Nat.api\Models\BR\DocumentExp.cs:line 156
No connection could be made because the target machine actively refused it. (wsfe-homo.arca.gob.ar:443)
   at System.Net.Http.HttpConnectionPool.ConnectToTcpHostAsync(String host, Int32 port, HttpRequestMessage initialRequest, Boolean async, CancellationToken cancellationToken)
   at System.Net.Http.HttpConnectionPool.ConnectAsync(HttpRequestMessage request, Boolean async, CancellationToken cancellationToken)
   at System.Net.Http.HttpConnectionPool.CreateHttp11ConnectionAsync(HttpRequestMessage request, Boolean async, CancellationToken cancellationToken)
   at System.Net.Http.HttpConnectionPool.AddHttp11ConnectionAsync(QueueItem queueItem)
   at System.Threading.Tasks.TaskCompletionSourceWithCancellation`1.WaitWithCancellationAsync(CancellationToken cancellationToken)
   at System.Net.Http.HttpConnectionPool.SendWithVersionDetectionAndRetryAsync(HttpRequestMessage request, Boolean async, Boolean doRequestAuth, CancellationToken cancellationToken)
   at System.Net.Http.DiagnosticsHandler.SendAsyncCore(HttpRequestMessage request, Boolean async, CancellationToken cancellationToken)
   at System.Net.Http.RedirectHandler.SendAsync(HttpRequestMessage request, Boolean async, CancellationToken cancellationToken)
   at System.Net.Http.DecompressionHandler.SendAsync(HttpRequestMessage request, Boolean async, CancellationToken cancellationToken)
   at System.Net.Http.HttpClient.<SendAsync>g__Core|83_0(HttpRequestMessage request, HttpCompletionOption completionOption, CancellationTokenSource cts, Boolean disposeCts, CancellationTokenSource pendingRequestsCts, CancellationToken originalCancellationToken)
   at System.ServiceModel.Channels.HttpChannelFactory`1.HttpClientRequestChannel.HttpClientChannelAsyncRequest.SendRequestAsync(Message message, TimeoutHelper timeoutHelper)
No connection could be made because the target machine actively refused it.
   at System.Net.Sockets.Socket.AwaitableSocketAsyncEventArgs.ThrowException(SocketError error, CancellationToken cancellationToken)
   at System.Net.Sockets.Socket.AwaitableSocketAsyncEventArgs.System.Threading.Tasks.Sources.IValueTaskSource.GetResult(Int16 token)
   at System.Net.Sockets.Socket.<ConnectAsync>g__WaitForConnectWithCancellation|285_0(AwaitableSocketAsyncEventArgs saea, ValueTask connectTask, CancellationToken cancellationToken)
   at System.Net.Http.HttpConnectionPool.ConnectToTcpHostAsync(String host, Int32 port, HttpRequestMessage initialRequest, Boolean async, CancellationToken cancellationToken)
13/11/2025 05:10:08==>Cotizacion Invalida
   at Applet.Nat.Api.Br.Models.DocumentExp.GetCotizacion(String vivstrMoneda, DateTime vivdtm) in C:\Users\Jaco2701\Documents\Visual Studio Projects\Nat\Nat.api\Models\BR\DocumentExp.cs:line 175
   at Applet.Nat.Api.Controllers.MiscController.Statics() in C:\Users\Jaco2701\Documents\Visual Studio Projects\Nat\Nat.api\Controllers\MiscController.cs:line 45
13/11/2025 05:10:08==>Valor de Lista FORMAT:dtmwsmtxca no encontrado
   at Applet.Nat.Api.Static.ListHelper.GetValue(String vivcodType, String vivcodId, NatContext vioContext) in C:\Users\Jaco2701\Documents\Visual Studio Projects\Nat\Nat.api\Static\ListHelper.cs:line 26
   at Applet.Nat.Api.Models.Afip.AfipService.get_ivstrDateformat() in C:\Users\Jaco2701\Documents\Visual Studio Projects\Nat\Nat.api\Models\Afip\AfipService.cs:line 74
   at Applet.Nat.BR.DocumentMTXCA.GetCotizacion(String vivstrMoneda, DateTime vivdtm) in C:\Users\Jaco2701\Documents\Visual Studio Projects\Nat\Nat.api\Models\BR\DocumentMtxca.cs:line 540
13/11/2025 05:10:08==>Cotizacion Invalida
   at Applet.Nat.BR.DocumentMTXCA.GetCotizacion(String vivstrMoneda, DateTime vivdtm) in C:\Users\Jaco2701\Documents\Visual Studio Projects\Nat\Nat.api\Models\BR\DocumentMtxca.cs:line 566
   at Applet.Nat.Api.Controllers.MiscController.Statics() in C:\Users\Jaco2701\Documents\Visual Studio Projects\Nat\Nat.api\Controllers\MiscController.cs:line 65
13/11/2025 05:10:30==>No connection could be made because the target machine actively refused it. (wsfe-homo.arca.gob.ar:443)
   at System.Runtime.AsyncResult.End[TAsyncResult](IAsyncResult result)
   at System.ServiceModel.Channels.ServiceChannel.SendAsyncResult.End(SendAsyncResult result)
   at System.ServiceModel.Channels.ServiceChannel.EndCall(String action, Object[] outs, IAsyncResult result)
   at System.ServiceModel.Channels.ServiceChannelProxy.TaskCreator.<>c__DisplayClass1_0.<CreateGenericTask>b__0(IAsyncResult asyncResult)
--- End of stack trace from previous location ---
   at Applet.Nat.Api.Br.Models.DocumentExp.GetCotizacion(String vivstrMoneda, DateTime vivdtm) in C:\Users\Jaco2701\Documents\Visual Studio Projects\Nat\Nat.api\Models\BR\DocumentExp.cs:line 156
No connection could be made because the target machine actively refused it. (wsfe-homo.arca.gob.ar:443)
   at System.Net.Http.HttpConnectionPool.ConnectToTcpHostAsync(String host, Int32 port, HttpRequestMessage initialRequest, Boolean async, CancellationToken cancellationToken)
   at System.Net.Http.HttpConnectionPool.ConnectAsync(HttpRequestMessage request, Boolean async, CancellationToken cancellationToken)
   at System.Net.Http.HttpConnectionPool.CreateHttp11ConnectionAsync(HttpRequestMessage request, Boolean async, CancellationToken cancellationToken)
   at System.Net.Http.HttpConnectionPool.AddHttp11ConnectionAsync(QueueItem queueItem)
   at System.Threading.Tasks.TaskCompletionSourceWithCancellation`1.WaitWithCancellationAsync(CancellationToken cancellationToken)
   at System.Net.Http.HttpConnectionPool.SendWithVersionDetectionAndRetryAsync(HttpRequestMessage request, Boolean async, Boolean doRequestAuth, CancellationToken cancellationToken)
   at System.Net.Http.DiagnosticsHandler.SendAsyncCore(HttpRequestMessage request, Boolean async, CancellationToken cancellationToken)
   at System.Net.Http.RedirectHandler.SendAsync(HttpRequestMessage request, Boolean async, CancellationToken cancellationToken)
   at System.Net.Http.DecompressionHandler.SendAsync(HttpRequestMessage request, Boolean async, CancellationToken cancellationToken)
   at System.Net.Http.HttpClient.<SendAsync>g__Core|83_0(HttpRequestMessage request, HttpCompletionOption completionOption, CancellationTokenSource cts, Boolean disposeCts, CancellationTokenSource pendingRequestsCts, CancellationToken originalCancellationToken)
   at System.ServiceModel.Channels.HttpChannelFactory`1.HttpClientRequestChannel.HttpClientChannelAsyncRequest.SendRequestAsync(Message message, TimeoutHelper timeoutHelper)
No connection could be made because the target machine actively refused it.
   at System.Net.Sockets.Socket.AwaitableSocketAsyncEventArgs.ThrowException(SocketError error, CancellationToken cancellationToken)
   at System.Net.Sockets.Socket.AwaitableSocketAsyncEventArgs.System.Threading.Tasks.Sources.IValueTaskSource.GetResult(Int16 token)
   at System.Net.Sockets.Socket.<ConnectAsync>g__WaitForConnectWithCancellation|285_0(AwaitableSocketAsyncEventArgs saea, ValueTask connectTask, CancellationToken cancellationToken)
   at System.Net.Http.HttpConnectionPool.ConnectToTcpHostAsync(String host, Int32 port, HttpRequestMessage initialRequest, Boolean async, CancellationToken cancellationToken)
13/11/2025 05:10:30==>Cotizacion Invalida
   at Applet.Nat.Api.Br.Models.DocumentExp.GetCotizacion(String vivstrMoneda, DateTime vivdtm) in C:\Users\Jaco2701\Documents\Visual Studio Projects\Nat\Nat.api\Models\BR\DocumentExp.cs:line 175
   at Applet.Nat.Api.Controllers.MiscController.Statics() in C:\Users\Jaco2701\Documents\Visual Studio Projects\Nat\Nat.api\Controllers\MiscController.cs:line 45
13/11/2025 05:10:30==>Valor de Lista FORMAT:dtmwsmtxca no encontrado
   at Applet.Nat.Api.Static.ListHelper.GetValue(String vivcodType, String vivcodId, NatContext vioContext) in C:\Users\Jaco2701\Documents\Visual Studio Projects\Nat\Nat.api\Static\ListHelper.cs:line 26
   at Applet.Nat.Api.Models.Afip.AfipService.get_ivstrDateformat() in C:\Users\Jaco2701\Documents\Visual Studio Projects\Nat\Nat.api\Models\Afip\AfipService.cs:line 74
   at Applet.Nat.BR.DocumentMTXCA.GetCotizacion(String vivstrMoneda, DateTime vivdtm) in C:\Users\Jaco2701\Documents\Visual Studio Projects\Nat\Nat.api\Models\BR\DocumentMtxca.cs:line 540
13/11/2025 05:10:30==>Cotizacion Invalida
   at Applet.Nat.BR.DocumentMTXCA.GetCotizacion(String vivstrMoneda, DateTime vivdtm) in C:\Users\Jaco2701\Documents\Visual Studio Projects\Nat\Nat.api\Models\BR\DocumentMtxca.cs:line 566
   at Applet.Nat.Api.Controllers.MiscController.Statics() in C:\Users\Jaco2701\Documents\Visual Studio Projects\Nat\Nat.api\Controllers\MiscController.cs:line 65
13/11/2025 05:10:33==>No connection could be made because the target machine actively refused it. (wsfe-homo.arca.gob.ar:443)
   at System.Runtime.AsyncResult.End[TAsyncResult](IAsyncResult result)
   at System.ServiceModel.Channels.ServiceChannel.SendAsyncResult.End(SendAsyncResult result)
   at System.ServiceModel.Channels.ServiceChannel.EndCall(String action, Object[] outs, IAsyncResult result)
   at System.ServiceModel.Channels.ServiceChannelProxy.TaskCreator.<>c__DisplayClass1_0.<CreateGenericTask>b__0(IAsyncResult asyncResult)
--- End of stack trace from previous location ---
   at Applet.Nat.Api.Br.Models.DocumentExp.GetCotizacion(String vivstrMoneda, DateTime vivdtm) in C:\Users\Jaco2701\Documents\Visual Studio Projects\Nat\Nat.api\Models\BR\DocumentExp.cs:line 156
No connection could be made because the target machine actively refused it. (wsfe-homo.arca.gob.ar:443)
   at System.Net.Http.HttpConnectionPool.ConnectToTcpHostAsync(String host, Int32 port, HttpRequestMessage initialRequest, Boolean async, CancellationToken cancellationToken)
   at System.Net.Http.HttpConnectionPool.ConnectAsync(HttpRequestMessage request, Boolean async, CancellationToken cancellationToken)
   at System.Net.Http.HttpConnectionPool.CreateHttp11ConnectionAsync(HttpRequestMessage request, Boolean async, CancellationToken cancellationToken)
   at System.Net.Http.HttpConnectionPool.AddHttp11ConnectionAsync(QueueItem queueItem)
   at System.Threading.Tasks.TaskCompletionSourceWithCancellation`1.WaitWithCancellationAsync(CancellationToken cancellationToken)
   at System.Net.Http.HttpConnectionPool.SendWithVersionDetectionAndRetryAsync(HttpRequestMessage request, Boolean async, Boolean doRequestAuth, CancellationToken cancellationToken)
   at System.Net.Http.DiagnosticsHandler.SendAsyncCore(HttpRequestMessage request, Boolean async, CancellationToken cancellationToken)
   at System.Net.Http.RedirectHandler.SendAsync(HttpRequestMessage request, Boolean async, CancellationToken cancellationToken)
   at System.Net.Http.DecompressionHandler.SendAsync(HttpRequestMessage request, Boolean async, CancellationToken cancellationToken)
   at System.Net.Http.HttpClient.<SendAsync>g__Core|83_0(HttpRequestMessage request, HttpCompletionOption completionOption, CancellationTokenSource cts, Boolean disposeCts, CancellationTokenSource pendingRequestsCts, CancellationToken originalCancellationToken)
   at System.ServiceModel.Channels.HttpChannelFactory`1.HttpClientRequestChannel.HttpClientChannelAsyncRequest.SendRequestAsync(Message message, TimeoutHelper timeoutHelper)
No connection could be made because the target machine actively refused it.
   at System.Net.Sockets.Socket.AwaitableSocketAsyncEventArgs.ThrowException(SocketError error, CancellationToken cancellationToken)
   at System.Net.Sockets.Socket.AwaitableSocketAsyncEventArgs.System.Threading.Tasks.Sources.IValueTaskSource.GetResult(Int16 token)
   at System.Net.Sockets.Socket.<ConnectAsync>g__WaitForConnectWithCancellation|285_0(AwaitableSocketAsyncEventArgs saea, ValueTask connectTask, CancellationToken cancellationToken)
   at System.Net.Http.HttpConnectionPool.ConnectToTcpHostAsync(String host, Int32 port, HttpRequestMessage initialRequest, Boolean async, CancellationToken cancellationToken)
13/11/2025 05:10:33==>Cotizacion Invalida
   at Applet.Nat.Api.Br.Models.DocumentExp.GetCotizacion(String vivstrMoneda, DateTime vivdtm) in C:\Users\Jaco2701\Documents\Visual Studio Projects\Nat\Nat.api\Models\BR\DocumentExp.cs:line 175
   at Applet.Nat.Api.Controllers.MiscController.Statics() in C:\Users\Jaco2701\Documents\Visual Studio Projects\Nat\Nat.api\Controllers\MiscController.cs:line 45
13/11/2025 05:10:33==>Valor de Lista FORMAT:dtmwsmtxca no encontrado
   at Applet.Nat.Api.Static.ListHelper.GetValue(String vivcodType, String vivcodId, NatContext vioContext) in C:\Users\Jaco2701\Documents\Visual Studio Projects\Nat\Nat.api\Static\ListHelper.cs:line 26
   at Applet.Nat.Api.Models.Afip.AfipService.get_ivstrDateformat() in C:\Users\Jaco2701\Documents\Visual Studio Projects\Nat\Nat.api\Models\Afip\AfipService.cs:line 74
   at Applet.Nat.BR.DocumentMTXCA.GetCotizacion(String vivstrMoneda, DateTime vivdtm) in C:\Users\Jaco2701\Documents\Visual Studio Projects\Nat\Nat.api\Models\BR\DocumentMtxca.cs:line 540
13/11/2025 05:10:33==>Cotizacion Invalida
   at Applet.Nat.BR.DocumentMTXCA.GetCotizacion(String vivstrMoneda, DateTime vivdtm) in C:\Users\Jaco2701\Documents\Visual Studio Projects\Nat\Nat.api\Models\BR\DocumentMtxca.cs:line 566
   at Applet.Nat.Api.Controllers.MiscController.Statics() in C:\Users\Jaco2701\Documents\Visual Studio Projects\Nat\Nat.api\Controllers\MiscController.cs:line 65
13/11/2025 05:10:35==>No connection could be made because the target machine actively refused it. (wsfe-homo.arca.gob.ar:443)
   at System.Runtime.AsyncResult.End[TAsyncResult](IAsyncResult result)
   at System.ServiceModel.Channels.ServiceChannel.SendAsyncResult.End(SendAsyncResult result)
   at System.ServiceModel.Channels.ServiceChannel.EndCall(String action, Object[] outs, IAsyncResult result)
   at System.ServiceModel.Channels.ServiceChannelProxy.TaskCreator.<>c__DisplayClass1_0.<CreateGenericTask>b__0(IAsyncResult asyncResult)
--- End of stack trace from previous location ---
   at Applet.Nat.Api.Br.Models.DocumentExp.GetCotizacion(String vivstrMoneda, DateTime vivdtm) in C:\Users\Jaco2701\Documents\Visual Studio Projects\Nat\Nat.api\Models\BR\DocumentExp.cs:line 156
No connection could be made because the target machine actively refused it. (wsfe-homo.arca.gob.ar:443)
   at System.Net.Http.HttpConnectionPool.ConnectToTcpHostAsync(String host, Int32 port, HttpRequestMessage initialRequest, Boolean async, CancellationToken cancellationToken)
   at System.Net.Http.HttpConnectionPool.ConnectAsync(HttpRequestMessage request, Boolean async, CancellationToken cancellationToken)
   at System.Net.Http.HttpConnectionPool.CreateHttp11ConnectionAsync(HttpRequestMessage request, Boolean async, CancellationToken cancellationToken)
   at System.Net.Http.HttpConnectionPool.AddHttp11ConnectionAsync(QueueItem queueItem)
   at System.Threading.Tasks.TaskCompletionSourceWithCancellation`1.WaitWithCancellationAsync(CancellationToken cancellationToken)
   at System.Net.Http.HttpConnectionPool.SendWithVersionDetectionAndRetryAsync(HttpRequestMessage request, Boolean async, Boolean doRequestAuth, CancellationToken cancellationToken)
   at System.Net.Http.DiagnosticsHandler.SendAsyncCore(HttpRequestMessage request, Boolean async, CancellationToken cancellationToken)
   at System.Net.Http.RedirectHandler.SendAsync(HttpRequestMessage request, Boolean async, CancellationToken cancellationToken)
   at System.Net.Http.DecompressionHandler.SendAsync(HttpRequestMessage request, Boolean async, CancellationToken cancellationToken)
   at System.Net.Http.HttpClient.<SendAsync>g__Core|83_0(HttpRequestMessage request, HttpCompletionOption completionOption, CancellationTokenSource cts, Boolean disposeCts, CancellationTokenSource pendingRequestsCts, CancellationToken originalCancellationToken)
   at System.ServiceModel.Channels.HttpChannelFactory`1.HttpClientRequestChannel.HttpClientChannelAsyncRequest.SendRequestAsync(Message message, TimeoutHelper timeoutHelper)
No connection could be made because the target machine actively refused it.
   at System.Net.Sockets.Socket.AwaitableSocketAsyncEventArgs.ThrowException(SocketError error, CancellationToken cancellationToken)
   at System.Net.Sockets.Socket.AwaitableSocketAsyncEventArgs.System.Threading.Tasks.Sources.IValueTaskSource.GetResult(Int16 token)
   at System.Net.Sockets.Socket.<ConnectAsync>g__WaitForConnectWithCancellation|285_0(AwaitableSocketAsyncEventArgs saea, ValueTask connectTask, CancellationToken cancellationToken)
   at System.Net.Http.HttpConnectionPool.ConnectToTcpHostAsync(String host, Int32 port, HttpRequestMessage initialRequest, Boolean async, CancellationToken cancellationToken)
13/11/2025 05:10:35==>Cotizacion Invalida
   at Applet.Nat.Api.Br.Models.DocumentExp.GetCotizacion(String vivstrMoneda, DateTime vivdtm) in C:\Users\Jaco2701\Documents\Visual Studio Projects\Nat\Nat.api\Models\BR\DocumentExp.cs:line 175
   at Applet.Nat.Api.Controllers.MiscController.Statics() in C:\Users\Jaco2701\Documents\Visual Studio Projects\Nat\Nat.api\Controllers\MiscController.cs:line 45
13/11/2025 05:10:35==>Valor de Lista FORMAT:dtmwsmtxca no encontrado
   at Applet.Nat.Api.Static.ListHelper.GetValue(String vivcodType, String vivcodId, NatContext vioContext) in C:\Users\Jaco2701\Documents\Visual Studio Projects\Nat\Nat.api\Static\ListHelper.cs:line 26
   at Applet.Nat.Api.Models.Afip.AfipService.get_ivstrDateformat() in C:\Users\Jaco2701\Documents\Visual Studio Projects\Nat\Nat.api\Models\Afip\AfipService.cs:line 74
   at Applet.Nat.BR.DocumentMTXCA.GetCotizacion(String vivstrMoneda, DateTime vivdtm) in C:\Users\Jaco2701\Documents\Visual Studio Projects\Nat\Nat.api\Models\BR\DocumentMtxca.cs:line 540
13/11/2025 05:10:35==>Cotizacion Invalida
   at Applet.Nat.BR.DocumentMTXCA.GetCotizacion(String vivstrMoneda, DateTime vivdtm) in C:\Users\Jaco2701\Documents\Visual Studio Projects\Nat\Nat.api\Models\BR\DocumentMtxca.cs:line 566
   at Applet.Nat.Api.Controllers.MiscController.Statics() in C:\Users\Jaco2701\Documents\Visual Studio Projects\Nat\Nat.api\Controllers\MiscController.cs:line 65
13/11/2025 05:10:54==>No connection could be made because the target machine actively refused it. (wsfe-homo.arca.gob.ar:443)
   at System.Runtime.AsyncResult.End[TAsyncResult](IAsyncResult result)
   at System.ServiceModel.Channels.ServiceChannel.SendAsyncResult.End(SendAsyncResult result)
   at System.ServiceModel.Channels.ServiceChannel.EndCall(String action, Object[] outs, IAsyncResult result)
   at System.ServiceModel.Channels.ServiceChannelProxy.TaskCreator.<>c__DisplayClass1_0.<CreateGenericTask>b__0(IAsyncResult asyncResult)
--- End of stack trace from previous location ---
   at Applet.Nat.Api.Br.Models.DocumentExp.GetCotizacion(String vivstrMoneda, DateTime vivdtm) in C:\Users\Jaco2701\Documents\Visual Studio Projects\Nat\Nat.api\Models\BR\DocumentExp.cs:line 156
No connection could be made because the target machine actively refused it. (wsfe-homo.arca.gob.ar:443)
   at System.Net.Http.HttpConnectionPool.ConnectToTcpHostAsync(String host, Int32 port, HttpRequestMessage initialRequest, Boolean async, CancellationToken cancellationToken)
   at System.Net.Http.HttpConnectionPool.ConnectAsync(HttpRequestMessage request, Boolean async, CancellationToken cancellationToken)
   at System.Net.Http.HttpConnectionPool.CreateHttp11ConnectionAsync(HttpRequestMessage request, Boolean async, CancellationToken cancellationToken)
   at System.Net.Http.HttpConnectionPool.AddHttp11ConnectionAsync(QueueItem queueItem)
   at System.Threading.Tasks.TaskCompletionSourceWithCancellation`1.WaitWithCancellationAsync(CancellationToken cancellationToken)
   at System.Net.Http.HttpConnectionPool.SendWithVersionDetectionAndRetryAsync(HttpRequestMessage request, Boolean async, Boolean doRequestAuth, CancellationToken cancellationToken)
   at System.Net.Http.DiagnosticsHandler.SendAsyncCore(HttpRequestMessage request, Boolean async, CancellationToken cancellationToken)
   at System.Net.Http.RedirectHandler.SendAsync(HttpRequestMessage request, Boolean async, CancellationToken cancellationToken)
   at System.Net.Http.DecompressionHandler.SendAsync(HttpRequestMessage request, Boolean async, CancellationToken cancellationToken)
   at System.Net.Http.HttpClient.<SendAsync>g__Core|83_0(HttpRequestMessage request, HttpCompletionOption completionOption, CancellationTokenSource cts, Boolean disposeCts, CancellationTokenSource pendingRequestsCts, CancellationToken originalCancellationToken)
   at System.ServiceModel.Channels.HttpChannelFactory`1.HttpClientRequestChannel.HttpClientChannelAsyncRequest.SendRequestAsync(Message message, TimeoutHelper timeoutHelper)
No connection could be made because the target machine actively refused it.
   at System.Net.Sockets.Socket.AwaitableSocketAsyncEventArgs.ThrowException(SocketError error, CancellationToken cancellationToken)
   at System.Net.Sockets.Socket.AwaitableSocketAsyncEventArgs.System.Threading.Tasks.Sources.IValueTaskSource.GetResult(Int16 token)
   at System.Net.Sockets.Socket.<ConnectAsync>g__WaitForConnectWithCancellation|285_0(AwaitableSocketAsyncEventArgs saea, ValueTask connectTask, CancellationToken cancellationToken)
   at System.Net.Http.HttpConnectionPool.ConnectToTcpHostAsync(String host, Int32 port, HttpRequestMessage initialRequest, Boolean async, CancellationToken cancellationToken)
13/11/2025 05:10:54==>Cotizacion Invalida
   at Applet.Nat.Api.Br.Models.DocumentExp.GetCotizacion(String vivstrMoneda, DateTime vivdtm) in C:\Users\Jaco2701\Documents\Visual Studio Projects\Nat\Nat.api\Models\BR\DocumentExp.cs:line 175
   at Applet.Nat.Api.Controllers.MiscController.Statics() in C:\Users\Jaco2701\Documents\Visual Studio Projects\Nat\Nat.api\Controllers\MiscController.cs:line 45
13/11/2025 05:10:54==>Valor de Lista FORMAT:dtmwsmtxca no encontrado
   at Applet.Nat.Api.Static.ListHelper.GetValue(String vivcodType, String vivcodId, NatContext vioContext) in C:\Users\Jaco2701\Documents\Visual Studio Projects\Nat\Nat.api\Static\ListHelper.cs:line 26
   at Applet.Nat.Api.Models.Afip.AfipService.get_ivstrDateformat() in C:\Users\Jaco2701\Documents\Visual Studio Projects\Nat\Nat.api\Models\Afip\AfipService.cs:line 74
   at Applet.Nat.BR.DocumentMTXCA.GetCotizacion(String vivstrMoneda, DateTime vivdtm) in C:\Users\Jaco2701\Documents\Visual Studio Projects\Nat\Nat.api\Models\BR\DocumentMtxca.cs:line 540
13/11/2025 05:10:54==>Cotizacion Invalida
   at Applet.Nat.BR.DocumentMTXCA.GetCotizacion(String vivstrMoneda, DateTime vivdtm) in C:\Users\Jaco2701\Documents\Visual Studio Projects\Nat\Nat.api\Models\BR\DocumentMtxca.cs:line 566
   at Applet.Nat.Api.Controllers.MiscController.Statics() in C:\Users\Jaco2701\Documents\Visual Studio Projects\Nat\Nat.api\Controllers\MiscController.cs:line 65
13/11/2025 05:10:56==>No connection could be made because the target machine actively refused it. (wsfe-homo.arca.gob.ar:443)
   at System.Runtime.AsyncResult.End[TAsyncResult](IAsyncResult result)
   at System.ServiceModel.Channels.ServiceChannel.SendAsyncResult.End(SendAsyncResult result)
   at System.ServiceModel.Channels.ServiceChannel.EndCall(String action, Object[] outs, IAsyncResult result)
   at System.ServiceModel.Channels.ServiceChannelProxy.TaskCreator.<>c__DisplayClass1_0.<CreateGenericTask>b__0(IAsyncResult asyncResult)
--- End of stack trace from previous location ---
   at Applet.Nat.Api.Br.Models.DocumentExp.GetCotizacion(String vivstrMoneda, DateTime vivdtm) in C:\Users\Jaco2701\Documents\Visual Studio Projects\Nat\Nat.api\Models\BR\DocumentExp.cs:line 156
No connection could be made because the target machine actively refused it. (wsfe-homo.arca.gob.ar:443)
   at System.Net.Http.HttpConnectionPool.ConnectToTcpHostAsync(String host, Int32 port, HttpRequestMessage initialRequest, Boolean async, CancellationToken cancellationToken)
   at System.Net.Http.HttpConnectionPool.ConnectAsync(HttpRequestMessage request, Boolean async, CancellationToken cancellationToken)
   at System.Net.Http.HttpConnectionPool.CreateHttp11ConnectionAsync(HttpRequestMessage request, Boolean async, CancellationToken cancellationToken)
   at System.Net.Http.HttpConnectionPool.AddHttp11ConnectionAsync(QueueItem queueItem)
   at System.Threading.Tasks.TaskCompletionSourceWithCancellation`1.WaitWithCancellationAsync(CancellationToken cancellationToken)
   at System.Net.Http.HttpConnectionPool.SendWithVersionDetectionAndRetryAsync(HttpRequestMessage request, Boolean async, Boolean doRequestAuth, CancellationToken cancellationToken)
   at System.Net.Http.DiagnosticsHandler.SendAsyncCore(HttpRequestMessage request, Boolean async, CancellationToken cancellationToken)
   at System.Net.Http.RedirectHandler.SendAsync(HttpRequestMessage request, Boolean async, CancellationToken cancellationToken)
   at System.Net.Http.DecompressionHandler.SendAsync(HttpRequestMessage request, Boolean async, CancellationToken cancellationToken)
   at System.Net.Http.HttpClient.<SendAsync>g__Core|83_0(HttpRequestMessage request, HttpCompletionOption completionOption, CancellationTokenSource cts, Boolean disposeCts, CancellationTokenSource pendingRequestsCts, CancellationToken originalCancellationToken)
   at System.ServiceModel.Channels.HttpChannelFactory`1.HttpClientRequestChannel.HttpClientChannelAsyncRequest.SendRequestAsync(Message message, TimeoutHelper timeoutHelper)
No connection could be made because the target machine actively refused it.
   at System.Net.Sockets.Socket.AwaitableSocketAsyncEventArgs.ThrowException(SocketError error, CancellationToken cancellationToken)
   at System.Net.Sockets.Socket.AwaitableSocketAsyncEventArgs.System.Threading.Tasks.Sources.IValueTaskSource.GetResult(Int16 token)
   at System.Net.Sockets.Socket.<ConnectAsync>g__WaitForConnectWithCancellation|285_0(AwaitableSocketAsyncEventArgs saea, ValueTask connectTask, CancellationToken cancellationToken)
   at System.Net.Http.HttpConnectionPool.ConnectToTcpHostAsync(String host, Int32 port, HttpRequestMessage initialRequest, Boolean async, CancellationToken cancellationToken)
13/11/2025 05:10:56==>Cotizacion Invalida
   at Applet.Nat.Api.Br.Models.DocumentExp.GetCotizacion(String vivstrMoneda, DateTime vivdtm) in C:\Users\Jaco2701\Documents\Visual Studio Projects\Nat\Nat.api\Models\BR\DocumentExp.cs:line 175
   at Applet.Nat.Api.Controllers.MiscController.Statics() in C:\Users\Jaco2701\Documents\Visual Studio Projects\Nat\Nat.api\Controllers\MiscController.cs:line 45
13/11/2025 05:10:56==>Valor de Lista FORMAT:dtmwsmtxca no encontrado
   at Applet.Nat.Api.Static.ListHelper.GetValue(String vivcodType, String vivcodId, NatContext vioContext) in C:\Users\Jaco2701\Documents\Visual Studio Projects\Nat\Nat.api\Static\ListHelper.cs:line 26
   at Applet.Nat.Api.Models.Afip.AfipService.get_ivstrDateformat() in C:\Users\Jaco2701\Documents\Visual Studio Projects\Nat\Nat.api\Models\Afip\AfipService.cs:line 74
   at Applet.Nat.BR.DocumentMTXCA.GetCotizacion(String vivstrMoneda, DateTime vivdtm) in C:\Users\Jaco2701\Documents\Visual Studio Projects\Nat\Nat.api\Models\BR\DocumentMtxca.cs:line 540
13/11/2025 05:10:56==>Cotizacion Invalida
   at Applet.Nat.BR.DocumentMTXCA.GetCotizacion(String vivstrMoneda, DateTime vivdtm) in C:\Users\Jaco2701\Documents\Visual Studio Projects\Nat\Nat.api\Models\BR\DocumentMtxca.cs:line 566
   at Applet.Nat.Api.Controllers.MiscController.Statics() in C:\Users\Jaco2701\Documents\Visual Studio Projects\Nat\Nat.api\Controllers\MiscController.cs:line 65
13/11/2025 05:13:35==>No connection could be made because the target machine actively refused it. (wsfe-homo.arca.gob.ar:443)
   at System.Runtime.AsyncResult.End[TAsyncResult](IAsyncResult result)
   at System.ServiceModel.Channels.ServiceChannel.SendAsyncResult.End(SendAsyncResult result)
   at System.ServiceModel.Channels.ServiceChannel.EndCall(String action, Object[] outs, IAsyncResult result)
   at System.ServiceModel.Channels.ServiceChannelProxy.TaskCreator.<>c__DisplayClass1_0.<CreateGenericTask>b__0(IAsyncResult asyncResult)
--- End of stack trace from previous location ---
   at Applet.Nat.Api.Br.Models.DocumentExp.GetCotizacion(String vivstrMoneda, DateTime vivdtm) in C:\Users\Jaco2701\Documents\Visual Studio Projects\Nat\Nat.api\Models\BR\DocumentExp.cs:line 156
No connection could be made because the target machine actively refused it. (wsfe-homo.arca.gob.ar:443)
   at System.Net.Http.HttpConnectionPool.ConnectToTcpHostAsync(String host, Int32 port, HttpRequestMessage initialRequest, Boolean async, CancellationToken cancellationToken)
   at System.Net.Http.HttpConnectionPool.ConnectAsync(HttpRequestMessage request, Boolean async, CancellationToken cancellationToken)
   at System.Net.Http.HttpConnectionPool.CreateHttp11ConnectionAsync(HttpRequestMessage request, Boolean async, CancellationToken cancellationToken)
   at System.Net.Http.HttpConnectionPool.AddHttp11ConnectionAsync(QueueItem queueItem)
   at System.Threading.Tasks.TaskCompletionSourceWithCancellation`1.WaitWithCancellationAsync(CancellationToken cancellationToken)
   at System.Net.Http.HttpConnectionPool.SendWithVersionDetectionAndRetryAsync(HttpRequestMessage request, Boolean async, Boolean doRequestAuth, CancellationToken cancellationToken)
   at System.Net.Http.DiagnosticsHandler.SendAsyncCore(HttpRequestMessage request, Boolean async, CancellationToken cancellationToken)
   at System.Net.Http.RedirectHandler.SendAsync(HttpRequestMessage request, Boolean async, CancellationToken cancellationToken)
   at System.Net.Http.DecompressionHandler.SendAsync(HttpRequestMessage request, Boolean async, CancellationToken cancellationToken)
   at System.Net.Http.HttpClient.<SendAsync>g__Core|83_0(HttpRequestMessage request, HttpCompletionOption completionOption, CancellationTokenSource cts, Boolean disposeCts, CancellationTokenSource pendingRequestsCts, CancellationToken originalCancellationToken)
   at System.ServiceModel.Channels.HttpChannelFactory`1.HttpClientRequestChannel.HttpClientChannelAsyncRequest.SendRequestAsync(Message message, TimeoutHelper timeoutHelper)
No connection could be made because the target machine actively refused it.
   at System.Net.Sockets.Socket.AwaitableSocketAsyncEventArgs.ThrowException(SocketError error, CancellationToken cancellationToken)
   at System.Net.Sockets.Socket.AwaitableSocketAsyncEventArgs.System.Threading.Tasks.Sources.IValueTaskSource.GetResult(Int16 token)
   at System.Net.Sockets.Socket.<ConnectAsync>g__WaitForConnectWithCancellation|285_0(AwaitableSocketAsyncEventArgs saea, ValueTask connectTask, CancellationToken cancellationToken)
   at System.Net.Http.HttpConnectionPool.ConnectToTcpHostAsync(String host, Int32 port, HttpRequestMessage initialRequest, Boolean async, CancellationToken cancellationToken)
13/11/2025 05:13:35==>Cotizacion Invalida
   at Applet.Nat.Api.Br.Models.DocumentExp.GetCotizacion(String vivstrMoneda, DateTime vivdtm) in C:\Users\Jaco2701\Documents\Visual Studio Projects\Nat\Nat.api\Models\BR\DocumentExp.cs:line 175
   at Applet.Nat.Api.Controllers.MiscController.Statics() in C:\Users\Jaco2701\Documents\Visual Studio Projects\Nat\Nat.api\Controllers\MiscController.cs:line 45
13/11/2025 05:13:35==>Valor de Lista FORMAT:dtmwsmtxca no encontrado
   at Applet.Nat.Api.Static.ListHelper.GetValue(String vivcodType, String vivcodId, NatContext vioContext) in C:\Users\Jaco2701\Documents\Visual Studio Projects\Nat\Nat.api\Static\ListHelper.cs:line 26
   at Applet.Nat.Api.Models.Afip.AfipService.get_ivstrDateformat() in C:\Users\Jaco2701\Documents\Visual Studio Projects\Nat\Nat.api\Models\Afip\AfipService.cs:line 74
   at Applet.Nat.BR.DocumentMTXCA.GetCotizacion(String vivstrMoneda, DateTime vivdtm) in C:\Users\Jaco2701\Documents\Visual Studio Projects\Nat\Nat.api\Models\BR\DocumentMtxca.cs:line 540
13/11/2025 05:13:35==>Cotizacion Invalida
   at Applet.Nat.BR.DocumentMTXCA.GetCotizacion(String vivstrMoneda, DateTime vivdtm) in C:\Users\Jaco2701\Documents\Visual Studio Projects\Nat\Nat.api\Models\BR\DocumentMtxca.cs:line 566
   at Applet.Nat.Api.Controllers.MiscController.Statics() in C:\Users\Jaco2701\Documents\Visual Studio Projects\Nat\Nat.api\Controllers\MiscController.cs:line 65
13/11/2025 05:13:37==>No connection could be made because the target machine actively refused it. (wsfe-homo.arca.gob.ar:443)
   at System.Runtime.AsyncResult.End[TAsyncResult](IAsyncResult result)
   at System.ServiceModel.Channels.ServiceChannel.SendAsyncResult.End(SendAsyncResult result)
   at System.ServiceModel.Channels.ServiceChannel.EndCall(String action, Object[] outs, IAsyncResult result)
   at System.ServiceModel.Channels.ServiceChannelProxy.TaskCreator.<>c__DisplayClass1_0.<CreateGenericTask>b__0(IAsyncResult asyncResult)
--- End of stack trace from previous location ---
   at Applet.Nat.Api.Br.Models.DocumentExp.GetCotizacion(String vivstrMoneda, DateTime vivdtm) in C:\Users\Jaco2701\Documents\Visual Studio Projects\Nat\Nat.api\Models\BR\DocumentExp.cs:line 156
No connection could be made because the target machine actively refused it. (wsfe-homo.arca.gob.ar:443)
   at System.Net.Http.HttpConnectionPool.ConnectToTcpHostAsync(String host, Int32 port, HttpRequestMessage initialRequest, Boolean async, CancellationToken cancellationToken)
   at System.Net.Http.HttpConnectionPool.ConnectAsync(HttpRequestMessage request, Boolean async, CancellationToken cancellationToken)
   at System.Net.Http.HttpConnectionPool.CreateHttp11ConnectionAsync(HttpRequestMessage request, Boolean async, CancellationToken cancellationToken)
   at System.Net.Http.HttpConnectionPool.AddHttp11ConnectionAsync(QueueItem queueItem)
   at System.Threading.Tasks.TaskCompletionSourceWithCancellation`1.WaitWithCancellationAsync(CancellationToken cancellationToken)
   at System.Net.Http.HttpConnectionPool.SendWithVersionDetectionAndRetryAsync(HttpRequestMessage request, Boolean async, Boolean doRequestAuth, CancellationToken cancellationToken)
   at System.Net.Http.DiagnosticsHandler.SendAsyncCore(HttpRequestMessage request, Boolean async, CancellationToken cancellationToken)
   at System.Net.Http.RedirectHandler.SendAsync(HttpRequestMessage request, Boolean async, CancellationToken cancellationToken)
   at System.Net.Http.DecompressionHandler.SendAsync(HttpRequestMessage request, Boolean async, CancellationToken cancellationToken)
   at System.Net.Http.HttpClient.<SendAsync>g__Core|83_0(HttpRequestMessage request, HttpCompletionOption completionOption, CancellationTokenSource cts, Boolean disposeCts, CancellationTokenSource pendingRequestsCts, CancellationToken originalCancellationToken)
   at System.ServiceModel.Channels.HttpChannelFactory`1.HttpClientRequestChannel.HttpClientChannelAsyncRequest.SendRequestAsync(Message message, TimeoutHelper timeoutHelper)
No connection could be made because the target machine actively refused it.
   at System.Net.Sockets.Socket.AwaitableSocketAsyncEventArgs.ThrowException(SocketError error, CancellationToken cancellationToken)
   at System.Net.Sockets.Socket.AwaitableSocketAsyncEventArgs.System.Threading.Tasks.Sources.IValueTaskSource.GetResult(Int16 token)
   at System.Net.Sockets.Socket.<ConnectAsync>g__WaitForConnectWithCancellation|285_0(AwaitableSocketAsyncEventArgs saea, ValueTask connectTask, CancellationToken cancellationToken)
   at System.Net.Http.HttpConnectionPool.ConnectToTcpHostAsync(String host, Int32 port, HttpRequestMessage initialRequest, Boolean async, CancellationToken cancellationToken)
13/11/2025 05:13:37==>Cotizacion Invalida
   at Applet.Nat.Api.Br.Models.DocumentExp.GetCotizacion(String vivstrMoneda, DateTime vivdtm) in C:\Users\Jaco2701\Documents\Visual Studio Projects\Nat\Nat.api\Models\BR\DocumentExp.cs:line 175
   at Applet.Nat.Api.Controllers.MiscController.Statics() in C:\Users\Jaco2701\Documents\Visual Studio Projects\Nat\Nat.api\Controllers\MiscController.cs:line 45
13/11/2025 05:13:38==>Valor de Lista FORMAT:dtmwsmtxca no encontrado
   at Applet.Nat.Api.Static.ListHelper.GetValue(String vivcodType, String vivcodId, NatContext vioContext) in C:\Users\Jaco2701\Documents\Visual Studio Projects\Nat\Nat.api\Static\ListHelper.cs:line 26
   at Applet.Nat.Api.Models.Afip.AfipService.get_ivstrDateformat() in C:\Users\Jaco2701\Documents\Visual Studio Projects\Nat\Nat.api\Models\Afip\AfipService.cs:line 74
   at Applet.Nat.BR.DocumentMTXCA.GetCotizacion(String vivstrMoneda, DateTime vivdtm) in C:\Users\Jaco2701\Documents\Visual Studio Projects\Nat\Nat.api\Models\BR\DocumentMtxca.cs:line 540
13/11/2025 05:13:38==>Cotizacion Invalida
   at Applet.Nat.BR.DocumentMTXCA.GetCotizacion(String vivstrMoneda, DateTime vivdtm) in C:\Users\Jaco2701\Documents\Visual Studio Projects\Nat\Nat.api\Models\BR\DocumentMtxca.cs:line 566
   at Applet.Nat.Api.Controllers.MiscController.Statics() in C:\Users\Jaco2701\Documents\Visual Studio Projects\Nat\Nat.api\Controllers\MiscController.cs:line 65
13/11/2025 05:13:40==>No connection could be made because the target machine actively refused it. (wsfe-homo.arca.gob.ar:443)
   at System.Runtime.AsyncResult.End[TAsyncResult](IAsyncResult result)
   at System.ServiceModel.Channels.ServiceChannel.SendAsyncResult.End(SendAsyncResult result)
   at System.ServiceModel.Channels.ServiceChannel.EndCall(String action, Object[] outs, IAsyncResult result)
   at System.ServiceModel.Channels.ServiceChannelProxy.TaskCreator.<>c__DisplayClass1_0.<CreateGenericTask>b__0(IAsyncResult asyncResult)
--- End of stack trace from previous location ---
   at Applet.Nat.Api.Br.Models.DocumentExp.GetCotizacion(String vivstrMoneda, DateTime vivdtm) in C:\Users\Jaco2701\Documents\Visual Studio Projects\Nat\Nat.api\Models\BR\DocumentExp.cs:line 156
No connection could be made because the target machine actively refused it. (wsfe-homo.arca.gob.ar:443)
   at System.Net.Http.HttpConnectionPool.ConnectToTcpHostAsync(String host, Int32 port, HttpRequestMessage initialRequest, Boolean async, CancellationToken cancellationToken)
   at System.Net.Http.HttpConnectionPool.ConnectAsync(HttpRequestMessage request, Boolean async, CancellationToken cancellationToken)
   at System.Net.Http.HttpConnectionPool.CreateHttp11ConnectionAsync(HttpRequestMessage request, Boolean async, CancellationToken cancellationToken)
   at System.Net.Http.HttpConnectionPool.AddHttp11ConnectionAsync(QueueItem queueItem)
   at System.Threading.Tasks.TaskCompletionSourceWithCancellation`1.WaitWithCancellationAsync(CancellationToken cancellationToken)
   at System.Net.Http.HttpConnectionPool.SendWithVersionDetectionAndRetryAsync(HttpRequestMessage request, Boolean async, Boolean doRequestAuth, CancellationToken cancellationToken)
   at System.Net.Http.DiagnosticsHandler.SendAsyncCore(HttpRequestMessage request, Boolean async, CancellationToken cancellationToken)
   at System.Net.Http.RedirectHandler.SendAsync(HttpRequestMessage request, Boolean async, CancellationToken cancellationToken)
   at System.Net.Http.DecompressionHandler.SendAsync(HttpRequestMessage request, Boolean async, CancellationToken cancellationToken)
   at System.Net.Http.HttpClient.<SendAsync>g__Core|83_0(HttpRequestMessage request, HttpCompletionOption completionOption, CancellationTokenSource cts, Boolean disposeCts, CancellationTokenSource pendingRequestsCts, CancellationToken originalCancellationToken)
   at System.ServiceModel.Channels.HttpChannelFactory`1.HttpClientRequestChannel.HttpClientChannelAsyncRequest.SendRequestAsync(Message message, TimeoutHelper timeoutHelper)
No connection could be made because the target machine actively refused it.
   at System.Net.Sockets.Socket.AwaitableSocketAsyncEventArgs.ThrowException(SocketError error, CancellationToken cancellationToken)
   at System.Net.Sockets.Socket.AwaitableSocketAsyncEventArgs.System.Threading.Tasks.Sources.IValueTaskSource.GetResult(Int16 token)
   at System.Net.Sockets.Socket.<ConnectAsync>g__WaitForConnectWithCancellation|285_0(AwaitableSocketAsyncEventArgs saea, ValueTask connectTask, CancellationToken cancellationToken)
   at System.Net.Http.HttpConnectionPool.ConnectToTcpHostAsync(String host, Int32 port, HttpRequestMessage initialRequest, Boolean async, CancellationToken cancellationToken)
13/11/2025 05:13:40==>Cotizacion Invalida
   at Applet.Nat.Api.Br.Models.DocumentExp.GetCotizacion(String vivstrMoneda, DateTime vivdtm) in C:\Users\Jaco2701\Documents\Visual Studio Projects\Nat\Nat.api\Models\BR\DocumentExp.cs:line 175
   at Applet.Nat.Api.Controllers.MiscController.Statics() in C:\Users\Jaco2701\Documents\Visual Studio Projects\Nat\Nat.api\Controllers\MiscController.cs:line 45
13/11/2025 05:13:40==>Valor de Lista FORMAT:dtmwsmtxca no encontrado
   at Applet.Nat.Api.Static.ListHelper.GetValue(String vivcodType, String vivcodId, NatContext vioContext) in C:\Users\Jaco2701\Documents\Visual Studio Projects\Nat\Nat.api\Static\ListHelper.cs:line 26
   at Applet.Nat.Api.Models.Afip.AfipService.get_ivstrDateformat() in C:\Users\Jaco2701\Documents\Visual Studio Projects\Nat\Nat.api\Models\Afip\AfipService.cs:line 74
   at Applet.Nat.BR.DocumentMTXCA.GetCotizacion(String vivstrMoneda, DateTime vivdtm) in C:\Users\Jaco2701\Documents\Visual Studio Projects\Nat\Nat.api\Models\BR\DocumentMtxca.cs:line 540
13/11/2025 05:13:40==>Cotizacion Invalida
   at Applet.Nat.BR.DocumentMTXCA.GetCotizacion(String vivstrMoneda, DateTime vivdtm) in C:\Users\Jaco2701\Documents\Visual Studio Projects\Nat\Nat.api\Models\BR\DocumentMtxca.cs:line 566
   at Applet.Nat.Api.Controllers.MiscController.Statics() in C:\Users\Jaco2701\Documents\Visual Studio Projects\Nat\Nat.api\Controllers\MiscController.cs:line 65
13/11/2025 05:15:27==>No connection could be made because the target machine actively refused it. (wsfe-homo.arca.gob.ar:443)
   at System.Runtime.AsyncResult.End[TAsyncResult](IAsyncResult result)
   at System.ServiceModel.Channels.ServiceChannel.SendAsyncResult.End(SendAsyncResult result)
   at System.ServiceModel.Channels.ServiceChannel.EndCall(String action, Object[] outs, IAsyncResult result)
   at System.ServiceModel.Channels.ServiceChannelProxy.TaskCreator.<>c__DisplayClass1_0.<CreateGenericTask>b__0(IAsyncResult asyncResult)
--- End of stack trace from previous location ---
   at Applet.Nat.Api.Br.Models.DocumentExp.GetCotizacion(String vivstrMoneda, DateTime vivdtm) in C:\Users\Jaco2701\Documents\Visual Studio Projects\Nat\Nat.api\Models\BR\DocumentExp.cs:line 156
No connection could be made because the target machine actively refused it. (wsfe-homo.arca.gob.ar:443)
   at System.Net.Http.HttpConnectionPool.ConnectToTcpHostAsync(String host, Int32 port, HttpRequestMessage initialRequest, Boolean async, CancellationToken cancellationToken)
   at System.Net.Http.HttpConnectionPool.ConnectAsync(HttpRequestMessage request, Boolean async, CancellationToken cancellationToken)
   at System.Net.Http.HttpConnectionPool.CreateHttp11ConnectionAsync(HttpRequestMessage request, Boolean async, CancellationToken cancellationToken)
   at System.Net.Http.HttpConnectionPool.AddHttp11ConnectionAsync(QueueItem queueItem)
   at System.Threading.Tasks.TaskCompletionSourceWithCancellation`1.WaitWithCancellationAsync(CancellationToken cancellationToken)
   at System.Net.Http.HttpConnectionPool.SendWithVersionDetectionAndRetryAsync(HttpRequestMessage request, Boolean async, Boolean doRequestAuth, CancellationToken cancellationToken)
   at System.Net.Http.DiagnosticsHandler.SendAsyncCore(HttpRequestMessage request, Boolean async, CancellationToken cancellationToken)
   at System.Net.Http.RedirectHandler.SendAsync(HttpRequestMessage request, Boolean async, CancellationToken cancellationToken)
   at System.Net.Http.DecompressionHandler.SendAsync(HttpRequestMessage request, Boolean async, CancellationToken cancellationToken)
   at System.Net.Http.HttpClient.<SendAsync>g__Core|83_0(HttpRequestMessage request, HttpCompletionOption completionOption, CancellationTokenSource cts, Boolean disposeCts, CancellationTokenSource pendingRequestsCts, CancellationToken originalCancellationToken)
   at System.ServiceModel.Channels.HttpChannelFactory`1.HttpClientRequestChannel.HttpClientChannelAsyncRequest.SendRequestAsync(Message message, TimeoutHelper timeoutHelper)
No connection could be made because the target machine actively refused it.
   at System.Net.Sockets.Socket.AwaitableSocketAsyncEventArgs.ThrowException(SocketError error, CancellationToken cancellationToken)
   at System.Net.Sockets.Socket.AwaitableSocketAsyncEventArgs.System.Threading.Tasks.Sources.IValueTaskSource.GetResult(Int16 token)
   at System.Net.Sockets.Socket.<ConnectAsync>g__WaitForConnectWithCancellation|285_0(AwaitableSocketAsyncEventArgs saea, ValueTask connectTask, CancellationToken cancellationToken)
   at System.Net.Http.HttpConnectionPool.ConnectToTcpHostAsync(String host, Int32 port, HttpRequestMessage initialRequest, Boolean async, CancellationToken cancellationToken)
13/11/2025 05:15:27==>Cotizacion Invalida
   at Applet.Nat.Api.Br.Models.DocumentExp.GetCotizacion(String vivstrMoneda, DateTime vivdtm) in C:\Users\Jaco2701\Documents\Visual Studio Projects\Nat\Nat.api\Models\BR\DocumentExp.cs:line 175
   at Applet.Nat.Api.Controllers.MiscController.Statics() in C:\Users\Jaco2701\Documents\Visual Studio Projects\Nat\Nat.api\Controllers\MiscController.cs:line 45
13/11/2025 05:15:27==>Valor de Lista FORMAT:dtmwsmtxca no encontrado
   at Applet.Nat.Api.Static.ListHelper.GetValue(String vivcodType, String vivcodId, NatContext vioContext) in C:\Users\Jaco2701\Documents\Visual Studio Projects\Nat\Nat.api\Static\ListHelper.cs:line 26
   at Applet.Nat.Api.Models.Afip.AfipService.get_ivstrDateformat() in C:\Users\Jaco2701\Documents\Visual Studio Projects\Nat\Nat.api\Models\Afip\AfipService.cs:line 74
   at Applet.Nat.BR.DocumentMTXCA.GetCotizacion(String vivstrMoneda, DateTime vivdtm) in C:\Users\Jaco2701\Documents\Visual Studio Projects\Nat\Nat.api\Models\BR\DocumentMtxca.cs:line 540
13/11/2025 05:15:27==>Cotizacion Invalida
   at Applet.Nat.BR.DocumentMTXCA.GetCotizacion(String vivstrMoneda, DateTime vivdtm) in C:\Users\Jaco2701\Documents\Visual Studio Projects\Nat\Nat.api\Models\BR\DocumentMtxca.cs:line 566
   at Applet.Nat.Api.Controllers.MiscController.Statics() in C:\Users\Jaco2701\Documents\Visual Studio Projects\Nat\Nat.api\Controllers\MiscController.cs:line 65
13/11/2025 05:15:29==>No connection could be made because the target machine actively refused it. (wsfe-homo.arca.gob.ar:443)
   at System.Runtime.AsyncResult.End[TAsyncResult](IAsyncResult result)
   at System.ServiceModel.Channels.ServiceChannel.SendAsyncResult.End(SendAsyncResult result)
   at System.ServiceModel.Channels.ServiceChannel.EndCall(String action, Object[] outs, IAsyncResult result)
   at System.ServiceModel.Channels.ServiceChannelProxy.TaskCreator.<>c__DisplayClass1_0.<CreateGenericTask>b__0(IAsyncResult asyncResult)
--- End of stack trace from previous location ---
   at Applet.Nat.Api.Br.Models.DocumentExp.GetCotizacion(String vivstrMoneda, DateTime vivdtm) in C:\Users\Jaco2701\Documents\Visual Studio Projects\Nat\Nat.api\Models\BR\DocumentExp.cs:line 156
No connection could be made because the target machine actively refused it. (wsfe-homo.arca.gob.ar:443)
   at System.Net.Http.HttpConnectionPool.ConnectToTcpHostAsync(String host, Int32 port, HttpRequestMessage initialRequest, Boolean async, CancellationToken cancellationToken)
   at System.Net.Http.HttpConnectionPool.ConnectAsync(HttpRequestMessage request, Boolean async, CancellationToken cancellationToken)
   at System.Net.Http.HttpConnectionPool.CreateHttp11ConnectionAsync(HttpRequestMessage request, Boolean async, CancellationToken cancellationToken)
   at System.Net.Http.HttpConnectionPool.AddHttp11ConnectionAsync(QueueItem queueItem)
   at System.Threading.Tasks.TaskCompletionSourceWithCancellation`1.WaitWithCancellationAsync(CancellationToken cancellationToken)
   at System.Net.Http.HttpConnectionPool.SendWithVersionDetectionAndRetryAsync(HttpRequestMessage request, Boolean async, Boolean doRequestAuth, CancellationToken cancellationToken)
   at System.Net.Http.DiagnosticsHandler.SendAsyncCore(HttpRequestMessage request, Boolean async, CancellationToken cancellationToken)
   at System.Net.Http.RedirectHandler.SendAsync(HttpRequestMessage request, Boolean async, CancellationToken cancellationToken)
   at System.Net.Http.DecompressionHandler.SendAsync(HttpRequestMessage request, Boolean async, CancellationToken cancellationToken)
   at System.Net.Http.HttpClient.<SendAsync>g__Core|83_0(HttpRequestMessage request, HttpCompletionOption completionOption, CancellationTokenSource cts, Boolean disposeCts, CancellationTokenSource pendingRequestsCts, CancellationToken originalCancellationToken)
   at System.ServiceModel.Channels.HttpChannelFactory`1.HttpClientRequestChannel.HttpClientChannelAsyncRequest.SendRequestAsync(Message message, TimeoutHelper timeoutHelper)
No connection could be made because the target machine actively refused it.
   at System.Net.Sockets.Socket.AwaitableSocketAsyncEventArgs.ThrowException(SocketError error, CancellationToken cancellationToken)
   at System.Net.Sockets.Socket.AwaitableSocketAsyncEventArgs.System.Threading.Tasks.Sources.IValueTaskSource.GetResult(Int16 token)
   at System.Net.Sockets.Socket.<ConnectAsync>g__WaitForConnectWithCancellation|285_0(AwaitableSocketAsyncEventArgs saea, ValueTask connectTask, CancellationToken cancellationToken)
   at System.Net.Http.HttpConnectionPool.ConnectToTcpHostAsync(String host, Int32 port, HttpRequestMessage initialRequest, Boolean async, CancellationToken cancellationToken)
13/11/2025 05:15:29==>Cotizacion Invalida
   at Applet.Nat.Api.Br.Models.DocumentExp.GetCotizacion(String vivstrMoneda, DateTime vivdtm) in C:\Users\Jaco2701\Documents\Visual Studio Projects\Nat\Nat.api\Models\BR\DocumentExp.cs:line 175
   at Applet.Nat.Api.Controllers.MiscController.Statics() in C:\Users\Jaco2701\Documents\Visual Studio Projects\Nat\Nat.api\Controllers\MiscController.cs:line 45
13/11/2025 05:15:29==>Valor de Lista FORMAT:dtmwsmtxca no encontrado
   at Applet.Nat.Api.Static.ListHelper.GetValue(String vivcodType, String vivcodId, NatContext vioContext) in C:\Users\Jaco2701\Documents\Visual Studio Projects\Nat\Nat.api\Static\ListHelper.cs:line 26
   at Applet.Nat.Api.Models.Afip.AfipService.get_ivstrDateformat() in C:\Users\Jaco2701\Documents\Visual Studio Projects\Nat\Nat.api\Models\Afip\AfipService.cs:line 74
   at Applet.Nat.BR.DocumentMTXCA.GetCotizacion(String vivstrMoneda, DateTime vivdtm) in C:\Users\Jaco2701\Documents\Visual Studio Projects\Nat\Nat.api\Models\BR\DocumentMtxca.cs:line 540
13/11/2025 05:15:29==>Cotizacion Invalida
   at Applet.Nat.BR.DocumentMTXCA.GetCotizacion(String vivstrMoneda, DateTime vivdtm) in C:\Users\Jaco2701\Documents\Visual Studio Projects\Nat\Nat.api\Models\BR\DocumentMtxca.cs:line 566
   at Applet.Nat.Api.Controllers.MiscController.Statics() in C:\Users\Jaco2701\Documents\Visual Studio Projects\Nat\Nat.api\Controllers\MiscController.cs:line 65
13/11/2025 05:15:31==>No connection could be made because the target machine actively refused it. (wsfe-homo.arca.gob.ar:443)
   at System.Runtime.AsyncResult.End[TAsyncResult](IAsyncResult result)
   at System.ServiceModel.Channels.ServiceChannel.SendAsyncResult.End(SendAsyncResult result)
   at System.ServiceModel.Channels.ServiceChannel.EndCall(String action, Object[] outs, IAsyncResult result)
   at System.ServiceModel.Channels.ServiceChannelProxy.TaskCreator.<>c__DisplayClass1_0.<CreateGenericTask>b__0(IAsyncResult asyncResult)
--- End of stack trace from previous location ---
   at Applet.Nat.Api.Br.Models.DocumentExp.GetCotizacion(String vivstrMoneda, DateTime vivdtm) in C:\Users\Jaco2701\Documents\Visual Studio Projects\Nat\Nat.api\Models\BR\DocumentExp.cs:line 156
No connection could be made because the target machine actively refused it. (wsfe-homo.arca.gob.ar:443)
   at System.Net.Http.HttpConnectionPool.ConnectToTcpHostAsync(String host, Int32 port, HttpRequestMessage initialRequest, Boolean async, CancellationToken cancellationToken)
   at System.Net.Http.HttpConnectionPool.ConnectAsync(HttpRequestMessage request, Boolean async, CancellationToken cancellationToken)
   at System.Net.Http.HttpConnectionPool.CreateHttp11ConnectionAsync(HttpRequestMessage request, Boolean async, CancellationToken cancellationToken)
   at System.Net.Http.HttpConnectionPool.AddHttp11ConnectionAsync(QueueItem queueItem)
   at System.Threading.Tasks.TaskCompletionSourceWithCancellation`1.WaitWithCancellationAsync(CancellationToken cancellationToken)
   at System.Net.Http.HttpConnectionPool.SendWithVersionDetectionAndRetryAsync(HttpRequestMessage request, Boolean async, Boolean doRequestAuth, CancellationToken cancellationToken)
   at System.Net.Http.DiagnosticsHandler.SendAsyncCore(HttpRequestMessage request, Boolean async, CancellationToken cancellationToken)
   at System.Net.Http.RedirectHandler.SendAsync(HttpRequestMessage request, Boolean async, CancellationToken cancellationToken)
   at System.Net.Http.DecompressionHandler.SendAsync(HttpRequestMessage request, Boolean async, CancellationToken cancellationToken)
   at System.Net.Http.HttpClient.<SendAsync>g__Core|83_0(HttpRequestMessage request, HttpCompletionOption completionOption, CancellationTokenSource cts, Boolean disposeCts, CancellationTokenSource pendingRequestsCts, CancellationToken originalCancellationToken)
   at System.ServiceModel.Channels.HttpChannelFactory`1.HttpClientRequestChannel.HttpClientChannelAsyncRequest.SendRequestAsync(Message message, TimeoutHelper timeoutHelper)
No connection could be made because the target machine actively refused it.
   at System.Net.Sockets.Socket.AwaitableSocketAsyncEventArgs.ThrowException(SocketError error, CancellationToken cancellationToken)
   at System.Net.Sockets.Socket.AwaitableSocketAsyncEventArgs.System.Threading.Tasks.Sources.IValueTaskSource.GetResult(Int16 token)
   at System.Net.Sockets.Socket.<ConnectAsync>g__WaitForConnectWithCancellation|285_0(AwaitableSocketAsyncEventArgs saea, ValueTask connectTask, CancellationToken cancellationToken)
   at System.Net.Http.HttpConnectionPool.ConnectToTcpHostAsync(String host, Int32 port, HttpRequestMessage initialRequest, Boolean async, CancellationToken cancellationToken)
13/11/2025 05:15:31==>Cotizacion Invalida
   at Applet.Nat.Api.Br.Models.DocumentExp.GetCotizacion(String vivstrMoneda, DateTime vivdtm) in C:\Users\Jaco2701\Documents\Visual Studio Projects\Nat\Nat.api\Models\BR\DocumentExp.cs:line 175
   at Applet.Nat.Api.Controllers.MiscController.Statics() in C:\Users\Jaco2701\Documents\Visual Studio Projects\Nat\Nat.api\Controllers\MiscController.cs:line 45
13/11/2025 05:15:32==>Valor de Lista FORMAT:dtmwsmtxca no encontrado
   at Applet.Nat.Api.Static.ListHelper.GetValue(String vivcodType, String vivcodId, NatContext vioContext) in C:\Users\Jaco2701\Documents\Visual Studio Projects\Nat\Nat.api\Static\ListHelper.cs:line 26
   at Applet.Nat.Api.Models.Afip.AfipService.get_ivstrDateformat() in C:\Users\Jaco2701\Documents\Visual Studio Projects\Nat\Nat.api\Models\Afip\AfipService.cs:line 74
   at Applet.Nat.BR.DocumentMTXCA.GetCotizacion(String vivstrMoneda, DateTime vivdtm) in C:\Users\Jaco2701\Documents\Visual Studio Projects\Nat\Nat.api\Models\BR\DocumentMtxca.cs:line 540
13/11/2025 05:15:32==>Cotizacion Invalida
   at Applet.Nat.BR.DocumentMTXCA.GetCotizacion(String vivstrMoneda, DateTime vivdtm) in C:\Users\Jaco2701\Documents\Visual Studio Projects\Nat\Nat.api\Models\BR\DocumentMtxca.cs:line 566
   at Applet.Nat.Api.Controllers.MiscController.Statics() in C:\Users\Jaco2701\Documents\Visual Studio Projects\Nat\Nat.api\Controllers\MiscController.cs:line 65
13/11/2025 05:15:34==>No connection could be made because the target machine actively refused it. (wsfe-homo.arca.gob.ar:443)
   at System.Runtime.AsyncResult.End[TAsyncResult](IAsyncResult result)
   at System.ServiceModel.Channels.ServiceChannel.SendAsyncResult.End(SendAsyncResult result)
   at System.ServiceModel.Channels.ServiceChannel.EndCall(String action, Object[] outs, IAsyncResult result)
   at System.ServiceModel.Channels.ServiceChannelProxy.TaskCreator.<>c__DisplayClass1_0.<CreateGenericTask>b__0(IAsyncResult asyncResult)
--- End of stack trace from previous location ---
   at Applet.Nat.Api.Br.Models.DocumentExp.GetCotizacion(String vivstrMoneda, DateTime vivdtm) in C:\Users\Jaco2701\Documents\Visual Studio Projects\Nat\Nat.api\Models\BR\DocumentExp.cs:line 156
No connection could be made because the target machine actively refused it. (wsfe-homo.arca.gob.ar:443)
   at System.Net.Http.HttpConnectionPool.ConnectToTcpHostAsync(String host, Int32 port, HttpRequestMessage initialRequest, Boolean async, CancellationToken cancellationToken)
   at System.Net.Http.HttpConnectionPool.ConnectAsync(HttpRequestMessage request, Boolean async, CancellationToken cancellationToken)
   at System.Net.Http.HttpConnectionPool.CreateHttp11ConnectionAsync(HttpRequestMessage request, Boolean async, CancellationToken cancellationToken)
   at System.Net.Http.HttpConnectionPool.AddHttp11ConnectionAsync(QueueItem queueItem)
   at System.Threading.Tasks.TaskCompletionSourceWithCancellation`1.WaitWithCancellationAsync(CancellationToken cancellationToken)
   at System.Net.Http.HttpConnectionPool.SendWithVersionDetectionAndRetryAsync(HttpRequestMessage request, Boolean async, Boolean doRequestAuth, CancellationToken cancellationToken)
   at System.Net.Http.DiagnosticsHandler.SendAsyncCore(HttpRequestMessage request, Boolean async, CancellationToken cancellationToken)
   at System.Net.Http.RedirectHandler.SendAsync(HttpRequestMessage request, Boolean async, CancellationToken cancellationToken)
   at System.Net.Http.DecompressionHandler.SendAsync(HttpRequestMessage request, Boolean async, CancellationToken cancellationToken)
   at System.Net.Http.HttpClient.<SendAsync>g__Core|83_0(HttpRequestMessage request, HttpCompletionOption completionOption, CancellationTokenSource cts, Boolean disposeCts, CancellationTokenSource pendingRequestsCts, CancellationToken originalCancellationToken)
   at System.ServiceModel.Channels.HttpChannelFactory`1.HttpClientRequestChannel.HttpClientChannelAsyncRequest.SendRequestAsync(Message message, TimeoutHelper timeoutHelper)
No connection could be made because the target machine actively refused it.
   at System.Net.Sockets.Socket.AwaitableSocketAsyncEventArgs.ThrowException(SocketError error, CancellationToken cancellationToken)
   at System.Net.Sockets.Socket.AwaitableSocketAsyncEventArgs.System.Threading.Tasks.Sources.IValueTaskSource.GetResult(Int16 token)
   at System.Net.Sockets.Socket.<ConnectAsync>g__WaitForConnectWithCancellation|285_0(AwaitableSocketAsyncEventArgs saea, ValueTask connectTask, CancellationToken cancellationToken)
   at System.Net.Http.HttpConnectionPool.ConnectToTcpHostAsync(String host, Int32 port, HttpRequestMessage initialRequest, Boolean async, CancellationToken cancellationToken)
13/11/2025 05:15:34==>Cotizacion Invalida
   at Applet.Nat.Api.Br.Models.DocumentExp.GetCotizacion(String vivstrMoneda, DateTime vivdtm) in C:\Users\Jaco2701\Documents\Visual Studio Projects\Nat\Nat.api\Models\BR\DocumentExp.cs:line 175
   at Applet.Nat.Api.Controllers.MiscController.Statics() in C:\Users\Jaco2701\Documents\Visual Studio Projects\Nat\Nat.api\Controllers\MiscController.cs:line 45
13/11/2025 05:15:34==>Valor de Lista FORMAT:dtmwsmtxca no encontrado
   at Applet.Nat.Api.Static.ListHelper.GetValue(String vivcodType, String vivcodId, NatContext vioContext) in C:\Users\Jaco2701\Documents\Visual Studio Projects\Nat\Nat.api\Static\ListHelper.cs:line 26
   at Applet.Nat.Api.Models.Afip.AfipService.get_ivstrDateformat() in C:\Users\Jaco2701\Documents\Visual Studio Projects\Nat\Nat.api\Models\Afip\AfipService.cs:line 74
   at Applet.Nat.BR.DocumentMTXCA.GetCotizacion(String vivstrMoneda, DateTime vivdtm) in C:\Users\Jaco2701\Documents\Visual Studio Projects\Nat\Nat.api\Models\BR\DocumentMtxca.cs:line 540
13/11/2025 05:15:34==>Cotizacion Invalida
   at Applet.Nat.BR.DocumentMTXCA.GetCotizacion(String vivstrMoneda, DateTime vivdtm) in C:\Users\Jaco2701\Documents\Visual Studio Projects\Nat\Nat.api\Models\BR\DocumentMtxca.cs:line 566
   at Applet.Nat.Api.Controllers.MiscController.Statics() in C:\Users\Jaco2701\Documents\Visual Studio Projects\Nat\Nat.api\Controllers\MiscController.cs:line 65
13/11/2025 05:15:36==>No connection could be made because the target machine actively refused it. (wsfe-homo.arca.gob.ar:443)
   at System.Runtime.AsyncResult.End[TAsyncResult](IAsyncResult result)
   at System.ServiceModel.Channels.ServiceChannel.SendAsyncResult.End(SendAsyncResult result)
   at System.ServiceModel.Channels.ServiceChannel.EndCall(String action, Object[] outs, IAsyncResult result)
   at System.ServiceModel.Channels.ServiceChannelProxy.TaskCreator.<>c__DisplayClass1_0.<CreateGenericTask>b__0(IAsyncResult asyncResult)
--- End of stack trace from previous location ---
   at Applet.Nat.Api.Br.Models.DocumentExp.GetCotizacion(String vivstrMoneda, DateTime vivdtm) in C:\Users\Jaco2701\Documents\Visual Studio Projects\Nat\Nat.api\Models\BR\DocumentExp.cs:line 156
No connection could be made because the target machine actively refused it. (wsfe-homo.arca.gob.ar:443)
   at System.Net.Http.HttpConnectionPool.ConnectToTcpHostAsync(String host, Int32 port, HttpRequestMessage initialRequest, Boolean async, CancellationToken cancellationToken)
   at System.Net.Http.HttpConnectionPool.ConnectAsync(HttpRequestMessage request, Boolean async, CancellationToken cancellationToken)
   at System.Net.Http.HttpConnectionPool.CreateHttp11ConnectionAsync(HttpRequestMessage request, Boolean async, CancellationToken cancellationToken)
   at System.Net.Http.HttpConnectionPool.AddHttp11ConnectionAsync(QueueItem queueItem)
   at System.Threading.Tasks.TaskCompletionSourceWithCancellation`1.WaitWithCancellationAsync(CancellationToken cancellationToken)
   at System.Net.Http.HttpConnectionPool.SendWithVersionDetectionAndRetryAsync(HttpRequestMessage request, Boolean async, Boolean doRequestAuth, CancellationToken cancellationToken)
   at System.Net.Http.DiagnosticsHandler.SendAsyncCore(HttpRequestMessage request, Boolean async, CancellationToken cancellationToken)
   at System.Net.Http.RedirectHandler.SendAsync(HttpRequestMessage request, Boolean async, CancellationToken cancellationToken)
   at System.Net.Http.DecompressionHandler.SendAsync(HttpRequestMessage request, Boolean async, CancellationToken cancellationToken)
   at System.Net.Http.HttpClient.<SendAsync>g__Core|83_0(HttpRequestMessage request, HttpCompletionOption completionOption, CancellationTokenSource cts, Boolean disposeCts, CancellationTokenSource pendingRequestsCts, CancellationToken originalCancellationToken)
   at System.ServiceModel.Channels.HttpChannelFactory`1.HttpClientRequestChannel.HttpClientChannelAsyncRequest.SendRequestAsync(Message message, TimeoutHelper timeoutHelper)
No connection could be made because the target machine actively refused it.
   at System.Net.Sockets.Socket.AwaitableSocketAsyncEventArgs.ThrowException(SocketError error, CancellationToken cancellationToken)
   at System.Net.Sockets.Socket.AwaitableSocketAsyncEventArgs.System.Threading.Tasks.Sources.IValueTaskSource.GetResult(Int16 token)
   at System.Net.Sockets.Socket.<ConnectAsync>g__WaitForConnectWithCancellation|285_0(AwaitableSocketAsyncEventArgs saea, ValueTask connectTask, CancellationToken cancellationToken)
   at System.Net.Http.HttpConnectionPool.ConnectToTcpHostAsync(String host, Int32 port, HttpRequestMessage initialRequest, Boolean async, CancellationToken cancellationToken)
13/11/2025 05:15:36==>Cotizacion Invalida
   at Applet.Nat.Api.Br.Models.DocumentExp.GetCotizacion(String vivstrMoneda, DateTime vivdtm) in C:\Users\Jaco2701\Documents\Visual Studio Projects\Nat\Nat.api\Models\BR\DocumentExp.cs:line 175
   at Applet.Nat.Api.Controllers.MiscController.Statics() in C:\Users\Jaco2701\Documents\Visual Studio Projects\Nat\Nat.api\Controllers\MiscController.cs:line 45
13/11/2025 05:15:36==>Valor de Lista FORMAT:dtmwsmtxca no encontrado
   at Applet.Nat.Api.Static.ListHelper.GetValue(String vivcodType, String vivcodId, NatContext vioContext) in C:\Users\Jaco2701\Documents\Visual Studio Projects\Nat\Nat.api\Static\ListHelper.cs:line 26
   at Applet.Nat.Api.Models.Afip.AfipService.get_ivstrDateformat() in C:\Users\Jaco2701\Documents\Visual Studio Projects\Nat\Nat.api\Models\Afip\AfipService.cs:line 74
   at Applet.Nat.BR.DocumentMTXCA.GetCotizacion(String vivstrMoneda, DateTime vivdtm) in C:\Users\Jaco2701\Documents\Visual Studio Projects\Nat\Nat.api\Models\BR\DocumentMtxca.cs:line 540
13/11/2025 05:15:36==>Cotizacion Invalida
   at Applet.Nat.BR.DocumentMTXCA.GetCotizacion(String vivstrMoneda, DateTime vivdtm) in C:\Users\Jaco2701\Documents\Visual Studio Projects\Nat\Nat.api\Models\BR\DocumentMtxca.cs:line 566
   at Applet.Nat.Api.Controllers.MiscController.Statics() in C:\Users\Jaco2701\Documents\Visual Studio Projects\Nat\Nat.api\Controllers\MiscController.cs:line 65
13/11/2025 05:15:50==>No connection could be made because the target machine actively refused it. (wsfe-homo.arca.gob.ar:443)
   at System.Runtime.AsyncResult.End[TAsyncResult](IAsyncResult result)
   at System.ServiceModel.Channels.ServiceChannel.SendAsyncResult.End(SendAsyncResult result)
   at System.ServiceModel.Channels.ServiceChannel.EndCall(String action, Object[] outs, IAsyncResult result)
   at System.ServiceModel.Channels.ServiceChannelProxy.TaskCreator.<>c__DisplayClass1_0.<CreateGenericTask>b__0(IAsyncResult asyncResult)
--- End of stack trace from previous location ---
   at Applet.Nat.Api.Br.Models.DocumentExp.GetCotizacion(String vivstrMoneda, DateTime vivdtm) in C:\Users\Jaco2701\Documents\Visual Studio Projects\Nat\Nat.api\Models\BR\DocumentExp.cs:line 156
No connection could be made because the target machine actively refused it. (wsfe-homo.arca.gob.ar:443)
   at System.Net.Http.HttpConnectionPool.ConnectToTcpHostAsync(String host, Int32 port, HttpRequestMessage initialRequest, Boolean async, CancellationToken cancellationToken)
   at System.Net.Http.HttpConnectionPool.ConnectAsync(HttpRequestMessage request, Boolean async, CancellationToken cancellationToken)
   at System.Net.Http.HttpConnectionPool.CreateHttp11ConnectionAsync(HttpRequestMessage request, Boolean async, CancellationToken cancellationToken)
   at System.Net.Http.HttpConnectionPool.AddHttp11ConnectionAsync(QueueItem queueItem)
   at System.Threading.Tasks.TaskCompletionSourceWithCancellation`1.WaitWithCancellationAsync(CancellationToken cancellationToken)
   at System.Net.Http.HttpConnectionPool.SendWithVersionDetectionAndRetryAsync(HttpRequestMessage request, Boolean async, Boolean doRequestAuth, CancellationToken cancellationToken)
   at System.Net.Http.DiagnosticsHandler.SendAsyncCore(HttpRequestMessage request, Boolean async, CancellationToken cancellationToken)
   at System.Net.Http.RedirectHandler.SendAsync(HttpRequestMessage request, Boolean async, CancellationToken cancellationToken)
   at System.Net.Http.DecompressionHandler.SendAsync(HttpRequestMessage request, Boolean async, CancellationToken cancellationToken)
   at System.Net.Http.HttpClient.<SendAsync>g__Core|83_0(HttpRequestMessage request, HttpCompletionOption completionOption, CancellationTokenSource cts, Boolean disposeCts, CancellationTokenSource pendingRequestsCts, CancellationToken originalCancellationToken)
   at System.ServiceModel.Channels.HttpChannelFactory`1.HttpClientRequestChannel.HttpClientChannelAsyncRequest.SendRequestAsync(Message message, TimeoutHelper timeoutHelper)
No connection could be made because the target machine actively refused it.
   at System.Net.Sockets.Socket.AwaitableSocketAsyncEventArgs.ThrowException(SocketError error, CancellationToken cancellationToken)
   at System.Net.Sockets.Socket.AwaitableSocketAsyncEventArgs.System.Threading.Tasks.Sources.IValueTaskSource.GetResult(Int16 token)
   at System.Net.Sockets.Socket.<ConnectAsync>g__WaitForConnectWithCancellation|285_0(AwaitableSocketAsyncEventArgs saea, ValueTask connectTask, CancellationToken cancellationToken)
   at System.Net.Http.HttpConnectionPool.ConnectToTcpHostAsync(String host, Int32 port, HttpRequestMessage initialRequest, Boolean async, CancellationToken cancellationToken)
13/11/2025 05:15:50==>Cotizacion Invalida
   at Applet.Nat.Api.Br.Models.DocumentExp.GetCotizacion(String vivstrMoneda, DateTime vivdtm) in C:\Users\Jaco2701\Documents\Visual Studio Projects\Nat\Nat.api\Models\BR\DocumentExp.cs:line 175
   at Applet.Nat.Api.Controllers.MiscController.Statics() in C:\Users\Jaco2701\Documents\Visual Studio Projects\Nat\Nat.api\Controllers\MiscController.cs:line 45
13/11/2025 05:15:50==>Valor de Lista FORMAT:dtmwsmtxca no encontrado
   at Applet.Nat.Api.Static.ListHelper.GetValue(String vivcodType, String vivcodId, NatContext vioContext) in C:\Users\Jaco2701\Documents\Visual Studio Projects\Nat\Nat.api\Static\ListHelper.cs:line 26
   at Applet.Nat.Api.Models.Afip.AfipService.get_ivstrDateformat() in C:\Users\Jaco2701\Documents\Visual Studio Projects\Nat\Nat.api\Models\Afip\AfipService.cs:line 74
   at Applet.Nat.BR.DocumentMTXCA.GetCotizacion(String vivstrMoneda, DateTime vivdtm) in C:\Users\Jaco2701\Documents\Visual Studio Projects\Nat\Nat.api\Models\BR\DocumentMtxca.cs:line 540
13/11/2025 05:15:50==>Cotizacion Invalida
   at Applet.Nat.BR.DocumentMTXCA.GetCotizacion(String vivstrMoneda, DateTime vivdtm) in C:\Users\Jaco2701\Documents\Visual Studio Projects\Nat\Nat.api\Models\BR\DocumentMtxca.cs:line 566
   at Applet.Nat.Api.Controllers.MiscController.Statics() in C:\Users\Jaco2701\Documents\Visual Studio Projects\Nat\Nat.api\Controllers\MiscController.cs:line 65
13/11/2025 05:15:52==>No connection could be made because the target machine actively refused it. (wsfe-homo.arca.gob.ar:443)
   at System.Runtime.AsyncResult.End[TAsyncResult](IAsyncResult result)
   at System.ServiceModel.Channels.ServiceChannel.SendAsyncResult.End(SendAsyncResult result)
   at System.ServiceModel.Channels.ServiceChannel.EndCall(String action, Object[] outs, IAsyncResult result)
   at System.ServiceModel.Channels.ServiceChannelProxy.TaskCreator.<>c__DisplayClass1_0.<CreateGenericTask>b__0(IAsyncResult asyncResult)
--- End of stack trace from previous location ---
   at Applet.Nat.Api.Br.Models.DocumentExp.GetCotizacion(String vivstrMoneda, DateTime vivdtm) in C:\Users\Jaco2701\Documents\Visual Studio Projects\Nat\Nat.api\Models\BR\DocumentExp.cs:line 156
No connection could be made because the target machine actively refused it. (wsfe-homo.arca.gob.ar:443)
   at System.Net.Http.HttpConnectionPool.ConnectToTcpHostAsync(String host, Int32 port, HttpRequestMessage initialRequest, Boolean async, CancellationToken cancellationToken)
   at System.Net.Http.HttpConnectionPool.ConnectAsync(HttpRequestMessage request, Boolean async, CancellationToken cancellationToken)
   at System.Net.Http.HttpConnectionPool.CreateHttp11ConnectionAsync(HttpRequestMessage request, Boolean async, CancellationToken cancellationToken)
   at System.Net.Http.HttpConnectionPool.AddHttp11ConnectionAsync(QueueItem queueItem)
   at System.Threading.Tasks.TaskCompletionSourceWithCancellation`1.WaitWithCancellationAsync(CancellationToken cancellationToken)
   at System.Net.Http.HttpConnectionPool.SendWithVersionDetectionAndRetryAsync(HttpRequestMessage request, Boolean async, Boolean doRequestAuth, CancellationToken cancellationToken)
   at System.Net.Http.DiagnosticsHandler.SendAsyncCore(HttpRequestMessage request, Boolean async, CancellationToken cancellationToken)
   at System.Net.Http.RedirectHandler.SendAsync(HttpRequestMessage request, Boolean async, CancellationToken cancellationToken)
   at System.Net.Http.DecompressionHandler.SendAsync(HttpRequestMessage request, Boolean async, CancellationToken cancellationToken)
   at System.Net.Http.HttpClient.<SendAsync>g__Core|83_0(HttpRequestMessage request, HttpCompletionOption completionOption, CancellationTokenSource cts, Boolean disposeCts, CancellationTokenSource pendingRequestsCts, CancellationToken originalCancellationToken)
   at System.ServiceModel.Channels.HttpChannelFactory`1.HttpClientRequestChannel.HttpClientChannelAsyncRequest.SendRequestAsync(Message message, TimeoutHelper timeoutHelper)
No connection could be made because the target machine actively refused it.
   at System.Net.Sockets.Socket.AwaitableSocketAsyncEventArgs.ThrowException(SocketError error, CancellationToken cancellationToken)
   at System.Net.Sockets.Socket.AwaitableSocketAsyncEventArgs.System.Threading.Tasks.Sources.IValueTaskSource.GetResult(Int16 token)
   at System.Net.Sockets.Socket.<ConnectAsync>g__WaitForConnectWithCancellation|285_0(AwaitableSocketAsyncEventArgs saea, ValueTask connectTask, CancellationToken cancellationToken)
   at System.Net.Http.HttpConnectionPool.ConnectToTcpHostAsync(String host, Int32 port, HttpRequestMessage initialRequest, Boolean async, CancellationToken cancellationToken)
13/11/2025 05:15:52==>Cotizacion Invalida
   at Applet.Nat.Api.Br.Models.DocumentExp.GetCotizacion(String vivstrMoneda, DateTime vivdtm) in C:\Users\Jaco2701\Documents\Visual Studio Projects\Nat\Nat.api\Models\BR\DocumentExp.cs:line 175
   at Applet.Nat.Api.Controllers.MiscController.Statics() in C:\Users\Jaco2701\Documents\Visual Studio Projects\Nat\Nat.api\Controllers\MiscController.cs:line 45
13/11/2025 05:15:52==>Valor de Lista FORMAT:dtmwsmtxca no encontrado
   at Applet.Nat.Api.Static.ListHelper.GetValue(String vivcodType, String vivcodId, NatContext vioContext) in C:\Users\Jaco2701\Documents\Visual Studio Projects\Nat\Nat.api\Static\ListHelper.cs:line 26
   at Applet.Nat.Api.Models.Afip.AfipService.get_ivstrDateformat() in C:\Users\Jaco2701\Documents\Visual Studio Projects\Nat\Nat.api\Models\Afip\AfipService.cs:line 74
   at Applet.Nat.BR.DocumentMTXCA.GetCotizacion(String vivstrMoneda, DateTime vivdtm) in C:\Users\Jaco2701\Documents\Visual Studio Projects\Nat\Nat.api\Models\BR\DocumentMtxca.cs:line 540
13/11/2025 05:15:52==>Cotizacion Invalida
   at Applet.Nat.BR.DocumentMTXCA.GetCotizacion(String vivstrMoneda, DateTime vivdtm) in C:\Users\Jaco2701\Documents\Visual Studio Projects\Nat\Nat.api\Models\BR\DocumentMtxca.cs:line 566
   at Applet.Nat.Api.Controllers.MiscController.Statics() in C:\Users\Jaco2701\Documents\Visual Studio Projects\Nat\Nat.api\Controllers\MiscController.cs:line 65
13/11/2025 05:16:41==>No connection could be made because the target machine actively refused it. (wsfe-homo.arca.gob.ar:443)
   at System.Runtime.AsyncResult.End[TAsyncResult](IAsyncResult result)
   at System.ServiceModel.Channels.ServiceChannel.SendAsyncResult.End(SendAsyncResult result)
   at System.ServiceModel.Channels.ServiceChannel.EndCall(String action, Object[] outs, IAsyncResult result)
   at System.ServiceModel.Channels.ServiceChannelProxy.TaskCreator.<>c__DisplayClass1_0.<CreateGenericTask>b__0(IAsyncResult asyncResult)
--- End of stack trace from previous location ---
   at Applet.Nat.Api.Br.Models.DocumentExp.GetCotizacion(String vivstrMoneda, DateTime vivdtm) in C:\Users\Jaco2701\Documents\Visual Studio Projects\Nat\Nat.api\Models\BR\DocumentExp.cs:line 156
No connection could be made because the target machine actively refused it. (wsfe-homo.arca.gob.ar:443)
   at System.Net.Http.HttpConnectionPool.ConnectToTcpHostAsync(String host, Int32 port, HttpRequestMessage initialRequest, Boolean async, CancellationToken cancellationToken)
   at System.Net.Http.HttpConnectionPool.ConnectAsync(HttpRequestMessage request, Boolean async, CancellationToken cancellationToken)
   at System.Net.Http.HttpConnectionPool.CreateHttp11ConnectionAsync(HttpRequestMessage request, Boolean async, CancellationToken cancellationToken)
   at System.Net.Http.HttpConnectionPool.AddHttp11ConnectionAsync(QueueItem queueItem)
   at System.Threading.Tasks.TaskCompletionSourceWithCancellation`1.WaitWithCancellationAsync(CancellationToken cancellationToken)
   at System.Net.Http.HttpConnectionPool.SendWithVersionDetectionAndRetryAsync(HttpRequestMessage request, Boolean async, Boolean doRequestAuth, CancellationToken cancellationToken)
   at System.Net.Http.DiagnosticsHandler.SendAsyncCore(HttpRequestMessage request, Boolean async, CancellationToken cancellationToken)
   at System.Net.Http.RedirectHandler.SendAsync(HttpRequestMessage request, Boolean async, CancellationToken cancellationToken)
   at System.Net.Http.DecompressionHandler.SendAsync(HttpRequestMessage request, Boolean async, CancellationToken cancellationToken)
   at System.Net.Http.HttpClient.<SendAsync>g__Core|83_0(HttpRequestMessage request, HttpCompletionOption completionOption, CancellationTokenSource cts, Boolean disposeCts, CancellationTokenSource pendingRequestsCts, CancellationToken originalCancellationToken)
   at System.ServiceModel.Channels.HttpChannelFactory`1.HttpClientRequestChannel.HttpClientChannelAsyncRequest.SendRequestAsync(Message message, TimeoutHelper timeoutHelper)
No connection could be made because the target machine actively refused it.
   at System.Net.Sockets.Socket.AwaitableSocketAsyncEventArgs.ThrowException(SocketError error, CancellationToken cancellationToken)
   at System.Net.Sockets.Socket.AwaitableSocketAsyncEventArgs.System.Threading.Tasks.Sources.IValueTaskSource.GetResult(Int16 token)
   at System.Net.Sockets.Socket.<ConnectAsync>g__WaitForConnectWithCancellation|285_0(AwaitableSocketAsyncEventArgs saea, ValueTask connectTask, CancellationToken cancellationToken)
   at System.Net.Http.HttpConnectionPool.ConnectToTcpHostAsync(String host, Int32 port, HttpRequestMessage initialRequest, Boolean async, CancellationToken cancellationToken)
13/11/2025 05:16:41==>Cotizacion Invalida
   at Applet.Nat.Api.Br.Models.DocumentExp.GetCotizacion(String vivstrMoneda, DateTime vivdtm) in C:\Users\Jaco2701\Documents\Visual Studio Projects\Nat\Nat.api\Models\BR\DocumentExp.cs:line 175
   at Applet.Nat.Api.Controllers.MiscController.Statics() in C:\Users\Jaco2701\Documents\Visual Studio Projects\Nat\Nat.api\Controllers\MiscController.cs:line 45
13/11/2025 05:16:42==>Valor de Lista FORMAT:dtmwsmtxca no encontrado
   at Applet.Nat.Api.Static.ListHelper.GetValue(String vivcodType, String vivcodId, NatContext vioContext) in C:\Users\Jaco2701\Documents\Visual Studio Projects\Nat\Nat.api\Static\ListHelper.cs:line 26
   at Applet.Nat.Api.Models.Afip.AfipService.get_ivstrDateformat() in C:\Users\Jaco2701\Documents\Visual Studio Projects\Nat\Nat.api\Models\Afip\AfipService.cs:line 74
   at Applet.Nat.BR.DocumentMTXCA.GetCotizacion(String vivstrMoneda, DateTime vivdtm) in C:\Users\Jaco2701\Documents\Visual Studio Projects\Nat\Nat.api\Models\BR\DocumentMtxca.cs:line 540
13/11/2025 05:16:42==>Cotizacion Invalida
   at Applet.Nat.BR.DocumentMTXCA.GetCotizacion(String vivstrMoneda, DateTime vivdtm) in C:\Users\Jaco2701\Documents\Visual Studio Projects\Nat\Nat.api\Models\BR\DocumentMtxca.cs:line 566
   at Applet.Nat.Api.Controllers.MiscController.Statics() in C:\Users\Jaco2701\Documents\Visual Studio Projects\Nat\Nat.api\Controllers\MiscController.cs:line 65
13/11/2025 05:16:44==>No connection could be made because the target machine actively refused it. (wsfe-homo.arca.gob.ar:443)
   at System.Runtime.AsyncResult.End[TAsyncResult](IAsyncResult result)
   at System.ServiceModel.Channels.ServiceChannel.SendAsyncResult.End(SendAsyncResult result)
   at System.ServiceModel.Channels.ServiceChannel.EndCall(String action, Object[] outs, IAsyncResult result)
   at System.ServiceModel.Channels.ServiceChannelProxy.TaskCreator.<>c__DisplayClass1_0.<CreateGenericTask>b__0(IAsyncResult asyncResult)
--- End of stack trace from previous location ---
   at Applet.Nat.Api.Br.Models.DocumentExp.GetCotizacion(String vivstrMoneda, DateTime vivdtm) in C:\Users\Jaco2701\Documents\Visual Studio Projects\Nat\Nat.api\Models\BR\DocumentExp.cs:line 156
No connection could be made because the target machine actively refused it. (wsfe-homo.arca.gob.ar:443)
   at System.Net.Http.HttpConnectionPool.ConnectToTcpHostAsync(String host, Int32 port, HttpRequestMessage initialRequest, Boolean async, CancellationToken cancellationToken)
   at System.Net.Http.HttpConnectionPool.ConnectAsync(HttpRequestMessage request, Boolean async, CancellationToken cancellationToken)
   at System.Net.Http.HttpConnectionPool.CreateHttp11ConnectionAsync(HttpRequestMessage request, Boolean async, CancellationToken cancellationToken)
   at System.Net.Http.HttpConnectionPool.AddHttp11ConnectionAsync(QueueItem queueItem)
   at System.Threading.Tasks.TaskCompletionSourceWithCancellation`1.WaitWithCancellationAsync(CancellationToken cancellationToken)
   at System.Net.Http.HttpConnectionPool.SendWithVersionDetectionAndRetryAsync(HttpRequestMessage request, Boolean async, Boolean doRequestAuth, CancellationToken cancellationToken)
   at System.Net.Http.DiagnosticsHandler.SendAsyncCore(HttpRequestMessage request, Boolean async, CancellationToken cancellationToken)
   at System.Net.Http.RedirectHandler.SendAsync(HttpRequestMessage request, Boolean async, CancellationToken cancellationToken)
   at System.Net.Http.DecompressionHandler.SendAsync(HttpRequestMessage request, Boolean async, CancellationToken cancellationToken)
   at System.Net.Http.HttpClient.<SendAsync>g__Core|83_0(HttpRequestMessage request, HttpCompletionOption completionOption, CancellationTokenSource cts, Boolean disposeCts, CancellationTokenSource pendingRequestsCts, CancellationToken originalCancellationToken)
   at System.ServiceModel.Channels.HttpChannelFactory`1.HttpClientRequestChannel.HttpClientChannelAsyncRequest.SendRequestAsync(Message message, TimeoutHelper timeoutHelper)
No connection could be made because the target machine actively refused it.
   at System.Net.Sockets.Socket.AwaitableSocketAsyncEventArgs.ThrowException(SocketError error, CancellationToken cancellationToken)
   at System.Net.Sockets.Socket.AwaitableSocketAsyncEventArgs.System.Threading.Tasks.Sources.IValueTaskSource.GetResult(Int16 token)
   at System.Net.Sockets.Socket.<ConnectAsync>g__WaitForConnectWithCancellation|285_0(AwaitableSocketAsyncEventArgs saea, ValueTask connectTask, CancellationToken cancellationToken)
   at System.Net.Http.HttpConnectionPool.ConnectToTcpHostAsync(String host, Int32 port, HttpRequestMessage initialRequest, Boolean async, CancellationToken cancellationToken)
13/11/2025 05:16:44==>Cotizacion Invalida
   at Applet.Nat.Api.Br.Models.DocumentExp.GetCotizacion(String vivstrMoneda, DateTime vivdtm) in C:\Users\Jaco2701\Documents\Visual Studio Projects\Nat\Nat.api\Models\BR\DocumentExp.cs:line 175
   at Applet.Nat.Api.Controllers.MiscController.Statics() in C:\Users\Jaco2701\Documents\Visual Studio Projects\Nat\Nat.api\Controllers\MiscController.cs:line 45
13/11/2025 05:16:44==>Valor de Lista FORMAT:dtmwsmtxca no encontrado
   at Applet.Nat.Api.Static.ListHelper.GetValue(String vivcodType, String vivcodId, NatContext vioContext) in C:\Users\Jaco2701\Documents\Visual Studio Projects\Nat\Nat.api\Static\ListHelper.cs:line 26
   at Applet.Nat.Api.Models.Afip.AfipService.get_ivstrDateformat() in C:\Users\Jaco2701\Documents\Visual Studio Projects\Nat\Nat.api\Models\Afip\AfipService.cs:line 74
   at Applet.Nat.BR.DocumentMTXCA.GetCotizacion(String vivstrMoneda, DateTime vivdtm) in C:\Users\Jaco2701\Documents\Visual Studio Projects\Nat\Nat.api\Models\BR\DocumentMtxca.cs:line 540
13/11/2025 05:16:44==>Cotizacion Invalida
   at Applet.Nat.BR.DocumentMTXCA.GetCotizacion(String vivstrMoneda, DateTime vivdtm) in C:\Users\Jaco2701\Documents\Visual Studio Projects\Nat\Nat.api\Models\BR\DocumentMtxca.cs:line 566
   at Applet.Nat.Api.Controllers.MiscController.Statics() in C:\Users\Jaco2701\Documents\Visual Studio Projects\Nat\Nat.api\Controllers\MiscController.cs:line 65
13/11/2025 05:16:46==>No connection could be made because the target machine actively refused it. (wsfe-homo.arca.gob.ar:443)
   at System.Runtime.AsyncResult.End[TAsyncResult](IAsyncResult result)
   at System.ServiceModel.Channels.ServiceChannel.SendAsyncResult.End(SendAsyncResult result)
   at System.ServiceModel.Channels.ServiceChannel.EndCall(String action, Object[] outs, IAsyncResult result)
   at System.ServiceModel.Channels.ServiceChannelProxy.TaskCreator.<>c__DisplayClass1_0.<CreateGenericTask>b__0(IAsyncResult asyncResult)
--- End of stack trace from previous location ---
   at Applet.Nat.Api.Br.Models.DocumentExp.GetCotizacion(String vivstrMoneda, DateTime vivdtm) in C:\Users\Jaco2701\Documents\Visual Studio Projects\Nat\Nat.api\Models\BR\DocumentExp.cs:line 156
No connection could be made because the target machine actively refused it. (wsfe-homo.arca.gob.ar:443)
   at System.Net.Http.HttpConnectionPool.ConnectToTcpHostAsync(String host, Int32 port, HttpRequestMessage initialRequest, Boolean async, CancellationToken cancellationToken)
   at System.Net.Http.HttpConnectionPool.ConnectAsync(HttpRequestMessage request, Boolean async, CancellationToken cancellationToken)
   at System.Net.Http.HttpConnectionPool.CreateHttp11ConnectionAsync(HttpRequestMessage request, Boolean async, CancellationToken cancellationToken)
   at System.Net.Http.HttpConnectionPool.AddHttp11ConnectionAsync(QueueItem queueItem)
   at System.Threading.Tasks.TaskCompletionSourceWithCancellation`1.WaitWithCancellationAsync(CancellationToken cancellationToken)
   at System.Net.Http.HttpConnectionPool.SendWithVersionDetectionAndRetryAsync(HttpRequestMessage request, Boolean async, Boolean doRequestAuth, CancellationToken cancellationToken)
   at System.Net.Http.DiagnosticsHandler.SendAsyncCore(HttpRequestMessage request, Boolean async, CancellationToken cancellationToken)
   at System.Net.Http.RedirectHandler.SendAsync(HttpRequestMessage request, Boolean async, CancellationToken cancellationToken)
   at System.Net.Http.DecompressionHandler.SendAsync(HttpRequestMessage request, Boolean async, CancellationToken cancellationToken)
   at System.Net.Http.HttpClient.<SendAsync>g__Core|83_0(HttpRequestMessage request, HttpCompletionOption completionOption, CancellationTokenSource cts, Boolean disposeCts, CancellationTokenSource pendingRequestsCts, CancellationToken originalCancellationToken)
   at System.ServiceModel.Channels.HttpChannelFactory`1.HttpClientRequestChannel.HttpClientChannelAsyncRequest.SendRequestAsync(Message message, TimeoutHelper timeoutHelper)
No connection could be made because the target machine actively refused it.
   at System.Net.Sockets.Socket.AwaitableSocketAsyncEventArgs.ThrowException(SocketError error, CancellationToken cancellationToken)
   at System.Net.Sockets.Socket.AwaitableSocketAsyncEventArgs.System.Threading.Tasks.Sources.IValueTaskSource.GetResult(Int16 token)
   at System.Net.Sockets.Socket.<ConnectAsync>g__WaitForConnectWithCancellation|285_0(AwaitableSocketAsyncEventArgs saea, ValueTask connectTask, CancellationToken cancellationToken)
   at System.Net.Http.HttpConnectionPool.ConnectToTcpHostAsync(String host, Int32 port, HttpRequestMessage initialRequest, Boolean async, CancellationToken cancellationToken)
13/11/2025 05:16:46==>Cotizacion Invalida
   at Applet.Nat.Api.Br.Models.DocumentExp.GetCotizacion(String vivstrMoneda, DateTime vivdtm) in C:\Users\Jaco2701\Documents\Visual Studio Projects\Nat\Nat.api\Models\BR\DocumentExp.cs:line 175
   at Applet.Nat.Api.Controllers.MiscController.Statics() in C:\Users\Jaco2701\Documents\Visual Studio Projects\Nat\Nat.api\Controllers\MiscController.cs:line 45
13/11/2025 05:16:46==>Valor de Lista FORMAT:dtmwsmtxca no encontrado
   at Applet.Nat.Api.Static.ListHelper.GetValue(String vivcodType, String vivcodId, NatContext vioContext) in C:\Users\Jaco2701\Documents\Visual Studio Projects\Nat\Nat.api\Static\ListHelper.cs:line 26
   at Applet.Nat.Api.Models.Afip.AfipService.get_ivstrDateformat() in C:\Users\Jaco2701\Documents\Visual Studio Projects\Nat\Nat.api\Models\Afip\AfipService.cs:line 74
   at Applet.Nat.BR.DocumentMTXCA.GetCotizacion(String vivstrMoneda, DateTime vivdtm) in C:\Users\Jaco2701\Documents\Visual Studio Projects\Nat\Nat.api\Models\BR\DocumentMtxca.cs:line 540
13/11/2025 05:16:46==>Cotizacion Invalida
   at Applet.Nat.BR.DocumentMTXCA.GetCotizacion(String vivstrMoneda, DateTime vivdtm) in C:\Users\Jaco2701\Documents\Visual Studio Projects\Nat\Nat.api\Models\BR\DocumentMtxca.cs:line 566
   at Applet.Nat.Api.Controllers.MiscController.Statics() in C:\Users\Jaco2701\Documents\Visual Studio Projects\Nat\Nat.api\Controllers\MiscController.cs:line 65
13/11/2025 05:16:49==>No connection could be made because the target machine actively refused it. (wsfe-homo.arca.gob.ar:443)
   at System.Runtime.AsyncResult.End[TAsyncResult](IAsyncResult result)
   at System.ServiceModel.Channels.ServiceChannel.SendAsyncResult.End(SendAsyncResult result)
   at System.ServiceModel.Channels.ServiceChannel.EndCall(String action, Object[] outs, IAsyncResult result)
   at System.ServiceModel.Channels.ServiceChannelProxy.TaskCreator.<>c__DisplayClass1_0.<CreateGenericTask>b__0(IAsyncResult asyncResult)
--- End of stack trace from previous location ---
   at Applet.Nat.Api.Br.Models.DocumentExp.GetCotizacion(String vivstrMoneda, DateTime vivdtm) in C:\Users\Jaco2701\Documents\Visual Studio Projects\Nat\Nat.api\Models\BR\DocumentExp.cs:line 156
No connection could be made because the target machine actively refused it. (wsfe-homo.arca.gob.ar:443)
   at System.Net.Http.HttpConnectionPool.ConnectToTcpHostAsync(String host, Int32 port, HttpRequestMessage initialRequest, Boolean async, CancellationToken cancellationToken)
   at System.Net.Http.HttpConnectionPool.ConnectAsync(HttpRequestMessage request, Boolean async, CancellationToken cancellationToken)
   at System.Net.Http.HttpConnectionPool.CreateHttp11ConnectionAsync(HttpRequestMessage request, Boolean async, CancellationToken cancellationToken)
   at System.Net.Http.HttpConnectionPool.AddHttp11ConnectionAsync(QueueItem queueItem)
   at System.Threading.Tasks.TaskCompletionSourceWithCancellation`1.WaitWithCancellationAsync(CancellationToken cancellationToken)
   at System.Net.Http.HttpConnectionPool.SendWithVersionDetectionAndRetryAsync(HttpRequestMessage request, Boolean async, Boolean doRequestAuth, CancellationToken cancellationToken)
   at System.Net.Http.DiagnosticsHandler.SendAsyncCore(HttpRequestMessage request, Boolean async, CancellationToken cancellationToken)
   at System.Net.Http.RedirectHandler.SendAsync(HttpRequestMessage request, Boolean async, CancellationToken cancellationToken)
   at System.Net.Http.DecompressionHandler.SendAsync(HttpRequestMessage request, Boolean async, CancellationToken cancellationToken)
   at System.Net.Http.HttpClient.<SendAsync>g__Core|83_0(HttpRequestMessage request, HttpCompletionOption completionOption, CancellationTokenSource cts, Boolean disposeCts, CancellationTokenSource pendingRequestsCts, CancellationToken originalCancellationToken)
   at System.ServiceModel.Channels.HttpChannelFactory`1.HttpClientRequestChannel.HttpClientChannelAsyncRequest.SendRequestAsync(Message message, TimeoutHelper timeoutHelper)
No connection could be made because the target machine actively refused it.
   at System.Net.Sockets.Socket.AwaitableSocketAsyncEventArgs.ThrowException(SocketError error, CancellationToken cancellationToken)
   at System.Net.Sockets.Socket.AwaitableSocketAsyncEventArgs.System.Threading.Tasks.Sources.IValueTaskSource.GetResult(Int16 token)
   at System.Net.Sockets.Socket.<ConnectAsync>g__WaitForConnectWithCancellation|285_0(AwaitableSocketAsyncEventArgs saea, ValueTask connectTask, CancellationToken cancellationToken)
   at System.Net.Http.HttpConnectionPool.ConnectToTcpHostAsync(String host, Int32 port, HttpRequestMessage initialRequest, Boolean async, CancellationToken cancellationToken)
13/11/2025 05:16:49==>Cotizacion Invalida
   at Applet.Nat.Api.Br.Models.DocumentExp.GetCotizacion(String vivstrMoneda, DateTime vivdtm) in C:\Users\Jaco2701\Documents\Visual Studio Projects\Nat\Nat.api\Models\BR\DocumentExp.cs:line 175
   at Applet.Nat.Api.Controllers.MiscController.Statics() in C:\Users\Jaco2701\Documents\Visual Studio Projects\Nat\Nat.api\Controllers\MiscController.cs:line 45
13/11/2025 05:16:49==>Valor de Lista FORMAT:dtmwsmtxca no encontrado
   at Applet.Nat.Api.Static.ListHelper.GetValue(String vivcodType, String vivcodId, NatContext vioContext) in C:\Users\Jaco2701\Documents\Visual Studio Projects\Nat\Nat.api\Static\ListHelper.cs:line 26
   at Applet.Nat.Api.Models.Afip.AfipService.get_ivstrDateformat() in C:\Users\Jaco2701\Documents\Visual Studio Projects\Nat\Nat.api\Models\Afip\AfipService.cs:line 74
   at Applet.Nat.BR.DocumentMTXCA.GetCotizacion(String vivstrMoneda, DateTime vivdtm) in C:\Users\Jaco2701\Documents\Visual Studio Projects\Nat\Nat.api\Models\BR\DocumentMtxca.cs:line 540
13/11/2025 05:16:49==>Cotizacion Invalida
   at Applet.Nat.BR.DocumentMTXCA.GetCotizacion(String vivstrMoneda, DateTime vivdtm) in C:\Users\Jaco2701\Documents\Visual Studio Projects\Nat\Nat.api\Models\BR\DocumentMtxca.cs:line 566
   at Applet.Nat.Api.Controllers.MiscController.Statics() in C:\Users\Jaco2701\Documents\Visual Studio Projects\Nat\Nat.api\Controllers\MiscController.cs:line 65
13/11/2025 05:16:51==>No connection could be made because the target machine actively refused it. (wsfe-homo.arca.gob.ar:443)
   at System.Runtime.AsyncResult.End[TAsyncResult](IAsyncResult result)
   at System.ServiceModel.Channels.ServiceChannel.SendAsyncResult.End(SendAsyncResult result)
   at System.ServiceModel.Channels.ServiceChannel.EndCall(String action, Object[] outs, IAsyncResult result)
   at System.ServiceModel.Channels.ServiceChannelProxy.TaskCreator.<>c__DisplayClass1_0.<CreateGenericTask>b__0(IAsyncResult asyncResult)
--- End of stack trace from previous location ---
   at Applet.Nat.Api.Br.Models.DocumentExp.GetCotizacion(String vivstrMoneda, DateTime vivdtm) in C:\Users\Jaco2701\Documents\Visual Studio Projects\Nat\Nat.api\Models\BR\DocumentExp.cs:line 156
No connection could be made because the target machine actively refused it. (wsfe-homo.arca.gob.ar:443)
   at System.Net.Http.HttpConnectionPool.ConnectToTcpHostAsync(String host, Int32 port, HttpRequestMessage initialRequest, Boolean async, CancellationToken cancellationToken)
   at System.Net.Http.HttpConnectionPool.ConnectAsync(HttpRequestMessage request, Boolean async, CancellationToken cancellationToken)
   at System.Net.Http.HttpConnectionPool.CreateHttp11ConnectionAsync(HttpRequestMessage request, Boolean async, CancellationToken cancellationToken)
   at System.Net.Http.HttpConnectionPool.AddHttp11ConnectionAsync(QueueItem queueItem)
   at System.Threading.Tasks.TaskCompletionSourceWithCancellation`1.WaitWithCancellationAsync(CancellationToken cancellationToken)
   at System.Net.Http.HttpConnectionPool.SendWithVersionDetectionAndRetryAsync(HttpRequestMessage request, Boolean async, Boolean doRequestAuth, CancellationToken cancellationToken)
   at System.Net.Http.DiagnosticsHandler.SendAsyncCore(HttpRequestMessage request, Boolean async, CancellationToken cancellationToken)
   at System.Net.Http.RedirectHandler.SendAsync(HttpRequestMessage request, Boolean async, CancellationToken cancellationToken)
   at System.Net.Http.DecompressionHandler.SendAsync(HttpRequestMessage request, Boolean async, CancellationToken cancellationToken)
   at System.Net.Http.HttpClient.<SendAsync>g__Core|83_0(HttpRequestMessage request, HttpCompletionOption completionOption, CancellationTokenSource cts, Boolean disposeCts, CancellationTokenSource pendingRequestsCts, CancellationToken originalCancellationToken)
   at System.ServiceModel.Channels.HttpChannelFactory`1.HttpClientRequestChannel.HttpClientChannelAsyncRequest.SendRequestAsync(Message message, TimeoutHelper timeoutHelper)
No connection could be made because the target machine actively refused it.
   at System.Net.Sockets.Socket.AwaitableSocketAsyncEventArgs.ThrowException(SocketError error, CancellationToken cancellationToken)
   at System.Net.Sockets.Socket.AwaitableSocketAsyncEventArgs.System.Threading.Tasks.Sources.IValueTaskSource.GetResult(Int16 token)
   at System.Net.Sockets.Socket.<ConnectAsync>g__WaitForConnectWithCancellation|285_0(AwaitableSocketAsyncEventArgs saea, ValueTask connectTask, CancellationToken cancellationToken)
   at System.Net.Http.HttpConnectionPool.ConnectToTcpHostAsync(String host, Int32 port, HttpRequestMessage initialRequest, Boolean async, CancellationToken cancellationToken)
13/11/2025 05:16:51==>Cotizacion Invalida
   at Applet.Nat.Api.Br.Models.DocumentExp.GetCotizacion(String vivstrMoneda, DateTime vivdtm) in C:\Users\Jaco2701\Documents\Visual Studio Projects\Nat\Nat.api\Models\BR\DocumentExp.cs:line 175
   at Applet.Nat.Api.Controllers.MiscController.Statics() in C:\Users\Jaco2701\Documents\Visual Studio Projects\Nat\Nat.api\Controllers\MiscController.cs:line 45
13/11/2025 05:16:51==>Valor de Lista FORMAT:dtmwsmtxca no encontrado
   at Applet.Nat.Api.Static.ListHelper.GetValue(String vivcodType, String vivcodId, NatContext vioContext) in C:\Users\Jaco2701\Documents\Visual Studio Projects\Nat\Nat.api\Static\ListHelper.cs:line 26
   at Applet.Nat.Api.Models.Afip.AfipService.get_ivstrDateformat() in C:\Users\Jaco2701\Documents\Visual Studio Projects\Nat\Nat.api\Models\Afip\AfipService.cs:line 74
   at Applet.Nat.BR.DocumentMTXCA.GetCotizacion(String vivstrMoneda, DateTime vivdtm) in C:\Users\Jaco2701\Documents\Visual Studio Projects\Nat\Nat.api\Models\BR\DocumentMtxca.cs:line 540
13/11/2025 05:16:51==>Cotizacion Invalida
   at Applet.Nat.BR.DocumentMTXCA.GetCotizacion(String vivstrMoneda, DateTime vivdtm) in C:\Users\Jaco2701\Documents\Visual Studio Projects\Nat\Nat.api\Models\BR\DocumentMtxca.cs:line 566
   at Applet.Nat.Api.Controllers.MiscController.Statics() in C:\Users\Jaco2701\Documents\Visual Studio Projects\Nat\Nat.api\Controllers\MiscController.cs:line 65
13/11/2025 05:16:53==>No connection could be made because the target machine actively refused it. (wsfe-homo.arca.gob.ar:443)
   at System.Runtime.AsyncResult.End[TAsyncResult](IAsyncResult result)
   at System.ServiceModel.Channels.ServiceChannel.SendAsyncResult.End(SendAsyncResult result)
   at System.ServiceModel.Channels.ServiceChannel.EndCall(String action, Object[] outs, IAsyncResult result)
   at System.ServiceModel.Channels.ServiceChannelProxy.TaskCreator.<>c__DisplayClass1_0.<CreateGenericTask>b__0(IAsyncResult asyncResult)
--- End of stack trace from previous location ---
   at Applet.Nat.Api.Br.Models.DocumentExp.GetCotizacion(String vivstrMoneda, DateTime vivdtm) in C:\Users\Jaco2701\Documents\Visual Studio Projects\Nat\Nat.api\Models\BR\DocumentExp.cs:line 156
No connection could be made because the target machine actively refused it. (wsfe-homo.arca.gob.ar:443)
   at System.Net.Http.HttpConnectionPool.ConnectToTcpHostAsync(String host, Int32 port, HttpRequestMessage initialRequest, Boolean async, CancellationToken cancellationToken)
   at System.Net.Http.HttpConnectionPool.ConnectAsync(HttpRequestMessage request, Boolean async, CancellationToken cancellationToken)
   at System.Net.Http.HttpConnectionPool.CreateHttp11ConnectionAsync(HttpRequestMessage request, Boolean async, CancellationToken cancellationToken)
   at System.Net.Http.HttpConnectionPool.AddHttp11ConnectionAsync(QueueItem queueItem)
   at System.Threading.Tasks.TaskCompletionSourceWithCancellation`1.WaitWithCancellationAsync(CancellationToken cancellationToken)
   at System.Net.Http.HttpConnectionPool.SendWithVersionDetectionAndRetryAsync(HttpRequestMessage request, Boolean async, Boolean doRequestAuth, CancellationToken cancellationToken)
   at System.Net.Http.DiagnosticsHandler.SendAsyncCore(HttpRequestMessage request, Boolean async, CancellationToken cancellationToken)
   at System.Net.Http.RedirectHandler.SendAsync(HttpRequestMessage request, Boolean async, CancellationToken cancellationToken)
   at System.Net.Http.DecompressionHandler.SendAsync(HttpRequestMessage request, Boolean async, CancellationToken cancellationToken)
   at System.Net.Http.HttpClient.<SendAsync>g__Core|83_0(HttpRequestMessage request, HttpCompletionOption completionOption, CancellationTokenSource cts, Boolean disposeCts, CancellationTokenSource pendingRequestsCts, CancellationToken originalCancellationToken)
   at System.ServiceModel.Channels.HttpChannelFactory`1.HttpClientRequestChannel.HttpClientChannelAsyncRequest.SendRequestAsync(Message message, TimeoutHelper timeoutHelper)
No connection could be made because the target machine actively refused it.
   at System.Net.Sockets.Socket.AwaitableSocketAsyncEventArgs.ThrowException(SocketError error, CancellationToken cancellationToken)
   at System.Net.Sockets.Socket.AwaitableSocketAsyncEventArgs.System.Threading.Tasks.Sources.IValueTaskSource.GetResult(Int16 token)
   at System.Net.Sockets.Socket.<ConnectAsync>g__WaitForConnectWithCancellation|285_0(AwaitableSocketAsyncEventArgs saea, ValueTask connectTask, CancellationToken cancellationToken)
   at System.Net.Http.HttpConnectionPool.ConnectToTcpHostAsync(String host, Int32 port, HttpRequestMessage initialRequest, Boolean async, CancellationToken cancellationToken)
13/11/2025 05:16:53==>Cotizacion Invalida
   at Applet.Nat.Api.Br.Models.DocumentExp.GetCotizacion(String vivstrMoneda, DateTime vivdtm) in C:\Users\Jaco2701\Documents\Visual Studio Projects\Nat\Nat.api\Models\BR\DocumentExp.cs:line 175
   at Applet.Nat.Api.Controllers.MiscController.Statics() in C:\Users\Jaco2701\Documents\Visual Studio Projects\Nat\Nat.api\Controllers\MiscController.cs:line 45
13/11/2025 05:16:54==>Valor de Lista FORMAT:dtmwsmtxca no encontrado
   at Applet.Nat.Api.Static.ListHelper.GetValue(String vivcodType, String vivcodId, NatContext vioContext) in C:\Users\Jaco2701\Documents\Visual Studio Projects\Nat\Nat.api\Static\ListHelper.cs:line 26
   at Applet.Nat.Api.Models.Afip.AfipService.get_ivstrDateformat() in C:\Users\Jaco2701\Documents\Visual Studio Projects\Nat\Nat.api\Models\Afip\AfipService.cs:line 74
   at Applet.Nat.BR.DocumentMTXCA.GetCotizacion(String vivstrMoneda, DateTime vivdtm) in C:\Users\Jaco2701\Documents\Visual Studio Projects\Nat\Nat.api\Models\BR\DocumentMtxca.cs:line 540
13/11/2025 05:16:54==>Cotizacion Invalida
   at Applet.Nat.BR.DocumentMTXCA.GetCotizacion(String vivstrMoneda, DateTime vivdtm) in C:\Users\Jaco2701\Documents\Visual Studio Projects\Nat\Nat.api\Models\BR\DocumentMtxca.cs:line 566
   at Applet.Nat.Api.Controllers.MiscController.Statics() in C:\Users\Jaco2701\Documents\Visual Studio Projects\Nat\Nat.api\Controllers\MiscController.cs:line 65
13/11/2025 05:16:56==>No connection could be made because the target machine actively refused it. (wsfe-homo.arca.gob.ar:443)
   at System.Runtime.AsyncResult.End[TAsyncResult](IAsyncResult result)
   at System.ServiceModel.Channels.ServiceChannel.SendAsyncResult.End(SendAsyncResult result)
   at System.ServiceModel.Channels.ServiceChannel.EndCall(String action, Object[] outs, IAsyncResult result)
   at System.ServiceModel.Channels.ServiceChannelProxy.TaskCreator.<>c__DisplayClass1_0.<CreateGenericTask>b__0(IAsyncResult asyncResult)
--- End of stack trace from previous location ---
   at Applet.Nat.Api.Br.Models.DocumentExp.GetCotizacion(String vivstrMoneda, DateTime vivdtm) in C:\Users\Jaco2701\Documents\Visual Studio Projects\Nat\Nat.api\Models\BR\DocumentExp.cs:line 156
No connection could be made because the target machine actively refused it. (wsfe-homo.arca.gob.ar:443)
   at System.Net.Http.HttpConnectionPool.ConnectToTcpHostAsync(String host, Int32 port, HttpRequestMessage initialRequest, Boolean async, CancellationToken cancellationToken)
   at System.Net.Http.HttpConnectionPool.ConnectAsync(HttpRequestMessage request, Boolean async, CancellationToken cancellationToken)
   at System.Net.Http.HttpConnectionPool.CreateHttp11ConnectionAsync(HttpRequestMessage request, Boolean async, CancellationToken cancellationToken)
   at System.Net.Http.HttpConnectionPool.AddHttp11ConnectionAsync(QueueItem queueItem)
   at System.Threading.Tasks.TaskCompletionSourceWithCancellation`1.WaitWithCancellationAsync(CancellationToken cancellationToken)
   at System.Net.Http.HttpConnectionPool.SendWithVersionDetectionAndRetryAsync(HttpRequestMessage request, Boolean async, Boolean doRequestAuth, CancellationToken cancellationToken)
   at System.Net.Http.DiagnosticsHandler.SendAsyncCore(HttpRequestMessage request, Boolean async, CancellationToken cancellationToken)
   at System.Net.Http.RedirectHandler.SendAsync(HttpRequestMessage request, Boolean async, CancellationToken cancellationToken)
   at System.Net.Http.DecompressionHandler.SendAsync(HttpRequestMessage request, Boolean async, CancellationToken cancellationToken)
   at System.Net.Http.HttpClient.<SendAsync>g__Core|83_0(HttpRequestMessage request, HttpCompletionOption completionOption, CancellationTokenSource cts, Boolean disposeCts, CancellationTokenSource pendingRequestsCts, CancellationToken originalCancellationToken)
   at System.ServiceModel.Channels.HttpChannelFactory`1.HttpClientRequestChannel.HttpClientChannelAsyncRequest.SendRequestAsync(Message message, TimeoutHelper timeoutHelper)
No connection could be made because the target machine actively refused it.
   at System.Net.Sockets.Socket.AwaitableSocketAsyncEventArgs.ThrowException(SocketError error, CancellationToken cancellationToken)
   at System.Net.Sockets.Socket.AwaitableSocketAsyncEventArgs.System.Threading.Tasks.Sources.IValueTaskSource.GetResult(Int16 token)
   at System.Net.Sockets.Socket.<ConnectAsync>g__WaitForConnectWithCancellation|285_0(AwaitableSocketAsyncEventArgs saea, ValueTask connectTask, CancellationToken cancellationToken)
   at System.Net.Http.HttpConnectionPool.ConnectToTcpHostAsync(String host, Int32 port, HttpRequestMessage initialRequest, Boolean async, CancellationToken cancellationToken)
13/11/2025 05:16:56==>Cotizacion Invalida
   at Applet.Nat.Api.Br.Models.DocumentExp.GetCotizacion(String vivstrMoneda, DateTime vivdtm) in C:\Users\Jaco2701\Documents\Visual Studio Projects\Nat\Nat.api\Models\BR\DocumentExp.cs:line 175
   at Applet.Nat.Api.Controllers.MiscController.Statics() in C:\Users\Jaco2701\Documents\Visual Studio Projects\Nat\Nat.api\Controllers\MiscController.cs:line 45
13/11/2025 05:16:56==>Valor de Lista FORMAT:dtmwsmtxca no encontrado
   at Applet.Nat.Api.Static.ListHelper.GetValue(String vivcodType, String vivcodId, NatContext vioContext) in C:\Users\Jaco2701\Documents\Visual Studio Projects\Nat\Nat.api\Static\ListHelper.cs:line 26
   at Applet.Nat.Api.Models.Afip.AfipService.get_ivstrDateformat() in C:\Users\Jaco2701\Documents\Visual Studio Projects\Nat\Nat.api\Models\Afip\AfipService.cs:line 74
   at Applet.Nat.BR.DocumentMTXCA.GetCotizacion(String vivstrMoneda, DateTime vivdtm) in C:\Users\Jaco2701\Documents\Visual Studio Projects\Nat\Nat.api\Models\BR\DocumentMtxca.cs:line 540
13/11/2025 05:16:56==>Cotizacion Invalida
   at Applet.Nat.BR.DocumentMTXCA.GetCotizacion(String vivstrMoneda, DateTime vivdtm) in C:\Users\Jaco2701\Documents\Visual Studio Projects\Nat\Nat.api\Models\BR\DocumentMtxca.cs:line 566
   at Applet.Nat.Api.Controllers.MiscController.Statics() in C:\Users\Jaco2701\Documents\Visual Studio Projects\Nat\Nat.api\Controllers\MiscController.cs:line 65
13/11/2025 05:21:06==>No connection could be made because the target machine actively refused it. (wsfe-homo.arca.gob.ar:443)
   at System.Runtime.AsyncResult.End[TAsyncResult](IAsyncResult result)
   at System.ServiceModel.Channels.ServiceChannel.SendAsyncResult.End(SendAsyncResult result)
   at System.ServiceModel.Channels.ServiceChannel.EndCall(String action, Object[] outs, IAsyncResult result)
   at System.ServiceModel.Channels.ServiceChannelProxy.TaskCreator.<>c__DisplayClass1_0.<CreateGenericTask>b__0(IAsyncResult asyncResult)
--- End of stack trace from previous location ---
   at Applet.Nat.Api.Br.Models.DocumentExp.GetCotizacion(String vivstrMoneda, DateTime vivdtm) in C:\Users\Jaco2701\Documents\Visual Studio Projects\Nat\Nat.api\Models\BR\DocumentExp.cs:line 156
No connection could be made because the target machine actively refused it. (wsfe-homo.arca.gob.ar:443)
   at System.Net.Http.HttpConnectionPool.ConnectToTcpHostAsync(String host, Int32 port, HttpRequestMessage initialRequest, Boolean async, CancellationToken cancellationToken)
   at System.Net.Http.HttpConnectionPool.ConnectAsync(HttpRequestMessage request, Boolean async, CancellationToken cancellationToken)
   at System.Net.Http.HttpConnectionPool.CreateHttp11ConnectionAsync(HttpRequestMessage request, Boolean async, CancellationToken cancellationToken)
   at System.Net.Http.HttpConnectionPool.AddHttp11ConnectionAsync(QueueItem queueItem)
   at System.Threading.Tasks.TaskCompletionSourceWithCancellation`1.WaitWithCancellationAsync(CancellationToken cancellationToken)
   at System.Net.Http.HttpConnectionPool.SendWithVersionDetectionAndRetryAsync(HttpRequestMessage request, Boolean async, Boolean doRequestAuth, CancellationToken cancellationToken)
   at System.Net.Http.DiagnosticsHandler.SendAsyncCore(HttpRequestMessage request, Boolean async, CancellationToken cancellationToken)
   at System.Net.Http.RedirectHandler.SendAsync(HttpRequestMessage request, Boolean async, CancellationToken cancellationToken)
   at System.Net.Http.DecompressionHandler.SendAsync(HttpRequestMessage request, Boolean async, CancellationToken cancellationToken)
   at System.Net.Http.HttpClient.<SendAsync>g__Core|83_0(HttpRequestMessage request, HttpCompletionOption completionOption, CancellationTokenSource cts, Boolean disposeCts, CancellationTokenSource pendingRequestsCts, CancellationToken originalCancellationToken)
   at System.ServiceModel.Channels.HttpChannelFactory`1.HttpClientRequestChannel.HttpClientChannelAsyncRequest.SendRequestAsync(Message message, TimeoutHelper timeoutHelper)
No connection could be made because the target machine actively refused it.
   at System.Net.Sockets.Socket.AwaitableSocketAsyncEventArgs.ThrowException(SocketError error, CancellationToken cancellationToken)
   at System.Net.Sockets.Socket.AwaitableSocketAsyncEventArgs.System.Threading.Tasks.Sources.IValueTaskSource.GetResult(Int16 token)
   at System.Net.Sockets.Socket.<ConnectAsync>g__WaitForConnectWithCancellation|285_0(AwaitableSocketAsyncEventArgs saea, ValueTask connectTask, CancellationToken cancellationToken)
   at System.Net.Http.HttpConnectionPool.ConnectToTcpHostAsync(String host, Int32 port, HttpRequestMessage initialRequest, Boolean async, CancellationToken cancellationToken)
13/11/2025 05:21:06==>Cotizacion Invalida
   at Applet.Nat.Api.Br.Models.DocumentExp.GetCotizacion(String vivstrMoneda, DateTime vivdtm) in C:\Users\Jaco2701\Documents\Visual Studio Projects\Nat\Nat.api\Models\BR\DocumentExp.cs:line 175
   at Applet.Nat.Api.Controllers.MiscController.Statics() in C:\Users\Jaco2701\Documents\Visual Studio Projects\Nat\Nat.api\Controllers\MiscController.cs:line 45
13/11/2025 05:21:06==>Valor de Lista FORMAT:dtmwsmtxca no encontrado
   at Applet.Nat.Api.Static.ListHelper.GetValue(String vivcodType, String vivcodId, NatContext vioContext) in C:\Users\Jaco2701\Documents\Visual Studio Projects\Nat\Nat.api\Static\ListHelper.cs:line 26
   at Applet.Nat.Api.Models.Afip.AfipService.get_ivstrDateformat() in C:\Users\Jaco2701\Documents\Visual Studio Projects\Nat\Nat.api\Models\Afip\AfipService.cs:line 74
   at Applet.Nat.BR.DocumentMTXCA.GetCotizacion(String vivstrMoneda, DateTime vivdtm) in C:\Users\Jaco2701\Documents\Visual Studio Projects\Nat\Nat.api\Models\BR\DocumentMtxca.cs:line 540
13/11/2025 05:21:06==>Cotizacion Invalida
   at Applet.Nat.BR.DocumentMTXCA.GetCotizacion(String vivstrMoneda, DateTime vivdtm) in C:\Users\Jaco2701\Documents\Visual Studio Projects\Nat\Nat.api\Models\BR\DocumentMtxca.cs:line 566
   at Applet.Nat.Api.Controllers.MiscController.Statics() in C:\Users\Jaco2701\Documents\Visual Studio Projects\Nat\Nat.api\Controllers\MiscController.cs:line 65
13/11/2025 05:21:08==>No connection could be made because the target machine actively refused it. (wsfe-homo.arca.gob.ar:443)
   at System.Runtime.AsyncResult.End[TAsyncResult](IAsyncResult result)
   at System.ServiceModel.Channels.ServiceChannel.SendAsyncResult.End(SendAsyncResult result)
   at System.ServiceModel.Channels.ServiceChannel.EndCall(String action, Object[] outs, IAsyncResult result)
   at System.ServiceModel.Channels.ServiceChannelProxy.TaskCreator.<>c__DisplayClass1_0.<CreateGenericTask>b__0(IAsyncResult asyncResult)
--- End of stack trace from previous location ---
   at Applet.Nat.Api.Br.Models.DocumentExp.GetCotizacion(String vivstrMoneda, DateTime vivdtm) in C:\Users\Jaco2701\Documents\Visual Studio Projects\Nat\Nat.api\Models\BR\DocumentExp.cs:line 156
No connection could be made because the target machine actively refused it. (wsfe-homo.arca.gob.ar:443)
   at System.Net.Http.HttpConnectionPool.ConnectToTcpHostAsync(String host, Int32 port, HttpRequestMessage initialRequest, Boolean async, CancellationToken cancellationToken)
   at System.Net.Http.HttpConnectionPool.ConnectAsync(HttpRequestMessage request, Boolean async, CancellationToken cancellationToken)
   at System.Net.Http.HttpConnectionPool.CreateHttp11ConnectionAsync(HttpRequestMessage request, Boolean async, CancellationToken cancellationToken)
   at System.Net.Http.HttpConnectionPool.AddHttp11ConnectionAsync(QueueItem queueItem)
   at System.Threading.Tasks.TaskCompletionSourceWithCancellation`1.WaitWithCancellationAsync(CancellationToken cancellationToken)
   at System.Net.Http.HttpConnectionPool.SendWithVersionDetectionAndRetryAsync(HttpRequestMessage request, Boolean async, Boolean doRequestAuth, CancellationToken cancellationToken)
   at System.Net.Http.DiagnosticsHandler.SendAsyncCore(HttpRequestMessage request, Boolean async, CancellationToken cancellationToken)
   at System.Net.Http.RedirectHandler.SendAsync(HttpRequestMessage request, Boolean async, CancellationToken cancellationToken)
   at System.Net.Http.DecompressionHandler.SendAsync(HttpRequestMessage request, Boolean async, CancellationToken cancellationToken)
   at System.Net.Http.HttpClient.<SendAsync>g__Core|83_0(HttpRequestMessage request, HttpCompletionOption completionOption, CancellationTokenSource cts, Boolean disposeCts, CancellationTokenSource pendingRequestsCts, CancellationToken originalCancellationToken)
   at System.ServiceModel.Channels.HttpChannelFactory`1.HttpClientRequestChannel.HttpClientChannelAsyncRequest.SendRequestAsync(Message message, TimeoutHelper timeoutHelper)
No connection could be made because the target machine actively refused it.
   at System.Net.Sockets.Socket.AwaitableSocketAsyncEventArgs.ThrowException(SocketError error, CancellationToken cancellationToken)
   at System.Net.Sockets.Socket.AwaitableSocketAsyncEventArgs.System.Threading.Tasks.Sources.IValueTaskSource.GetResult(Int16 token)
   at System.Net.Sockets.Socket.<ConnectAsync>g__WaitForConnectWithCancellation|285_0(AwaitableSocketAsyncEventArgs saea, ValueTask connectTask, CancellationToken cancellationToken)
   at System.Net.Http.HttpConnectionPool.ConnectToTcpHostAsync(String host, Int32 port, HttpRequestMessage initialRequest, Boolean async, CancellationToken cancellationToken)
13/11/2025 05:21:08==>Cotizacion Invalida
   at Applet.Nat.Api.Br.Models.DocumentExp.GetCotizacion(String vivstrMoneda, DateTime vivdtm) in C:\Users\Jaco2701\Documents\Visual Studio Projects\Nat\Nat.api\Models\BR\DocumentExp.cs:line 175
   at Applet.Nat.Api.Controllers.MiscController.Statics() in C:\Users\Jaco2701\Documents\Visual Studio Projects\Nat\Nat.api\Controllers\MiscController.cs:line 45
13/11/2025 05:21:08==>Valor de Lista FORMAT:dtmwsmtxca no encontrado
   at Applet.Nat.Api.Static.ListHelper.GetValue(String vivcodType, String vivcodId, NatContext vioContext) in C:\Users\Jaco2701\Documents\Visual Studio Projects\Nat\Nat.api\Static\ListHelper.cs:line 26
   at Applet.Nat.Api.Models.Afip.AfipService.get_ivstrDateformat() in C:\Users\Jaco2701\Documents\Visual Studio Projects\Nat\Nat.api\Models\Afip\AfipService.cs:line 74
   at Applet.Nat.BR.DocumentMTXCA.GetCotizacion(String vivstrMoneda, DateTime vivdtm) in C:\Users\Jaco2701\Documents\Visual Studio Projects\Nat\Nat.api\Models\BR\DocumentMtxca.cs:line 540
13/11/2025 05:21:08==>Cotizacion Invalida
   at Applet.Nat.BR.DocumentMTXCA.GetCotizacion(String vivstrMoneda, DateTime vivdtm) in C:\Users\Jaco2701\Documents\Visual Studio Projects\Nat\Nat.api\Models\BR\DocumentMtxca.cs:line 566
   at Applet.Nat.Api.Controllers.MiscController.Statics() in C:\Users\Jaco2701\Documents\Visual Studio Projects\Nat\Nat.api\Controllers\MiscController.cs:line 65
13/11/2025 05:21:11==>No connection could be made because the target machine actively refused it. (wsfe-homo.arca.gob.ar:443)
   at System.Runtime.AsyncResult.End[TAsyncResult](IAsyncResult result)
   at System.ServiceModel.Channels.ServiceChannel.SendAsyncResult.End(SendAsyncResult result)
   at System.ServiceModel.Channels.ServiceChannel.EndCall(String action, Object[] outs, IAsyncResult result)
   at System.ServiceModel.Channels.ServiceChannelProxy.TaskCreator.<>c__DisplayClass1_0.<CreateGenericTask>b__0(IAsyncResult asyncResult)
--- End of stack trace from previous location ---
   at Applet.Nat.Api.Br.Models.DocumentExp.GetCotizacion(String vivstrMoneda, DateTime vivdtm) in C:\Users\Jaco2701\Documents\Visual Studio Projects\Nat\Nat.api\Models\BR\DocumentExp.cs:line 156
No connection could be made because the target machine actively refused it. (wsfe-homo.arca.gob.ar:443)
   at System.Net.Http.HttpConnectionPool.ConnectToTcpHostAsync(String host, Int32 port, HttpRequestMessage initialRequest, Boolean async, CancellationToken cancellationToken)
   at System.Net.Http.HttpConnectionPool.ConnectAsync(HttpRequestMessage request, Boolean async, CancellationToken cancellationToken)
   at System.Net.Http.HttpConnectionPool.CreateHttp11ConnectionAsync(HttpRequestMessage request, Boolean async, CancellationToken cancellationToken)
   at System.Net.Http.HttpConnectionPool.AddHttp11ConnectionAsync(QueueItem queueItem)
   at System.Threading.Tasks.TaskCompletionSourceWithCancellation`1.WaitWithCancellationAsync(CancellationToken cancellationToken)
   at System.Net.Http.HttpConnectionPool.SendWithVersionDetectionAndRetryAsync(HttpRequestMessage request, Boolean async, Boolean doRequestAuth, CancellationToken cancellationToken)
   at System.Net.Http.DiagnosticsHandler.SendAsyncCore(HttpRequestMessage request, Boolean async, CancellationToken cancellationToken)
   at System.Net.Http.RedirectHandler.SendAsync(HttpRequestMessage request, Boolean async, CancellationToken cancellationToken)
   at System.Net.Http.DecompressionHandler.SendAsync(HttpRequestMessage request, Boolean async, CancellationToken cancellationToken)
   at System.Net.Http.HttpClient.<SendAsync>g__Core|83_0(HttpRequestMessage request, HttpCompletionOption completionOption, CancellationTokenSource cts, Boolean disposeCts, CancellationTokenSource pendingRequestsCts, CancellationToken originalCancellationToken)
   at System.ServiceModel.Channels.HttpChannelFactory`1.HttpClientRequestChannel.HttpClientChannelAsyncRequest.SendRequestAsync(Message message, TimeoutHelper timeoutHelper)
No connection could be made because the target machine actively refused it.
   at System.Net.Sockets.Socket.AwaitableSocketAsyncEventArgs.ThrowException(SocketError error, CancellationToken cancellationToken)
   at System.Net.Sockets.Socket.AwaitableSocketAsyncEventArgs.System.Threading.Tasks.Sources.IValueTaskSource.GetResult(Int16 token)
   at System.Net.Sockets.Socket.<ConnectAsync>g__WaitForConnectWithCancellation|285_0(AwaitableSocketAsyncEventArgs saea, ValueTask connectTask, CancellationToken cancellationToken)
   at System.Net.Http.HttpConnectionPool.ConnectToTcpHostAsync(String host, Int32 port, HttpRequestMessage initialRequest, Boolean async, CancellationToken cancellationToken)
13/11/2025 05:21:11==>Cotizacion Invalida
   at Applet.Nat.Api.Br.Models.DocumentExp.GetCotizacion(String vivstrMoneda, DateTime vivdtm) in C:\Users\Jaco2701\Documents\Visual Studio Projects\Nat\Nat.api\Models\BR\DocumentExp.cs:line 175
   at Applet.Nat.Api.Controllers.MiscController.Statics() in C:\Users\Jaco2701\Documents\Visual Studio Projects\Nat\Nat.api\Controllers\MiscController.cs:line 45
13/11/2025 05:21:11==>Valor de Lista FORMAT:dtmwsmtxca no encontrado
   at Applet.Nat.Api.Static.ListHelper.GetValue(String vivcodType, String vivcodId, NatContext vioContext) in C:\Users\Jaco2701\Documents\Visual Studio Projects\Nat\Nat.api\Static\ListHelper.cs:line 26
   at Applet.Nat.Api.Models.Afip.AfipService.get_ivstrDateformat() in C:\Users\Jaco2701\Documents\Visual Studio Projects\Nat\Nat.api\Models\Afip\AfipService.cs:line 74
   at Applet.Nat.BR.DocumentMTXCA.GetCotizacion(String vivstrMoneda, DateTime vivdtm) in C:\Users\Jaco2701\Documents\Visual Studio Projects\Nat\Nat.api\Models\BR\DocumentMtxca.cs:line 540
13/11/2025 05:21:11==>Cotizacion Invalida
   at Applet.Nat.BR.DocumentMTXCA.GetCotizacion(String vivstrMoneda, DateTime vivdtm) in C:\Users\Jaco2701\Documents\Visual Studio Projects\Nat\Nat.api\Models\BR\DocumentMtxca.cs:line 566
   at Applet.Nat.Api.Controllers.MiscController.Statics() in C:\Users\Jaco2701\Documents\Visual Studio Projects\Nat\Nat.api\Controllers\MiscController.cs:line 65
13/11/2025 05:21:21==>No connection could be made because the target machine actively refused it. (wsfe-homo.arca.gob.ar:443)
   at System.Runtime.AsyncResult.End[TAsyncResult](IAsyncResult result)
   at System.ServiceModel.Channels.ServiceChannel.SendAsyncResult.End(SendAsyncResult result)
   at System.ServiceModel.Channels.ServiceChannel.EndCall(String action, Object[] outs, IAsyncResult result)
   at System.ServiceModel.Channels.ServiceChannelProxy.TaskCreator.<>c__DisplayClass1_0.<CreateGenericTask>b__0(IAsyncResult asyncResult)
--- End of stack trace from previous location ---
   at Applet.Nat.Api.Br.Models.DocumentExp.GetCotizacion(String vivstrMoneda, DateTime vivdtm) in C:\Users\Jaco2701\Documents\Visual Studio Projects\Nat\Nat.api\Models\BR\DocumentExp.cs:line 156
No connection could be made because the target machine actively refused it. (wsfe-homo.arca.gob.ar:443)
   at System.Net.Http.HttpConnectionPool.ConnectToTcpHostAsync(String host, Int32 port, HttpRequestMessage initialRequest, Boolean async, CancellationToken cancellationToken)
   at System.Net.Http.HttpConnectionPool.ConnectAsync(HttpRequestMessage request, Boolean async, CancellationToken cancellationToken)
   at System.Net.Http.HttpConnectionPool.CreateHttp11ConnectionAsync(HttpRequestMessage request, Boolean async, CancellationToken cancellationToken)
   at System.Net.Http.HttpConnectionPool.AddHttp11ConnectionAsync(QueueItem queueItem)
   at System.Threading.Tasks.TaskCompletionSourceWithCancellation`1.WaitWithCancellationAsync(CancellationToken cancellationToken)
   at System.Net.Http.HttpConnectionPool.SendWithVersionDetectionAndRetryAsync(HttpRequestMessage request, Boolean async, Boolean doRequestAuth, CancellationToken cancellationToken)
   at System.Net.Http.DiagnosticsHandler.SendAsyncCore(HttpRequestMessage request, Boolean async, CancellationToken cancellationToken)
   at System.Net.Http.RedirectHandler.SendAsync(HttpRequestMessage request, Boolean async, CancellationToken cancellationToken)
   at System.Net.Http.DecompressionHandler.SendAsync(HttpRequestMessage request, Boolean async, CancellationToken cancellationToken)
   at System.Net.Http.HttpClient.<SendAsync>g__Core|83_0(HttpRequestMessage request, HttpCompletionOption completionOption, CancellationTokenSource cts, Boolean disposeCts, CancellationTokenSource pendingRequestsCts, CancellationToken originalCancellationToken)
   at System.ServiceModel.Channels.HttpChannelFactory`1.HttpClientRequestChannel.HttpClientChannelAsyncRequest.SendRequestAsync(Message message, TimeoutHelper timeoutHelper)
No connection could be made because the target machine actively refused it.
   at System.Net.Sockets.Socket.AwaitableSocketAsyncEventArgs.ThrowException(SocketError error, CancellationToken cancellationToken)
   at System.Net.Sockets.Socket.AwaitableSocketAsyncEventArgs.System.Threading.Tasks.Sources.IValueTaskSource.GetResult(Int16 token)
   at System.Net.Sockets.Socket.<ConnectAsync>g__WaitForConnectWithCancellation|285_0(AwaitableSocketAsyncEventArgs saea, ValueTask connectTask, CancellationToken cancellationToken)
   at System.Net.Http.HttpConnectionPool.ConnectToTcpHostAsync(String host, Int32 port, HttpRequestMessage initialRequest, Boolean async, CancellationToken cancellationToken)
13/11/2025 05:21:21==>Cotizacion Invalida
   at Applet.Nat.Api.Br.Models.DocumentExp.GetCotizacion(String vivstrMoneda, DateTime vivdtm) in C:\Users\Jaco2701\Documents\Visual Studio Projects\Nat\Nat.api\Models\BR\DocumentExp.cs:line 175
   at Applet.Nat.Api.Controllers.MiscController.Statics() in C:\Users\Jaco2701\Documents\Visual Studio Projects\Nat\Nat.api\Controllers\MiscController.cs:line 45
13/11/2025 05:21:21==>Valor de Lista FORMAT:dtmwsmtxca no encontrado
   at Applet.Nat.Api.Static.ListHelper.GetValue(String vivcodType, String vivcodId, NatContext vioContext) in C:\Users\Jaco2701\Documents\Visual Studio Projects\Nat\Nat.api\Static\ListHelper.cs:line 26
   at Applet.Nat.Api.Models.Afip.AfipService.get_ivstrDateformat() in C:\Users\Jaco2701\Documents\Visual Studio Projects\Nat\Nat.api\Models\Afip\AfipService.cs:line 74
   at Applet.Nat.BR.DocumentMTXCA.GetCotizacion(String vivstrMoneda, DateTime vivdtm) in C:\Users\Jaco2701\Documents\Visual Studio Projects\Nat\Nat.api\Models\BR\DocumentMtxca.cs:line 540
13/11/2025 05:21:21==>Cotizacion Invalida
   at Applet.Nat.BR.DocumentMTXCA.GetCotizacion(String vivstrMoneda, DateTime vivdtm) in C:\Users\Jaco2701\Documents\Visual Studio Projects\Nat\Nat.api\Models\BR\DocumentMtxca.cs:line 566
   at Applet.Nat.Api.Controllers.MiscController.Statics() in C:\Users\Jaco2701\Documents\Visual Studio Projects\Nat\Nat.api\Controllers\MiscController.cs:line 65
13/11/2025 05:21:23==>No connection could be made because the target machine actively refused it. (wsfe-homo.arca.gob.ar:443)
   at System.Runtime.AsyncResult.End[TAsyncResult](IAsyncResult result)
   at System.ServiceModel.Channels.ServiceChannel.SendAsyncResult.End(SendAsyncResult result)
   at System.ServiceModel.Channels.ServiceChannel.EndCall(String action, Object[] outs, IAsyncResult result)
   at System.ServiceModel.Channels.ServiceChannelProxy.TaskCreator.<>c__DisplayClass1_0.<CreateGenericTask>b__0(IAsyncResult asyncResult)
--- End of stack trace from previous location ---
   at Applet.Nat.Api.Br.Models.DocumentExp.GetCotizacion(String vivstrMoneda, DateTime vivdtm) in C:\Users\Jaco2701\Documents\Visual Studio Projects\Nat\Nat.api\Models\BR\DocumentExp.cs:line 156
No connection could be made because the target machine actively refused it. (wsfe-homo.arca.gob.ar:443)
   at System.Net.Http.HttpConnectionPool.ConnectToTcpHostAsync(String host, Int32 port, HttpRequestMessage initialRequest, Boolean async, CancellationToken cancellationToken)
   at System.Net.Http.HttpConnectionPool.ConnectAsync(HttpRequestMessage request, Boolean async, CancellationToken cancellationToken)
   at System.Net.Http.HttpConnectionPool.CreateHttp11ConnectionAsync(HttpRequestMessage request, Boolean async, CancellationToken cancellationToken)
   at System.Net.Http.HttpConnectionPool.AddHttp11ConnectionAsync(QueueItem queueItem)
   at System.Threading.Tasks.TaskCompletionSourceWithCancellation`1.WaitWithCancellationAsync(CancellationToken cancellationToken)
   at System.Net.Http.HttpConnectionPool.SendWithVersionDetectionAndRetryAsync(HttpRequestMessage request, Boolean async, Boolean doRequestAuth, CancellationToken cancellationToken)
   at System.Net.Http.DiagnosticsHandler.SendAsyncCore(HttpRequestMessage request, Boolean async, CancellationToken cancellationToken)
   at System.Net.Http.RedirectHandler.SendAsync(HttpRequestMessage request, Boolean async, CancellationToken cancellationToken)
   at System.Net.Http.DecompressionHandler.SendAsync(HttpRequestMessage request, Boolean async, CancellationToken cancellationToken)
   at System.Net.Http.HttpClient.<SendAsync>g__Core|83_0(HttpRequestMessage request, HttpCompletionOption completionOption, CancellationTokenSource cts, Boolean disposeCts, CancellationTokenSource pendingRequestsCts, CancellationToken originalCancellationToken)
   at System.ServiceModel.Channels.HttpChannelFactory`1.HttpClientRequestChannel.HttpClientChannelAsyncRequest.SendRequestAsync(Message message, TimeoutHelper timeoutHelper)
No connection could be made because the target machine actively refused it.
   at System.Net.Sockets.Socket.AwaitableSocketAsyncEventArgs.ThrowException(SocketError error, CancellationToken cancellationToken)
   at System.Net.Sockets.Socket.AwaitableSocketAsyncEventArgs.System.Threading.Tasks.Sources.IValueTaskSource.GetResult(Int16 token)
   at System.Net.Sockets.Socket.<ConnectAsync>g__WaitForConnectWithCancellation|285_0(AwaitableSocketAsyncEventArgs saea, ValueTask connectTask, CancellationToken cancellationToken)
   at System.Net.Http.HttpConnectionPool.ConnectToTcpHostAsync(String host, Int32 port, HttpRequestMessage initialRequest, Boolean async, CancellationToken cancellationToken)
13/11/2025 05:21:23==>Cotizacion Invalida
   at Applet.Nat.Api.Br.Models.DocumentExp.GetCotizacion(String vivstrMoneda, DateTime vivdtm) in C:\Users\Jaco2701\Documents\Visual Studio Projects\Nat\Nat.api\Models\BR\DocumentExp.cs:line 175
   at Applet.Nat.Api.Controllers.MiscController.Statics() in C:\Users\Jaco2701\Documents\Visual Studio Projects\Nat\Nat.api\Controllers\MiscController.cs:line 45
13/11/2025 05:21:23==>Valor de Lista FORMAT:dtmwsmtxca no encontrado
   at Applet.Nat.Api.Static.ListHelper.GetValue(String vivcodType, String vivcodId, NatContext vioContext) in C:\Users\Jaco2701\Documents\Visual Studio Projects\Nat\Nat.api\Static\ListHelper.cs:line 26
   at Applet.Nat.Api.Models.Afip.AfipService.get_ivstrDateformat() in C:\Users\Jaco2701\Documents\Visual Studio Projects\Nat\Nat.api\Models\Afip\AfipService.cs:line 74
   at Applet.Nat.BR.DocumentMTXCA.GetCotizacion(String vivstrMoneda, DateTime vivdtm) in C:\Users\Jaco2701\Documents\Visual Studio Projects\Nat\Nat.api\Models\BR\DocumentMtxca.cs:line 540
13/11/2025 05:21:23==>Cotizacion Invalida
   at Applet.Nat.BR.DocumentMTXCA.GetCotizacion(String vivstrMoneda, DateTime vivdtm) in C:\Users\Jaco2701\Documents\Visual Studio Projects\Nat\Nat.api\Models\BR\DocumentMtxca.cs:line 566
   at Applet.Nat.Api.Controllers.MiscController.Statics() in C:\Users\Jaco2701\Documents\Visual Studio Projects\Nat\Nat.api\Controllers\MiscController.cs:line 65
13/11/2025 05:22:49==>No connection could be made because the target machine actively refused it. (wsfe-homo.arca.gob.ar:443)
   at System.Runtime.AsyncResult.End[TAsyncResult](IAsyncResult result)
   at System.ServiceModel.Channels.ServiceChannel.SendAsyncResult.End(SendAsyncResult result)
   at System.ServiceModel.Channels.ServiceChannel.EndCall(String action, Object[] outs, IAsyncResult result)
   at System.ServiceModel.Channels.ServiceChannelProxy.TaskCreator.<>c__DisplayClass1_0.<CreateGenericTask>b__0(IAsyncResult asyncResult)
--- End of stack trace from previous location ---
   at Applet.Nat.Api.Br.Models.DocumentExp.GetCotizacion(String vivstrMoneda, DateTime vivdtm) in C:\Users\Jaco2701\Documents\Visual Studio Projects\Nat\Nat.api\Models\BR\DocumentExp.cs:line 156
No connection could be made because the target machine actively refused it. (wsfe-homo.arca.gob.ar:443)
   at System.Net.Http.HttpConnectionPool.ConnectToTcpHostAsync(String host, Int32 port, HttpRequestMessage initialRequest, Boolean async, CancellationToken cancellationToken)
   at System.Net.Http.HttpConnectionPool.ConnectAsync(HttpRequestMessage request, Boolean async, CancellationToken cancellationToken)
   at System.Net.Http.HttpConnectionPool.CreateHttp11ConnectionAsync(HttpRequestMessage request, Boolean async, CancellationToken cancellationToken)
   at System.Net.Http.HttpConnectionPool.AddHttp11ConnectionAsync(QueueItem queueItem)
   at System.Threading.Tasks.TaskCompletionSourceWithCancellation`1.WaitWithCancellationAsync(CancellationToken cancellationToken)
   at System.Net.Http.HttpConnectionPool.SendWithVersionDetectionAndRetryAsync(HttpRequestMessage request, Boolean async, Boolean doRequestAuth, CancellationToken cancellationToken)
   at System.Net.Http.DiagnosticsHandler.SendAsyncCore(HttpRequestMessage request, Boolean async, CancellationToken cancellationToken)
   at System.Net.Http.RedirectHandler.SendAsync(HttpRequestMessage request, Boolean async, CancellationToken cancellationToken)
   at System.Net.Http.DecompressionHandler.SendAsync(HttpRequestMessage request, Boolean async, CancellationToken cancellationToken)
   at System.Net.Http.HttpClient.<SendAsync>g__Core|83_0(HttpRequestMessage request, HttpCompletionOption completionOption, CancellationTokenSource cts, Boolean disposeCts, CancellationTokenSource pendingRequestsCts, CancellationToken originalCancellationToken)
   at System.ServiceModel.Channels.HttpChannelFactory`1.HttpClientRequestChannel.HttpClientChannelAsyncRequest.SendRequestAsync(Message message, TimeoutHelper timeoutHelper)
No connection could be made because the target machine actively refused it.
   at System.Net.Sockets.Socket.AwaitableSocketAsyncEventArgs.ThrowException(SocketError error, CancellationToken cancellationToken)
   at System.Net.Sockets.Socket.AwaitableSocketAsyncEventArgs.System.Threading.Tasks.Sources.IValueTaskSource.GetResult(Int16 token)
   at System.Net.Sockets.Socket.<ConnectAsync>g__WaitForConnectWithCancellation|285_0(AwaitableSocketAsyncEventArgs saea, ValueTask connectTask, CancellationToken cancellationToken)
   at System.Net.Http.HttpConnectionPool.ConnectToTcpHostAsync(String host, Int32 port, HttpRequestMessage initialRequest, Boolean async, CancellationToken cancellationToken)
13/11/2025 05:22:49==>Cotizacion Invalida
   at Applet.Nat.Api.Br.Models.DocumentExp.GetCotizacion(String vivstrMoneda, DateTime vivdtm) in C:\Users\Jaco2701\Documents\Visual Studio Projects\Nat\Nat.api\Models\BR\DocumentExp.cs:line 175
   at Applet.Nat.Api.Controllers.MiscController.Statics() in C:\Users\Jaco2701\Documents\Visual Studio Projects\Nat\Nat.api\Controllers\MiscController.cs:line 45
13/11/2025 05:22:49==>Valor de Lista FORMAT:dtmwsmtxca no encontrado
   at Applet.Nat.Api.Static.ListHelper.GetValue(String vivcodType, String vivcodId, NatContext vioContext) in C:\Users\Jaco2701\Documents\Visual Studio Projects\Nat\Nat.api\Static\ListHelper.cs:line 26
   at Applet.Nat.Api.Models.Afip.AfipService.get_ivstrDateformat() in C:\Users\Jaco2701\Documents\Visual Studio Projects\Nat\Nat.api\Models\Afip\AfipService.cs:line 74
   at Applet.Nat.BR.DocumentMTXCA.GetCotizacion(String vivstrMoneda, DateTime vivdtm) in C:\Users\Jaco2701\Documents\Visual Studio Projects\Nat\Nat.api\Models\BR\DocumentMtxca.cs:line 540
13/11/2025 05:22:49==>Cotizacion Invalida
   at Applet.Nat.BR.DocumentMTXCA.GetCotizacion(String vivstrMoneda, DateTime vivdtm) in C:\Users\Jaco2701\Documents\Visual Studio Projects\Nat\Nat.api\Models\BR\DocumentMtxca.cs:line 566
   at Applet.Nat.Api.Controllers.MiscController.Statics() in C:\Users\Jaco2701\Documents\Visual Studio Projects\Nat\Nat.api\Controllers\MiscController.cs:line 65
13/11/2025 05:22:52==>No connection could be made because the target machine actively refused it. (wsfe-homo.arca.gob.ar:443)
   at System.Runtime.AsyncResult.End[TAsyncResult](IAsyncResult result)
   at System.ServiceModel.Channels.ServiceChannel.SendAsyncResult.End(SendAsyncResult result)
   at System.ServiceModel.Channels.ServiceChannel.EndCall(String action, Object[] outs, IAsyncResult result)
   at System.ServiceModel.Channels.ServiceChannelProxy.TaskCreator.<>c__DisplayClass1_0.<CreateGenericTask>b__0(IAsyncResult asyncResult)
--- End of stack trace from previous location ---
   at Applet.Nat.Api.Br.Models.DocumentExp.GetCotizacion(String vivstrMoneda, DateTime vivdtm) in C:\Users\Jaco2701\Documents\Visual Studio Projects\Nat\Nat.api\Models\BR\DocumentExp.cs:line 156
No connection could be made because the target machine actively refused it. (wsfe-homo.arca.gob.ar:443)
   at System.Net.Http.HttpConnectionPool.ConnectToTcpHostAsync(String host, Int32 port, HttpRequestMessage initialRequest, Boolean async, CancellationToken cancellationToken)
   at System.Net.Http.HttpConnectionPool.ConnectAsync(HttpRequestMessage request, Boolean async, CancellationToken cancellationToken)
   at System.Net.Http.HttpConnectionPool.CreateHttp11ConnectionAsync(HttpRequestMessage request, Boolean async, CancellationToken cancellationToken)
   at System.Net.Http.HttpConnectionPool.AddHttp11ConnectionAsync(QueueItem queueItem)
   at System.Threading.Tasks.TaskCompletionSourceWithCancellation`1.WaitWithCancellationAsync(CancellationToken cancellationToken)
   at System.Net.Http.HttpConnectionPool.SendWithVersionDetectionAndRetryAsync(HttpRequestMessage request, Boolean async, Boolean doRequestAuth, CancellationToken cancellationToken)
   at System.Net.Http.DiagnosticsHandler.SendAsyncCore(HttpRequestMessage request, Boolean async, CancellationToken cancellationToken)
   at System.Net.Http.RedirectHandler.SendAsync(HttpRequestMessage request, Boolean async, CancellationToken cancellationToken)
   at System.Net.Http.DecompressionHandler.SendAsync(HttpRequestMessage request, Boolean async, CancellationToken cancellationToken)
   at System.Net.Http.HttpClient.<SendAsync>g__Core|83_0(HttpRequestMessage request, HttpCompletionOption completionOption, CancellationTokenSource cts, Boolean disposeCts, CancellationTokenSource pendingRequestsCts, CancellationToken originalCancellationToken)
   at System.ServiceModel.Channels.HttpChannelFactory`1.HttpClientRequestChannel.HttpClientChannelAsyncRequest.SendRequestAsync(Message message, TimeoutHelper timeoutHelper)
No connection could be made because the target machine actively refused it.
   at System.Net.Sockets.Socket.AwaitableSocketAsyncEventArgs.ThrowException(SocketError error, CancellationToken cancellationToken)
   at System.Net.Sockets.Socket.AwaitableSocketAsyncEventArgs.System.Threading.Tasks.Sources.IValueTaskSource.GetResult(Int16 token)
   at System.Net.Sockets.Socket.<ConnectAsync>g__WaitForConnectWithCancellation|285_0(AwaitableSocketAsyncEventArgs saea, ValueTask connectTask, CancellationToken cancellationToken)
   at System.Net.Http.HttpConnectionPool.ConnectToTcpHostAsync(String host, Int32 port, HttpRequestMessage initialRequest, Boolean async, CancellationToken cancellationToken)
13/11/2025 05:22:52==>Cotizacion Invalida
   at Applet.Nat.Api.Br.Models.DocumentExp.GetCotizacion(String vivstrMoneda, DateTime vivdtm) in C:\Users\Jaco2701\Documents\Visual Studio Projects\Nat\Nat.api\Models\BR\DocumentExp.cs:line 175
   at Applet.Nat.Api.Controllers.MiscController.Statics() in C:\Users\Jaco2701\Documents\Visual Studio Projects\Nat\Nat.api\Controllers\MiscController.cs:line 45
13/11/2025 05:22:52==>Valor de Lista FORMAT:dtmwsmtxca no encontrado
   at Applet.Nat.Api.Static.ListHelper.GetValue(String vivcodType, String vivcodId, NatContext vioContext) in C:\Users\Jaco2701\Documents\Visual Studio Projects\Nat\Nat.api\Static\ListHelper.cs:line 26
   at Applet.Nat.Api.Models.Afip.AfipService.get_ivstrDateformat() in C:\Users\Jaco2701\Documents\Visual Studio Projects\Nat\Nat.api\Models\Afip\AfipService.cs:line 74
   at Applet.Nat.BR.DocumentMTXCA.GetCotizacion(String vivstrMoneda, DateTime vivdtm) in C:\Users\Jaco2701\Documents\Visual Studio Projects\Nat\Nat.api\Models\BR\DocumentMtxca.cs:line 540
13/11/2025 05:22:52==>Cotizacion Invalida
   at Applet.Nat.BR.DocumentMTXCA.GetCotizacion(String vivstrMoneda, DateTime vivdtm) in C:\Users\Jaco2701\Documents\Visual Studio Projects\Nat\Nat.api\Models\BR\DocumentMtxca.cs:line 566
   at Applet.Nat.Api.Controllers.MiscController.Statics() in C:\Users\Jaco2701\Documents\Visual Studio Projects\Nat\Nat.api\Controllers\MiscController.cs:line 65
13/11/2025 05:22:54==>No connection could be made because the target machine actively refused it. (wsfe-homo.arca.gob.ar:443)
   at System.Runtime.AsyncResult.End[TAsyncResult](IAsyncResult result)
   at System.ServiceModel.Channels.ServiceChannel.SendAsyncResult.End(SendAsyncResult result)
   at System.ServiceModel.Channels.ServiceChannel.EndCall(String action, Object[] outs, IAsyncResult result)
   at System.ServiceModel.Channels.ServiceChannelProxy.TaskCreator.<>c__DisplayClass1_0.<CreateGenericTask>b__0(IAsyncResult asyncResult)
--- End of stack trace from previous location ---
   at Applet.Nat.Api.Br.Models.DocumentExp.GetCotizacion(String vivstrMoneda, DateTime vivdtm) in C:\Users\Jaco2701\Documents\Visual Studio Projects\Nat\Nat.api\Models\BR\DocumentExp.cs:line 156
No connection could be made because the target machine actively refused it. (wsfe-homo.arca.gob.ar:443)
   at System.Net.Http.HttpConnectionPool.ConnectToTcpHostAsync(String host, Int32 port, HttpRequestMessage initialRequest, Boolean async, CancellationToken cancellationToken)
   at System.Net.Http.HttpConnectionPool.ConnectAsync(HttpRequestMessage request, Boolean async, CancellationToken cancellationToken)
   at System.Net.Http.HttpConnectionPool.CreateHttp11ConnectionAsync(HttpRequestMessage request, Boolean async, CancellationToken cancellationToken)
   at System.Net.Http.HttpConnectionPool.AddHttp11ConnectionAsync(QueueItem queueItem)
   at System.Threading.Tasks.TaskCompletionSourceWithCancellation`1.WaitWithCancellationAsync(CancellationToken cancellationToken)
   at System.Net.Http.HttpConnectionPool.SendWithVersionDetectionAndRetryAsync(HttpRequestMessage request, Boolean async, Boolean doRequestAuth, CancellationToken cancellationToken)
   at System.Net.Http.DiagnosticsHandler.SendAsyncCore(HttpRequestMessage request, Boolean async, CancellationToken cancellationToken)
   at System.Net.Http.RedirectHandler.SendAsync(HttpRequestMessage request, Boolean async, CancellationToken cancellationToken)
   at System.Net.Http.DecompressionHandler.SendAsync(HttpRequestMessage request, Boolean async, CancellationToken cancellationToken)
   at System.Net.Http.HttpClient.<SendAsync>g__Core|83_0(HttpRequestMessage request, HttpCompletionOption completionOption, CancellationTokenSource cts, Boolean disposeCts, CancellationTokenSource pendingRequestsCts, CancellationToken originalCancellationToken)
   at System.ServiceModel.Channels.HttpChannelFactory`1.HttpClientRequestChannel.HttpClientChannelAsyncRequest.SendRequestAsync(Message message, TimeoutHelper timeoutHelper)
No connection could be made because the target machine actively refused it.
   at System.Net.Sockets.Socket.AwaitableSocketAsyncEventArgs.ThrowException(SocketError error, CancellationToken cancellationToken)
   at System.Net.Sockets.Socket.AwaitableSocketAsyncEventArgs.System.Threading.Tasks.Sources.IValueTaskSource.GetResult(Int16 token)
   at System.Net.Sockets.Socket.<ConnectAsync>g__WaitForConnectWithCancellation|285_0(AwaitableSocketAsyncEventArgs saea, ValueTask connectTask, CancellationToken cancellationToken)
   at System.Net.Http.HttpConnectionPool.ConnectToTcpHostAsync(String host, Int32 port, HttpRequestMessage initialRequest, Boolean async, CancellationToken cancellationToken)
13/11/2025 05:22:54==>Cotizacion Invalida
   at Applet.Nat.Api.Br.Models.DocumentExp.GetCotizacion(String vivstrMoneda, DateTime vivdtm) in C:\Users\Jaco2701\Documents\Visual Studio Projects\Nat\Nat.api\Models\BR\DocumentExp.cs:line 175
   at Applet.Nat.Api.Controllers.MiscController.Statics() in C:\Users\Jaco2701\Documents\Visual Studio Projects\Nat\Nat.api\Controllers\MiscController.cs:line 45
13/11/2025 05:22:54==>Valor de Lista FORMAT:dtmwsmtxca no encontrado
   at Applet.Nat.Api.Static.ListHelper.GetValue(String vivcodType, String vivcodId, NatContext vioContext) in C:\Users\Jaco2701\Documents\Visual Studio Projects\Nat\Nat.api\Static\ListHelper.cs:line 26
   at Applet.Nat.Api.Models.Afip.AfipService.get_ivstrDateformat() in C:\Users\Jaco2701\Documents\Visual Studio Projects\Nat\Nat.api\Models\Afip\AfipService.cs:line 74
   at Applet.Nat.BR.DocumentMTXCA.GetCotizacion(String vivstrMoneda, DateTime vivdtm) in C:\Users\Jaco2701\Documents\Visual Studio Projects\Nat\Nat.api\Models\BR\DocumentMtxca.cs:line 540
13/11/2025 05:22:54==>Cotizacion Invalida
   at Applet.Nat.BR.DocumentMTXCA.GetCotizacion(String vivstrMoneda, DateTime vivdtm) in C:\Users\Jaco2701\Documents\Visual Studio Projects\Nat\Nat.api\Models\BR\DocumentMtxca.cs:line 566
   at Applet.Nat.Api.Controllers.MiscController.Statics() in C:\Users\Jaco2701\Documents\Visual Studio Projects\Nat\Nat.api\Controllers\MiscController.cs:line 65
13/11/2025 05:22:56==>No connection could be made because the target machine actively refused it. (wsfe-homo.arca.gob.ar:443)
   at System.Runtime.AsyncResult.End[TAsyncResult](IAsyncResult result)
   at System.ServiceModel.Channels.ServiceChannel.SendAsyncResult.End(SendAsyncResult result)
   at System.ServiceModel.Channels.ServiceChannel.EndCall(String action, Object[] outs, IAsyncResult result)
   at System.ServiceModel.Channels.ServiceChannelProxy.TaskCreator.<>c__DisplayClass1_0.<CreateGenericTask>b__0(IAsyncResult asyncResult)
--- End of stack trace from previous location ---
   at Applet.Nat.Api.Br.Models.DocumentExp.GetCotizacion(String vivstrMoneda, DateTime vivdtm) in C:\Users\Jaco2701\Documents\Visual Studio Projects\Nat\Nat.api\Models\BR\DocumentExp.cs:line 156
No connection could be made because the target machine actively refused it. (wsfe-homo.arca.gob.ar:443)
   at System.Net.Http.HttpConnectionPool.ConnectToTcpHostAsync(String host, Int32 port, HttpRequestMessage initialRequest, Boolean async, CancellationToken cancellationToken)
   at System.Net.Http.HttpConnectionPool.ConnectAsync(HttpRequestMessage request, Boolean async, CancellationToken cancellationToken)
   at System.Net.Http.HttpConnectionPool.CreateHttp11ConnectionAsync(HttpRequestMessage request, Boolean async, CancellationToken cancellationToken)
   at System.Net.Http.HttpConnectionPool.AddHttp11ConnectionAsync(QueueItem queueItem)
   at System.Threading.Tasks.TaskCompletionSourceWithCancellation`1.WaitWithCancellationAsync(CancellationToken cancellationToken)
   at System.Net.Http.HttpConnectionPool.SendWithVersionDetectionAndRetryAsync(HttpRequestMessage request, Boolean async, Boolean doRequestAuth, CancellationToken cancellationToken)
   at System.Net.Http.DiagnosticsHandler.SendAsyncCore(HttpRequestMessage request, Boolean async, CancellationToken cancellationToken)
   at System.Net.Http.RedirectHandler.SendAsync(HttpRequestMessage request, Boolean async, CancellationToken cancellationToken)
   at System.Net.Http.DecompressionHandler.SendAsync(HttpRequestMessage request, Boolean async, CancellationToken cancellationToken)
   at System.Net.Http.HttpClient.<SendAsync>g__Core|83_0(HttpRequestMessage request, HttpCompletionOption completionOption, CancellationTokenSource cts, Boolean disposeCts, CancellationTokenSource pendingRequestsCts, CancellationToken originalCancellationToken)
   at System.ServiceModel.Channels.HttpChannelFactory`1.HttpClientRequestChannel.HttpClientChannelAsyncRequest.SendRequestAsync(Message message, TimeoutHelper timeoutHelper)
No connection could be made because the target machine actively refused it.
   at System.Net.Sockets.Socket.AwaitableSocketAsyncEventArgs.ThrowException(SocketError error, CancellationToken cancellationToken)
   at System.Net.Sockets.Socket.AwaitableSocketAsyncEventArgs.System.Threading.Tasks.Sources.IValueTaskSource.GetResult(Int16 token)
   at System.Net.Sockets.Socket.<ConnectAsync>g__WaitForConnectWithCancellation|285_0(AwaitableSocketAsyncEventArgs saea, ValueTask connectTask, CancellationToken cancellationToken)
   at System.Net.Http.HttpConnectionPool.ConnectToTcpHostAsync(String host, Int32 port, HttpRequestMessage initialRequest, Boolean async, CancellationToken cancellationToken)
13/11/2025 05:22:56==>Cotizacion Invalida
   at Applet.Nat.Api.Br.Models.DocumentExp.GetCotizacion(String vivstrMoneda, DateTime vivdtm) in C:\Users\Jaco2701\Documents\Visual Studio Projects\Nat\Nat.api\Models\BR\DocumentExp.cs:line 175
   at Applet.Nat.Api.Controllers.MiscController.Statics() in C:\Users\Jaco2701\Documents\Visual Studio Projects\Nat\Nat.api\Controllers\MiscController.cs:line 45
13/11/2025 05:22:56==>Valor de Lista FORMAT:dtmwsmtxca no encontrado
   at Applet.Nat.Api.Static.ListHelper.GetValue(String vivcodType, String vivcodId, NatContext vioContext) in C:\Users\Jaco2701\Documents\Visual Studio Projects\Nat\Nat.api\Static\ListHelper.cs:line 26
   at Applet.Nat.Api.Models.Afip.AfipService.get_ivstrDateformat() in C:\Users\Jaco2701\Documents\Visual Studio Projects\Nat\Nat.api\Models\Afip\AfipService.cs:line 74
   at Applet.Nat.BR.DocumentMTXCA.GetCotizacion(String vivstrMoneda, DateTime vivdtm) in C:\Users\Jaco2701\Documents\Visual Studio Projects\Nat\Nat.api\Models\BR\DocumentMtxca.cs:line 540
13/11/2025 05:22:56==>Cotizacion Invalida
   at Applet.Nat.BR.DocumentMTXCA.GetCotizacion(String vivstrMoneda, DateTime vivdtm) in C:\Users\Jaco2701\Documents\Visual Studio Projects\Nat\Nat.api\Models\BR\DocumentMtxca.cs:line 566
   at Applet.Nat.Api.Controllers.MiscController.Statics() in C:\Users\Jaco2701\Documents\Visual Studio Projects\Nat\Nat.api\Controllers\MiscController.cs:line 65
13/11/2025 05:22:59==>No connection could be made because the target machine actively refused it. (wsfe-homo.arca.gob.ar:443)
   at System.Runtime.AsyncResult.End[TAsyncResult](IAsyncResult result)
   at System.ServiceModel.Channels.ServiceChannel.SendAsyncResult.End(SendAsyncResult result)
   at System.ServiceModel.Channels.ServiceChannel.EndCall(String action, Object[] outs, IAsyncResult result)
   at System.ServiceModel.Channels.ServiceChannelProxy.TaskCreator.<>c__DisplayClass1_0.<CreateGenericTask>b__0(IAsyncResult asyncResult)
--- End of stack trace from previous location ---
   at Applet.Nat.Api.Br.Models.DocumentExp.GetCotizacion(String vivstrMoneda, DateTime vivdtm) in C:\Users\Jaco2701\Documents\Visual Studio Projects\Nat\Nat.api\Models\BR\DocumentExp.cs:line 156
No connection could be made because the target machine actively refused it. (wsfe-homo.arca.gob.ar:443)
   at System.Net.Http.HttpConnectionPool.ConnectToTcpHostAsync(String host, Int32 port, HttpRequestMessage initialRequest, Boolean async, CancellationToken cancellationToken)
   at System.Net.Http.HttpConnectionPool.ConnectAsync(HttpRequestMessage request, Boolean async, CancellationToken cancellationToken)
   at System.Net.Http.HttpConnectionPool.CreateHttp11ConnectionAsync(HttpRequestMessage request, Boolean async, CancellationToken cancellationToken)
   at System.Net.Http.HttpConnectionPool.AddHttp11ConnectionAsync(QueueItem queueItem)
   at System.Threading.Tasks.TaskCompletionSourceWithCancellation`1.WaitWithCancellationAsync(CancellationToken cancellationToken)
   at System.Net.Http.HttpConnectionPool.SendWithVersionDetectionAndRetryAsync(HttpRequestMessage request, Boolean async, Boolean doRequestAuth, CancellationToken cancellationToken)
   at System.Net.Http.DiagnosticsHandler.SendAsyncCore(HttpRequestMessage request, Boolean async, CancellationToken cancellationToken)
   at System.Net.Http.RedirectHandler.SendAsync(HttpRequestMessage request, Boolean async, CancellationToken cancellationToken)
   at System.Net.Http.DecompressionHandler.SendAsync(HttpRequestMessage request, Boolean async, CancellationToken cancellationToken)
   at System.Net.Http.HttpClient.<SendAsync>g__Core|83_0(HttpRequestMessage request, HttpCompletionOption completionOption, CancellationTokenSource cts, Boolean disposeCts, CancellationTokenSource pendingRequestsCts, CancellationToken originalCancellationToken)
   at System.ServiceModel.Channels.HttpChannelFactory`1.HttpClientRequestChannel.HttpClientChannelAsyncRequest.SendRequestAsync(Message message, TimeoutHelper timeoutHelper)
No connection could be made because the target machine actively refused it.
   at System.Net.Sockets.Socket.AwaitableSocketAsyncEventArgs.ThrowException(SocketError error, CancellationToken cancellationToken)
   at System.Net.Sockets.Socket.AwaitableSocketAsyncEventArgs.System.Threading.Tasks.Sources.IValueTaskSource.GetResult(Int16 token)
   at System.Net.Sockets.Socket.<ConnectAsync>g__WaitForConnectWithCancellation|285_0(AwaitableSocketAsyncEventArgs saea, ValueTask connectTask, CancellationToken cancellationToken)
   at System.Net.Http.HttpConnectionPool.ConnectToTcpHostAsync(String host, Int32 port, HttpRequestMessage initialRequest, Boolean async, CancellationToken cancellationToken)
13/11/2025 05:22:59==>Cotizacion Invalida
   at Applet.Nat.Api.Br.Models.DocumentExp.GetCotizacion(String vivstrMoneda, DateTime vivdtm) in C:\Users\Jaco2701\Documents\Visual Studio Projects\Nat\Nat.api\Models\BR\DocumentExp.cs:line 175
   at Applet.Nat.Api.Controllers.MiscController.Statics() in C:\Users\Jaco2701\Documents\Visual Studio Projects\Nat\Nat.api\Controllers\MiscController.cs:line 45
13/11/2025 05:22:59==>Valor de Lista FORMAT:dtmwsmtxca no encontrado
   at Applet.Nat.Api.Static.ListHelper.GetValue(String vivcodType, String vivcodId, NatContext vioContext) in C:\Users\Jaco2701\Documents\Visual Studio Projects\Nat\Nat.api\Static\ListHelper.cs:line 26
   at Applet.Nat.Api.Models.Afip.AfipService.get_ivstrDateformat() in C:\Users\Jaco2701\Documents\Visual Studio Projects\Nat\Nat.api\Models\Afip\AfipService.cs:line 74
   at Applet.Nat.BR.DocumentMTXCA.GetCotizacion(String vivstrMoneda, DateTime vivdtm) in C:\Users\Jaco2701\Documents\Visual Studio Projects\Nat\Nat.api\Models\BR\DocumentMtxca.cs:line 540
13/11/2025 05:22:59==>Cotizacion Invalida
   at Applet.Nat.BR.DocumentMTXCA.GetCotizacion(String vivstrMoneda, DateTime vivdtm) in C:\Users\Jaco2701\Documents\Visual Studio Projects\Nat\Nat.api\Models\BR\DocumentMtxca.cs:line 566
   at Applet.Nat.Api.Controllers.MiscController.Statics() in C:\Users\Jaco2701\Documents\Visual Studio Projects\Nat\Nat.api\Controllers\MiscController.cs:line 65
13/11/2025 05:23:01==>No connection could be made because the target machine actively refused it. (wsfe-homo.arca.gob.ar:443)
   at System.Runtime.AsyncResult.End[TAsyncResult](IAsyncResult result)
   at System.ServiceModel.Channels.ServiceChannel.SendAsyncResult.End(SendAsyncResult result)
   at System.ServiceModel.Channels.ServiceChannel.EndCall(String action, Object[] outs, IAsyncResult result)
   at System.ServiceModel.Channels.ServiceChannelProxy.TaskCreator.<>c__DisplayClass1_0.<CreateGenericTask>b__0(IAsyncResult asyncResult)
--- End of stack trace from previous location ---
   at Applet.Nat.Api.Br.Models.DocumentExp.GetCotizacion(String vivstrMoneda, DateTime vivdtm) in C:\Users\Jaco2701\Documents\Visual Studio Projects\Nat\Nat.api\Models\BR\DocumentExp.cs:line 156
No connection could be made because the target machine actively refused it. (wsfe-homo.arca.gob.ar:443)
   at System.Net.Http.HttpConnectionPool.ConnectToTcpHostAsync(String host, Int32 port, HttpRequestMessage initialRequest, Boolean async, CancellationToken cancellationToken)
   at System.Net.Http.HttpConnectionPool.ConnectAsync(HttpRequestMessage request, Boolean async, CancellationToken cancellationToken)
   at System.Net.Http.HttpConnectionPool.CreateHttp11ConnectionAsync(HttpRequestMessage request, Boolean async, CancellationToken cancellationToken)
   at System.Net.Http.HttpConnectionPool.AddHttp11ConnectionAsync(QueueItem queueItem)
   at System.Threading.Tasks.TaskCompletionSourceWithCancellation`1.WaitWithCancellationAsync(CancellationToken cancellationToken)
   at System.Net.Http.HttpConnectionPool.SendWithVersionDetectionAndRetryAsync(HttpRequestMessage request, Boolean async, Boolean doRequestAuth, CancellationToken cancellationToken)
   at System.Net.Http.DiagnosticsHandler.SendAsyncCore(HttpRequestMessage request, Boolean async, CancellationToken cancellationToken)
   at System.Net.Http.RedirectHandler.SendAsync(HttpRequestMessage request, Boolean async, CancellationToken cancellationToken)
   at System.Net.Http.DecompressionHandler.SendAsync(HttpRequestMessage request, Boolean async, CancellationToken cancellationToken)
   at System.Net.Http.HttpClient.<SendAsync>g__Core|83_0(HttpRequestMessage request, HttpCompletionOption completionOption, CancellationTokenSource cts, Boolean disposeCts, CancellationTokenSource pendingRequestsCts, CancellationToken originalCancellationToken)
   at System.ServiceModel.Channels.HttpChannelFactory`1.HttpClientRequestChannel.HttpClientChannelAsyncRequest.SendRequestAsync(Message message, TimeoutHelper timeoutHelper)
No connection could be made because the target machine actively refused it.
   at System.Net.Sockets.Socket.AwaitableSocketAsyncEventArgs.ThrowException(SocketError error, CancellationToken cancellationToken)
   at System.Net.Sockets.Socket.AwaitableSocketAsyncEventArgs.System.Threading.Tasks.Sources.IValueTaskSource.GetResult(Int16 token)
   at System.Net.Sockets.Socket.<ConnectAsync>g__WaitForConnectWithCancellation|285_0(AwaitableSocketAsyncEventArgs saea, ValueTask connectTask, CancellationToken cancellationToken)
   at System.Net.Http.HttpConnectionPool.ConnectToTcpHostAsync(String host, Int32 port, HttpRequestMessage initialRequest, Boolean async, CancellationToken cancellationToken)
13/11/2025 05:23:01==>Cotizacion Invalida
   at Applet.Nat.Api.Br.Models.DocumentExp.GetCotizacion(String vivstrMoneda, DateTime vivdtm) in C:\Users\Jaco2701\Documents\Visual Studio Projects\Nat\Nat.api\Models\BR\DocumentExp.cs:line 175
   at Applet.Nat.Api.Controllers.MiscController.Statics() in C:\Users\Jaco2701\Documents\Visual Studio Projects\Nat\Nat.api\Controllers\MiscController.cs:line 45
13/11/2025 05:23:01==>Valor de Lista FORMAT:dtmwsmtxca no encontrado
   at Applet.Nat.Api.Static.ListHelper.GetValue(String vivcodType, String vivcodId, NatContext vioContext) in C:\Users\Jaco2701\Documents\Visual Studio Projects\Nat\Nat.api\Static\ListHelper.cs:line 26
   at Applet.Nat.Api.Models.Afip.AfipService.get_ivstrDateformat() in C:\Users\Jaco2701\Documents\Visual Studio Projects\Nat\Nat.api\Models\Afip\AfipService.cs:line 74
   at Applet.Nat.BR.DocumentMTXCA.GetCotizacion(String vivstrMoneda, DateTime vivdtm) in C:\Users\Jaco2701\Documents\Visual Studio Projects\Nat\Nat.api\Models\BR\DocumentMtxca.cs:line 540
13/11/2025 05:23:01==>Cotizacion Invalida
   at Applet.Nat.BR.DocumentMTXCA.GetCotizacion(String vivstrMoneda, DateTime vivdtm) in C:\Users\Jaco2701\Documents\Visual Studio Projects\Nat\Nat.api\Models\BR\DocumentMtxca.cs:line 566
   at Applet.Nat.Api.Controllers.MiscController.Statics() in C:\Users\Jaco2701\Documents\Visual Studio Projects\Nat\Nat.api\Controllers\MiscController.cs:line 65
13/11/2025 05:27:19==>No connection could be made because the target machine actively refused it. (wsfe-homo.arca.gob.ar:443)
   at System.Runtime.AsyncResult.End[TAsyncResult](IAsyncResult result)
   at System.ServiceModel.Channels.ServiceChannel.SendAsyncResult.End(SendAsyncResult result)
   at System.ServiceModel.Channels.ServiceChannel.EndCall(String action, Object[] outs, IAsyncResult result)
   at System.ServiceModel.Channels.ServiceChannelProxy.TaskCreator.<>c__DisplayClass1_0.<CreateGenericTask>b__0(IAsyncResult asyncResult)
--- End of stack trace from previous location ---
   at Applet.Nat.Api.Br.Models.DocumentExp.GetCotizacion(String vivstrMoneda, DateTime vivdtm) in C:\Users\Jaco2701\Documents\Visual Studio Projects\Nat\Nat.api\Models\BR\DocumentExp.cs:line 156
No connection could be made because the target machine actively refused it. (wsfe-homo.arca.gob.ar:443)
   at System.Net.Http.HttpConnectionPool.ConnectToTcpHostAsync(String host, Int32 port, HttpRequestMessage initialRequest, Boolean async, CancellationToken cancellationToken)
   at System.Net.Http.HttpConnectionPool.ConnectAsync(HttpRequestMessage request, Boolean async, CancellationToken cancellationToken)
   at System.Net.Http.HttpConnectionPool.CreateHttp11ConnectionAsync(HttpRequestMessage request, Boolean async, CancellationToken cancellationToken)
   at System.Net.Http.HttpConnectionPool.AddHttp11ConnectionAsync(QueueItem queueItem)
   at System.Threading.Tasks.TaskCompletionSourceWithCancellation`1.WaitWithCancellationAsync(CancellationToken cancellationToken)
   at System.Net.Http.HttpConnectionPool.SendWithVersionDetectionAndRetryAsync(HttpRequestMessage request, Boolean async, Boolean doRequestAuth, CancellationToken cancellationToken)
   at System.Net.Http.DiagnosticsHandler.SendAsyncCore(HttpRequestMessage request, Boolean async, CancellationToken cancellationToken)
   at System.Net.Http.RedirectHandler.SendAsync(HttpRequestMessage request, Boolean async, CancellationToken cancellationToken)
   at System.Net.Http.DecompressionHandler.SendAsync(HttpRequestMessage request, Boolean async, CancellationToken cancellationToken)
   at System.Net.Http.HttpClient.<SendAsync>g__Core|83_0(HttpRequestMessage request, HttpCompletionOption completionOption, CancellationTokenSource cts, Boolean disposeCts, CancellationTokenSource pendingRequestsCts, CancellationToken originalCancellationToken)
   at System.ServiceModel.Channels.HttpChannelFactory`1.HttpClientRequestChannel.HttpClientChannelAsyncRequest.SendRequestAsync(Message message, TimeoutHelper timeoutHelper)
No connection could be made because the target machine actively refused it.
   at System.Net.Sockets.Socket.AwaitableSocketAsyncEventArgs.ThrowException(SocketError error, CancellationToken cancellationToken)
   at System.Net.Sockets.Socket.AwaitableSocketAsyncEventArgs.System.Threading.Tasks.Sources.IValueTaskSource.GetResult(Int16 token)
   at System.Net.Sockets.Socket.<ConnectAsync>g__WaitForConnectWithCancellation|285_0(AwaitableSocketAsyncEventArgs saea, ValueTask connectTask, CancellationToken cancellationToken)
   at System.Net.Http.HttpConnectionPool.ConnectToTcpHostAsync(String host, Int32 port, HttpRequestMessage initialRequest, Boolean async, CancellationToken cancellationToken)
13/11/2025 05:27:19==>Cotizacion Invalida
   at Applet.Nat.Api.Br.Models.DocumentExp.GetCotizacion(String vivstrMoneda, DateTime vivdtm) in C:\Users\Jaco2701\Documents\Visual Studio Projects\Nat\Nat.api\Models\BR\DocumentExp.cs:line 175
   at Applet.Nat.Api.Controllers.MiscController.Statics() in C:\Users\Jaco2701\Documents\Visual Studio Projects\Nat\Nat.api\Controllers\MiscController.cs:line 45
13/11/2025 05:27:19==>Valor de Lista FORMAT:dtmwsmtxca no encontrado
   at Applet.Nat.Api.Static.ListHelper.GetValue(String vivcodType, String vivcodId, NatContext vioContext) in C:\Users\Jaco2701\Documents\Visual Studio Projects\Nat\Nat.api\Static\ListHelper.cs:line 26
   at Applet.Nat.Api.Models.Afip.AfipService.get_ivstrDateformat() in C:\Users\Jaco2701\Documents\Visual Studio Projects\Nat\Nat.api\Models\Afip\AfipService.cs:line 74
   at Applet.Nat.BR.DocumentMTXCA.GetCotizacion(String vivstrMoneda, DateTime vivdtm) in C:\Users\Jaco2701\Documents\Visual Studio Projects\Nat\Nat.api\Models\BR\DocumentMtxca.cs:line 540
13/11/2025 05:27:19==>Cotizacion Invalida
   at Applet.Nat.BR.DocumentMTXCA.GetCotizacion(String vivstrMoneda, DateTime vivdtm) in C:\Users\Jaco2701\Documents\Visual Studio Projects\Nat\Nat.api\Models\BR\DocumentMtxca.cs:line 566
   at Applet.Nat.Api.Controllers.MiscController.Statics() in C:\Users\Jaco2701\Documents\Visual Studio Projects\Nat\Nat.api\Controllers\MiscController.cs:line 65
13/11/2025 05:27:21==>No connection could be made because the target machine actively refused it. (wsfe-homo.arca.gob.ar:443)
   at System.Runtime.AsyncResult.End[TAsyncResult](IAsyncResult result)
   at System.ServiceModel.Channels.ServiceChannel.SendAsyncResult.End(SendAsyncResult result)
   at System.ServiceModel.Channels.ServiceChannel.EndCall(String action, Object[] outs, IAsyncResult result)
   at System.ServiceModel.Channels.ServiceChannelProxy.TaskCreator.<>c__DisplayClass1_0.<CreateGenericTask>b__0(IAsyncResult asyncResult)
--- End of stack trace from previous location ---
   at Applet.Nat.Api.Br.Models.DocumentExp.GetCotizacion(String vivstrMoneda, DateTime vivdtm) in C:\Users\Jaco2701\Documents\Visual Studio Projects\Nat\Nat.api\Models\BR\DocumentExp.cs:line 156
No connection could be made because the target machine actively refused it. (wsfe-homo.arca.gob.ar:443)
   at System.Net.Http.HttpConnectionPool.ConnectToTcpHostAsync(String host, Int32 port, HttpRequestMessage initialRequest, Boolean async, CancellationToken cancellationToken)
   at System.Net.Http.HttpConnectionPool.ConnectAsync(HttpRequestMessage request, Boolean async, CancellationToken cancellationToken)
   at System.Net.Http.HttpConnectionPool.CreateHttp11ConnectionAsync(HttpRequestMessage request, Boolean async, CancellationToken cancellationToken)
   at System.Net.Http.HttpConnectionPool.AddHttp11ConnectionAsync(QueueItem queueItem)
   at System.Threading.Tasks.TaskCompletionSourceWithCancellation`1.WaitWithCancellationAsync(CancellationToken cancellationToken)
   at System.Net.Http.HttpConnectionPool.SendWithVersionDetectionAndRetryAsync(HttpRequestMessage request, Boolean async, Boolean doRequestAuth, CancellationToken cancellationToken)
   at System.Net.Http.DiagnosticsHandler.SendAsyncCore(HttpRequestMessage request, Boolean async, CancellationToken cancellationToken)
   at System.Net.Http.RedirectHandler.SendAsync(HttpRequestMessage request, Boolean async, CancellationToken cancellationToken)
   at System.Net.Http.DecompressionHandler.SendAsync(HttpRequestMessage request, Boolean async, CancellationToken cancellationToken)
   at System.Net.Http.HttpClient.<SendAsync>g__Core|83_0(HttpRequestMessage request, HttpCompletionOption completionOption, CancellationTokenSource cts, Boolean disposeCts, CancellationTokenSource pendingRequestsCts, CancellationToken originalCancellationToken)
   at System.ServiceModel.Channels.HttpChannelFactory`1.HttpClientRequestChannel.HttpClientChannelAsyncRequest.SendRequestAsync(Message message, TimeoutHelper timeoutHelper)
No connection could be made because the target machine actively refused it.
   at System.Net.Sockets.Socket.AwaitableSocketAsyncEventArgs.ThrowException(SocketError error, CancellationToken cancellationToken)
   at System.Net.Sockets.Socket.AwaitableSocketAsyncEventArgs.System.Threading.Tasks.Sources.IValueTaskSource.GetResult(Int16 token)
   at System.Net.Sockets.Socket.<ConnectAsync>g__WaitForConnectWithCancellation|285_0(AwaitableSocketAsyncEventArgs saea, ValueTask connectTask, CancellationToken cancellationToken)
   at System.Net.Http.HttpConnectionPool.ConnectToTcpHostAsync(String host, Int32 port, HttpRequestMessage initialRequest, Boolean async, CancellationToken cancellationToken)
13/11/2025 05:27:21==>Cotizacion Invalida
   at Applet.Nat.Api.Br.Models.DocumentExp.GetCotizacion(String vivstrMoneda, DateTime vivdtm) in C:\Users\Jaco2701\Documents\Visual Studio Projects\Nat\Nat.api\Models\BR\DocumentExp.cs:line 175
   at Applet.Nat.Api.Controllers.MiscController.Statics() in C:\Users\Jaco2701\Documents\Visual Studio Projects\Nat\Nat.api\Controllers\MiscController.cs:line 45
13/11/2025 05:27:21==>Valor de Lista FORMAT:dtmwsmtxca no encontrado
   at Applet.Nat.Api.Static.ListHelper.GetValue(String vivcodType, String vivcodId, NatContext vioContext) in C:\Users\Jaco2701\Documents\Visual Studio Projects\Nat\Nat.api\Static\ListHelper.cs:line 26
   at Applet.Nat.Api.Models.Afip.AfipService.get_ivstrDateformat() in C:\Users\Jaco2701\Documents\Visual Studio Projects\Nat\Nat.api\Models\Afip\AfipService.cs:line 74
   at Applet.Nat.BR.DocumentMTXCA.GetCotizacion(String vivstrMoneda, DateTime vivdtm) in C:\Users\Jaco2701\Documents\Visual Studio Projects\Nat\Nat.api\Models\BR\DocumentMtxca.cs:line 540
13/11/2025 05:27:21==>Cotizacion Invalida
   at Applet.Nat.BR.DocumentMTXCA.GetCotizacion(String vivstrMoneda, DateTime vivdtm) in C:\Users\Jaco2701\Documents\Visual Studio Projects\Nat\Nat.api\Models\BR\DocumentMtxca.cs:line 566
   at Applet.Nat.Api.Controllers.MiscController.Statics() in C:\Users\Jaco2701\Documents\Visual Studio Projects\Nat\Nat.api\Controllers\MiscController.cs:line 65
13/11/2025 05:27:24==>No connection could be made because the target machine actively refused it. (wsfe-homo.arca.gob.ar:443)
   at System.Runtime.AsyncResult.End[TAsyncResult](IAsyncResult result)
   at System.ServiceModel.Channels.ServiceChannel.SendAsyncResult.End(SendAsyncResult result)
   at System.ServiceModel.Channels.ServiceChannel.EndCall(String action, Object[] outs, IAsyncResult result)
   at System.ServiceModel.Channels.ServiceChannelProxy.TaskCreator.<>c__DisplayClass1_0.<CreateGenericTask>b__0(IAsyncResult asyncResult)
--- End of stack trace from previous location ---
   at Applet.Nat.Api.Br.Models.DocumentExp.GetCotizacion(String vivstrMoneda, DateTime vivdtm) in C:\Users\Jaco2701\Documents\Visual Studio Projects\Nat\Nat.api\Models\BR\DocumentExp.cs:line 156
No connection could be made because the target machine actively refused it. (wsfe-homo.arca.gob.ar:443)
   at System.Net.Http.HttpConnectionPool.ConnectToTcpHostAsync(String host, Int32 port, HttpRequestMessage initialRequest, Boolean async, CancellationToken cancellationToken)
   at System.Net.Http.HttpConnectionPool.ConnectAsync(HttpRequestMessage request, Boolean async, CancellationToken cancellationToken)
   at System.Net.Http.HttpConnectionPool.CreateHttp11ConnectionAsync(HttpRequestMessage request, Boolean async, CancellationToken cancellationToken)
   at System.Net.Http.HttpConnectionPool.AddHttp11ConnectionAsync(QueueItem queueItem)
   at System.Threading.Tasks.TaskCompletionSourceWithCancellation`1.WaitWithCancellationAsync(CancellationToken cancellationToken)
   at System.Net.Http.HttpConnectionPool.SendWithVersionDetectionAndRetryAsync(HttpRequestMessage request, Boolean async, Boolean doRequestAuth, CancellationToken cancellationToken)
   at System.Net.Http.DiagnosticsHandler.SendAsyncCore(HttpRequestMessage request, Boolean async, CancellationToken cancellationToken)
   at System.Net.Http.RedirectHandler.SendAsync(HttpRequestMessage request, Boolean async, CancellationToken cancellationToken)
   at System.Net.Http.DecompressionHandler.SendAsync(HttpRequestMessage request, Boolean async, CancellationToken cancellationToken)
   at System.Net.Http.HttpClient.<SendAsync>g__Core|83_0(HttpRequestMessage request, HttpCompletionOption completionOption, CancellationTokenSource cts, Boolean disposeCts, CancellationTokenSource pendingRequestsCts, CancellationToken originalCancellationToken)
   at System.ServiceModel.Channels.HttpChannelFactory`1.HttpClientRequestChannel.HttpClientChannelAsyncRequest.SendRequestAsync(Message message, TimeoutHelper timeoutHelper)
No connection could be made because the target machine actively refused it.
   at System.Net.Sockets.Socket.AwaitableSocketAsyncEventArgs.ThrowException(SocketError error, CancellationToken cancellationToken)
   at System.Net.Sockets.Socket.AwaitableSocketAsyncEventArgs.System.Threading.Tasks.Sources.IValueTaskSource.GetResult(Int16 token)
   at System.Net.Sockets.Socket.<ConnectAsync>g__WaitForConnectWithCancellation|285_0(AwaitableSocketAsyncEventArgs saea, ValueTask connectTask, CancellationToken cancellationToken)
   at System.Net.Http.HttpConnectionPool.ConnectToTcpHostAsync(String host, Int32 port, HttpRequestMessage initialRequest, Boolean async, CancellationToken cancellationToken)
13/11/2025 05:27:24==>Cotizacion Invalida
   at Applet.Nat.Api.Br.Models.DocumentExp.GetCotizacion(String vivstrMoneda, DateTime vivdtm) in C:\Users\Jaco2701\Documents\Visual Studio Projects\Nat\Nat.api\Models\BR\DocumentExp.cs:line 175
   at Applet.Nat.Api.Controllers.MiscController.Statics() in C:\Users\Jaco2701\Documents\Visual Studio Projects\Nat\Nat.api\Controllers\MiscController.cs:line 45
13/11/2025 05:27:24==>Valor de Lista FORMAT:dtmwsmtxca no encontrado
   at Applet.Nat.Api.Static.ListHelper.GetValue(String vivcodType, String vivcodId, NatContext vioContext) in C:\Users\Jaco2701\Documents\Visual Studio Projects\Nat\Nat.api\Static\ListHelper.cs:line 26
   at Applet.Nat.Api.Models.Afip.AfipService.get_ivstrDateformat() in C:\Users\Jaco2701\Documents\Visual Studio Projects\Nat\Nat.api\Models\Afip\AfipService.cs:line 74
   at Applet.Nat.BR.DocumentMTXCA.GetCotizacion(String vivstrMoneda, DateTime vivdtm) in C:\Users\Jaco2701\Documents\Visual Studio Projects\Nat\Nat.api\Models\BR\DocumentMtxca.cs:line 540
13/11/2025 05:27:24==>Cotizacion Invalida
   at Applet.Nat.BR.DocumentMTXCA.GetCotizacion(String vivstrMoneda, DateTime vivdtm) in C:\Users\Jaco2701\Documents\Visual Studio Projects\Nat\Nat.api\Models\BR\DocumentMtxca.cs:line 566
   at Applet.Nat.Api.Controllers.MiscController.Statics() in C:\Users\Jaco2701\Documents\Visual Studio Projects\Nat\Nat.api\Controllers\MiscController.cs:line 65
13/11/2025 05:27:26==>No connection could be made because the target machine actively refused it. (wsfe-homo.arca.gob.ar:443)
   at System.Runtime.AsyncResult.End[TAsyncResult](IAsyncResult result)
   at System.ServiceModel.Channels.ServiceChannel.SendAsyncResult.End(SendAsyncResult result)
   at System.ServiceModel.Channels.ServiceChannel.EndCall(String action, Object[] outs, IAsyncResult result)
   at System.ServiceModel.Channels.ServiceChannelProxy.TaskCreator.<>c__DisplayClass1_0.<CreateGenericTask>b__0(IAsyncResult asyncResult)
--- End of stack trace from previous location ---
   at Applet.Nat.Api.Br.Models.DocumentExp.GetCotizacion(String vivstrMoneda, DateTime vivdtm) in C:\Users\Jaco2701\Documents\Visual Studio Projects\Nat\Nat.api\Models\BR\DocumentExp.cs:line 156
No connection could be made because the target machine actively refused it. (wsfe-homo.arca.gob.ar:443)
   at System.Net.Http.HttpConnectionPool.ConnectToTcpHostAsync(String host, Int32 port, HttpRequestMessage initialRequest, Boolean async, CancellationToken cancellationToken)
   at System.Net.Http.HttpConnectionPool.ConnectAsync(HttpRequestMessage request, Boolean async, CancellationToken cancellationToken)
   at System.Net.Http.HttpConnectionPool.CreateHttp11ConnectionAsync(HttpRequestMessage request, Boolean async, CancellationToken cancellationToken)
   at System.Net.Http.HttpConnectionPool.AddHttp11ConnectionAsync(QueueItem queueItem)
   at System.Threading.Tasks.TaskCompletionSourceWithCancellation`1.WaitWithCancellationAsync(CancellationToken cancellationToken)
   at System.Net.Http.HttpConnectionPool.SendWithVersionDetectionAndRetryAsync(HttpRequestMessage request, Boolean async, Boolean doRequestAuth, CancellationToken cancellationToken)
   at System.Net.Http.DiagnosticsHandler.SendAsyncCore(HttpRequestMessage request, Boolean async, CancellationToken cancellationToken)
   at System.Net.Http.RedirectHandler.SendAsync(HttpRequestMessage request, Boolean async, CancellationToken cancellationToken)
   at System.Net.Http.DecompressionHandler.SendAsync(HttpRequestMessage request, Boolean async, CancellationToken cancellationToken)
   at System.Net.Http.HttpClient.<SendAsync>g__Core|83_0(HttpRequestMessage request, HttpCompletionOption completionOption, CancellationTokenSource cts, Boolean disposeCts, CancellationTokenSource pendingRequestsCts, CancellationToken originalCancellationToken)
   at System.ServiceModel.Channels.HttpChannelFactory`1.HttpClientRequestChannel.HttpClientChannelAsyncRequest.SendRequestAsync(Message message, TimeoutHelper timeoutHelper)
No connection could be made because the target machine actively refused it.
   at System.Net.Sockets.Socket.AwaitableSocketAsyncEventArgs.ThrowException(SocketError error, CancellationToken cancellationToken)
   at System.Net.Sockets.Socket.AwaitableSocketAsyncEventArgs.System.Threading.Tasks.Sources.IValueTaskSource.GetResult(Int16 token)
   at System.Net.Sockets.Socket.<ConnectAsync>g__WaitForConnectWithCancellation|285_0(AwaitableSocketAsyncEventArgs saea, ValueTask connectTask, CancellationToken cancellationToken)
   at System.Net.Http.HttpConnectionPool.ConnectToTcpHostAsync(String host, Int32 port, HttpRequestMessage initialRequest, Boolean async, CancellationToken cancellationToken)
13/11/2025 05:27:26==>Cotizacion Invalida
   at Applet.Nat.Api.Br.Models.DocumentExp.GetCotizacion(String vivstrMoneda, DateTime vivdtm) in C:\Users\Jaco2701\Documents\Visual Studio Projects\Nat\Nat.api\Models\BR\DocumentExp.cs:line 175
   at Applet.Nat.Api.Controllers.MiscController.Statics() in C:\Users\Jaco2701\Documents\Visual Studio Projects\Nat\Nat.api\Controllers\MiscController.cs:line 45
13/11/2025 05:27:26==>Valor de Lista FORMAT:dtmwsmtxca no encontrado
   at Applet.Nat.Api.Static.ListHelper.GetValue(String vivcodType, String vivcodId, NatContext vioContext) in C:\Users\Jaco2701\Documents\Visual Studio Projects\Nat\Nat.api\Static\ListHelper.cs:line 26
   at Applet.Nat.Api.Models.Afip.AfipService.get_ivstrDateformat() in C:\Users\Jaco2701\Documents\Visual Studio Projects\Nat\Nat.api\Models\Afip\AfipService.cs:line 74
   at Applet.Nat.BR.DocumentMTXCA.GetCotizacion(String vivstrMoneda, DateTime vivdtm) in C:\Users\Jaco2701\Documents\Visual Studio Projects\Nat\Nat.api\Models\BR\DocumentMtxca.cs:line 540
13/11/2025 05:27:26==>Cotizacion Invalida
   at Applet.Nat.BR.DocumentMTXCA.GetCotizacion(String vivstrMoneda, DateTime vivdtm) in C:\Users\Jaco2701\Documents\Visual Studio Projects\Nat\Nat.api\Models\BR\DocumentMtxca.cs:line 566
   at Applet.Nat.Api.Controllers.MiscController.Statics() in C:\Users\Jaco2701\Documents\Visual Studio Projects\Nat\Nat.api\Controllers\MiscController.cs:line 65
13/11/2025 05:27:28==>No connection could be made because the target machine actively refused it. (wsfe-homo.arca.gob.ar:443)
   at System.Runtime.AsyncResult.End[TAsyncResult](IAsyncResult result)
   at System.ServiceModel.Channels.ServiceChannel.SendAsyncResult.End(SendAsyncResult result)
   at System.ServiceModel.Channels.ServiceChannel.EndCall(String action, Object[] outs, IAsyncResult result)
   at System.ServiceModel.Channels.ServiceChannelProxy.TaskCreator.<>c__DisplayClass1_0.<CreateGenericTask>b__0(IAsyncResult asyncResult)
--- End of stack trace from previous location ---
   at Applet.Nat.Api.Br.Models.DocumentExp.GetCotizacion(String vivstrMoneda, DateTime vivdtm) in C:\Users\Jaco2701\Documents\Visual Studio Projects\Nat\Nat.api\Models\BR\DocumentExp.cs:line 156
No connection could be made because the target machine actively refused it. (wsfe-homo.arca.gob.ar:443)
   at System.Net.Http.HttpConnectionPool.ConnectToTcpHostAsync(String host, Int32 port, HttpRequestMessage initialRequest, Boolean async, CancellationToken cancellationToken)
   at System.Net.Http.HttpConnectionPool.ConnectAsync(HttpRequestMessage request, Boolean async, CancellationToken cancellationToken)
   at System.Net.Http.HttpConnectionPool.CreateHttp11ConnectionAsync(HttpRequestMessage request, Boolean async, CancellationToken cancellationToken)
   at System.Net.Http.HttpConnectionPool.AddHttp11ConnectionAsync(QueueItem queueItem)
   at System.Threading.Tasks.TaskCompletionSourceWithCancellation`1.WaitWithCancellationAsync(CancellationToken cancellationToken)
   at System.Net.Http.HttpConnectionPool.SendWithVersionDetectionAndRetryAsync(HttpRequestMessage request, Boolean async, Boolean doRequestAuth, CancellationToken cancellationToken)
   at System.Net.Http.DiagnosticsHandler.SendAsyncCore(HttpRequestMessage request, Boolean async, CancellationToken cancellationToken)
   at System.Net.Http.RedirectHandler.SendAsync(HttpRequestMessage request, Boolean async, CancellationToken cancellationToken)
   at System.Net.Http.DecompressionHandler.SendAsync(HttpRequestMessage request, Boolean async, CancellationToken cancellationToken)
   at System.Net.Http.HttpClient.<SendAsync>g__Core|83_0(HttpRequestMessage request, HttpCompletionOption completionOption, CancellationTokenSource cts, Boolean disposeCts, CancellationTokenSource pendingRequestsCts, CancellationToken originalCancellationToken)
   at System.ServiceModel.Channels.HttpChannelFactory`1.HttpClientRequestChannel.HttpClientChannelAsyncRequest.SendRequestAsync(Message message, TimeoutHelper timeoutHelper)
No connection could be made because the target machine actively refused it.
   at System.Net.Sockets.Socket.AwaitableSocketAsyncEventArgs.ThrowException(SocketError error, CancellationToken cancellationToken)
   at System.Net.Sockets.Socket.AwaitableSocketAsyncEventArgs.System.Threading.Tasks.Sources.IValueTaskSource.GetResult(Int16 token)
   at System.Net.Sockets.Socket.<ConnectAsync>g__WaitForConnectWithCancellation|285_0(AwaitableSocketAsyncEventArgs saea, ValueTask connectTask, CancellationToken cancellationToken)
   at System.Net.Http.HttpConnectionPool.ConnectToTcpHostAsync(String host, Int32 port, HttpRequestMessage initialRequest, Boolean async, CancellationToken cancellationToken)
13/11/2025 05:27:28==>Cotizacion Invalida
   at Applet.Nat.Api.Br.Models.DocumentExp.GetCotizacion(String vivstrMoneda, DateTime vivdtm) in C:\Users\Jaco2701\Documents\Visual Studio Projects\Nat\Nat.api\Models\BR\DocumentExp.cs:line 175
   at Applet.Nat.Api.Controllers.MiscController.Statics() in C:\Users\Jaco2701\Documents\Visual Studio Projects\Nat\Nat.api\Controllers\MiscController.cs:line 45
13/11/2025 05:27:28==>Valor de Lista FORMAT:dtmwsmtxca no encontrado
   at Applet.Nat.Api.Static.ListHelper.GetValue(String vivcodType, String vivcodId, NatContext vioContext) in C:\Users\Jaco2701\Documents\Visual Studio Projects\Nat\Nat.api\Static\ListHelper.cs:line 26
   at Applet.Nat.Api.Models.Afip.AfipService.get_ivstrDateformat() in C:\Users\Jaco2701\Documents\Visual Studio Projects\Nat\Nat.api\Models\Afip\AfipService.cs:line 74
   at Applet.Nat.BR.DocumentMTXCA.GetCotizacion(String vivstrMoneda, DateTime vivdtm) in C:\Users\Jaco2701\Documents\Visual Studio Projects\Nat\Nat.api\Models\BR\DocumentMtxca.cs:line 540
13/11/2025 05:27:28==>Cotizacion Invalida
   at Applet.Nat.BR.DocumentMTXCA.GetCotizacion(String vivstrMoneda, DateTime vivdtm) in C:\Users\Jaco2701\Documents\Visual Studio Projects\Nat\Nat.api\Models\BR\DocumentMtxca.cs:line 566
   at Applet.Nat.Api.Controllers.MiscController.Statics() in C:\Users\Jaco2701\Documents\Visual Studio Projects\Nat\Nat.api\Controllers\MiscController.cs:line 65
13/11/2025 05:27:31==>No connection could be made because the target machine actively refused it. (wsfe-homo.arca.gob.ar:443)
   at System.Runtime.AsyncResult.End[TAsyncResult](IAsyncResult result)
   at System.ServiceModel.Channels.ServiceChannel.SendAsyncResult.End(SendAsyncResult result)
   at System.ServiceModel.Channels.ServiceChannel.EndCall(String action, Object[] outs, IAsyncResult result)
   at System.ServiceModel.Channels.ServiceChannelProxy.TaskCreator.<>c__DisplayClass1_0.<CreateGenericTask>b__0(IAsyncResult asyncResult)
--- End of stack trace from previous location ---
   at Applet.Nat.Api.Br.Models.DocumentExp.GetCotizacion(String vivstrMoneda, DateTime vivdtm) in C:\Users\Jaco2701\Documents\Visual Studio Projects\Nat\Nat.api\Models\BR\DocumentExp.cs:line 156
No connection could be made because the target machine actively refused it. (wsfe-homo.arca.gob.ar:443)
   at System.Net.Http.HttpConnectionPool.ConnectToTcpHostAsync(String host, Int32 port, HttpRequestMessage initialRequest, Boolean async, CancellationToken cancellationToken)
   at System.Net.Http.HttpConnectionPool.ConnectAsync(HttpRequestMessage request, Boolean async, CancellationToken cancellationToken)
   at System.Net.Http.HttpConnectionPool.CreateHttp11ConnectionAsync(HttpRequestMessage request, Boolean async, CancellationToken cancellationToken)
   at System.Net.Http.HttpConnectionPool.AddHttp11ConnectionAsync(QueueItem queueItem)
   at System.Threading.Tasks.TaskCompletionSourceWithCancellation`1.WaitWithCancellationAsync(CancellationToken cancellationToken)
   at System.Net.Http.HttpConnectionPool.SendWithVersionDetectionAndRetryAsync(HttpRequestMessage request, Boolean async, Boolean doRequestAuth, CancellationToken cancellationToken)
   at System.Net.Http.DiagnosticsHandler.SendAsyncCore(HttpRequestMessage request, Boolean async, CancellationToken cancellationToken)
   at System.Net.Http.RedirectHandler.SendAsync(HttpRequestMessage request, Boolean async, CancellationToken cancellationToken)
   at System.Net.Http.DecompressionHandler.SendAsync(HttpRequestMessage request, Boolean async, CancellationToken cancellationToken)
   at System.Net.Http.HttpClient.<SendAsync>g__Core|83_0(HttpRequestMessage request, HttpCompletionOption completionOption, CancellationTokenSource cts, Boolean disposeCts, CancellationTokenSource pendingRequestsCts, CancellationToken originalCancellationToken)
   at System.ServiceModel.Channels.HttpChannelFactory`1.HttpClientRequestChannel.HttpClientChannelAsyncRequest.SendRequestAsync(Message message, TimeoutHelper timeoutHelper)
No connection could be made because the target machine actively refused it.
   at System.Net.Sockets.Socket.AwaitableSocketAsyncEventArgs.ThrowException(SocketError error, CancellationToken cancellationToken)
   at System.Net.Sockets.Socket.AwaitableSocketAsyncEventArgs.System.Threading.Tasks.Sources.IValueTaskSource.GetResult(Int16 token)
   at System.Net.Sockets.Socket.<ConnectAsync>g__WaitForConnectWithCancellation|285_0(AwaitableSocketAsyncEventArgs saea, ValueTask connectTask, CancellationToken cancellationToken)
   at System.Net.Http.HttpConnectionPool.ConnectToTcpHostAsync(String host, Int32 port, HttpRequestMessage initialRequest, Boolean async, CancellationToken cancellationToken)
13/11/2025 05:27:31==>Cotizacion Invalida
   at Applet.Nat.Api.Br.Models.DocumentExp.GetCotizacion(String vivstrMoneda, DateTime vivdtm) in C:\Users\Jaco2701\Documents\Visual Studio Projects\Nat\Nat.api\Models\BR\DocumentExp.cs:line 175
   at Applet.Nat.Api.Controllers.MiscController.Statics() in C:\Users\Jaco2701\Documents\Visual Studio Projects\Nat\Nat.api\Controllers\MiscController.cs:line 45
13/11/2025 05:27:31==>Valor de Lista FORMAT:dtmwsmtxca no encontrado
   at Applet.Nat.Api.Static.ListHelper.GetValue(String vivcodType, String vivcodId, NatContext vioContext) in C:\Users\Jaco2701\Documents\Visual Studio Projects\Nat\Nat.api\Static\ListHelper.cs:line 26
   at Applet.Nat.Api.Models.Afip.AfipService.get_ivstrDateformat() in C:\Users\Jaco2701\Documents\Visual Studio Projects\Nat\Nat.api\Models\Afip\AfipService.cs:line 74
   at Applet.Nat.BR.DocumentMTXCA.GetCotizacion(String vivstrMoneda, DateTime vivdtm) in C:\Users\Jaco2701\Documents\Visual Studio Projects\Nat\Nat.api\Models\BR\DocumentMtxca.cs:line 540
13/11/2025 05:27:31==>Cotizacion Invalida
   at Applet.Nat.BR.DocumentMTXCA.GetCotizacion(String vivstrMoneda, DateTime vivdtm) in C:\Users\Jaco2701\Documents\Visual Studio Projects\Nat\Nat.api\Models\BR\DocumentMtxca.cs:line 566
   at Applet.Nat.Api.Controllers.MiscController.Statics() in C:\Users\Jaco2701\Documents\Visual Studio Projects\Nat\Nat.api\Controllers\MiscController.cs:line 65
13/11/2025 05:27:33==>No connection could be made because the target machine actively refused it. (wsfe-homo.arca.gob.ar:443)
   at System.Runtime.AsyncResult.End[TAsyncResult](IAsyncResult result)
   at System.ServiceModel.Channels.ServiceChannel.SendAsyncResult.End(SendAsyncResult result)
   at System.ServiceModel.Channels.ServiceChannel.EndCall(String action, Object[] outs, IAsyncResult result)
   at System.ServiceModel.Channels.ServiceChannelProxy.TaskCreator.<>c__DisplayClass1_0.<CreateGenericTask>b__0(IAsyncResult asyncResult)
--- End of stack trace from previous location ---
   at Applet.Nat.Api.Br.Models.DocumentExp.GetCotizacion(String vivstrMoneda, DateTime vivdtm) in C:\Users\Jaco2701\Documents\Visual Studio Projects\Nat\Nat.api\Models\BR\DocumentExp.cs:line 156
No connection could be made because the target machine actively refused it. (wsfe-homo.arca.gob.ar:443)
   at System.Net.Http.HttpConnectionPool.ConnectToTcpHostAsync(String host, Int32 port, HttpRequestMessage initialRequest, Boolean async, CancellationToken cancellationToken)
   at System.Net.Http.HttpConnectionPool.ConnectAsync(HttpRequestMessage request, Boolean async, CancellationToken cancellationToken)
   at System.Net.Http.HttpConnectionPool.CreateHttp11ConnectionAsync(HttpRequestMessage request, Boolean async, CancellationToken cancellationToken)
   at System.Net.Http.HttpConnectionPool.AddHttp11ConnectionAsync(QueueItem queueItem)
   at System.Threading.Tasks.TaskCompletionSourceWithCancellation`1.WaitWithCancellationAsync(CancellationToken cancellationToken)
   at System.Net.Http.HttpConnectionPool.SendWithVersionDetectionAndRetryAsync(HttpRequestMessage request, Boolean async, Boolean doRequestAuth, CancellationToken cancellationToken)
   at System.Net.Http.DiagnosticsHandler.SendAsyncCore(HttpRequestMessage request, Boolean async, CancellationToken cancellationToken)
   at System.Net.Http.RedirectHandler.SendAsync(HttpRequestMessage request, Boolean async, CancellationToken cancellationToken)
   at System.Net.Http.DecompressionHandler.SendAsync(HttpRequestMessage request, Boolean async, CancellationToken cancellationToken)
   at System.Net.Http.HttpClient.<SendAsync>g__Core|83_0(HttpRequestMessage request, HttpCompletionOption completionOption, CancellationTokenSource cts, Boolean disposeCts, CancellationTokenSource pendingRequestsCts, CancellationToken originalCancellationToken)
   at System.ServiceModel.Channels.HttpChannelFactory`1.HttpClientRequestChannel.HttpClientChannelAsyncRequest.SendRequestAsync(Message message, TimeoutHelper timeoutHelper)
No connection could be made because the target machine actively refused it.
   at System.Net.Sockets.Socket.AwaitableSocketAsyncEventArgs.ThrowException(SocketError error, CancellationToken cancellationToken)
   at System.Net.Sockets.Socket.AwaitableSocketAsyncEventArgs.System.Threading.Tasks.Sources.IValueTaskSource.GetResult(Int16 token)
   at System.Net.Sockets.Socket.<ConnectAsync>g__WaitForConnectWithCancellation|285_0(AwaitableSocketAsyncEventArgs saea, ValueTask connectTask, CancellationToken cancellationToken)
   at System.Net.Http.HttpConnectionPool.ConnectToTcpHostAsync(String host, Int32 port, HttpRequestMessage initialRequest, Boolean async, CancellationToken cancellationToken)
13/11/2025 05:27:33==>Cotizacion Invalida
   at Applet.Nat.Api.Br.Models.DocumentExp.GetCotizacion(String vivstrMoneda, DateTime vivdtm) in C:\Users\Jaco2701\Documents\Visual Studio Projects\Nat\Nat.api\Models\BR\DocumentExp.cs:line 175
   at Applet.Nat.Api.Controllers.MiscController.Statics() in C:\Users\Jaco2701\Documents\Visual Studio Projects\Nat\Nat.api\Controllers\MiscController.cs:line 45
13/11/2025 05:27:33==>Valor de Lista FORMAT:dtmwsmtxca no encontrado
   at Applet.Nat.Api.Static.ListHelper.GetValue(String vivcodType, String vivcodId, NatContext vioContext) in C:\Users\Jaco2701\Documents\Visual Studio Projects\Nat\Nat.api\Static\ListHelper.cs:line 26
   at Applet.Nat.Api.Models.Afip.AfipService.get_ivstrDateformat() in C:\Users\Jaco2701\Documents\Visual Studio Projects\Nat\Nat.api\Models\Afip\AfipService.cs:line 74
   at Applet.Nat.BR.DocumentMTXCA.GetCotizacion(String vivstrMoneda, DateTime vivdtm) in C:\Users\Jaco2701\Documents\Visual Studio Projects\Nat\Nat.api\Models\BR\DocumentMtxca.cs:line 540
13/11/2025 05:27:33==>Cotizacion Invalida
   at Applet.Nat.BR.DocumentMTXCA.GetCotizacion(String vivstrMoneda, DateTime vivdtm) in C:\Users\Jaco2701\Documents\Visual Studio Projects\Nat\Nat.api\Models\BR\DocumentMtxca.cs:line 566
   at Applet.Nat.Api.Controllers.MiscController.Statics() in C:\Users\Jaco2701\Documents\Visual Studio Projects\Nat\Nat.api\Controllers\MiscController.cs:line 65
