25/09/2025 09:27:30==>Valor de Lista CUIT:0 no encontrado
   at Applet.Nat.Api.Static.ListHelper.GetValue(String vivcodType, String vivcodId, NatContext vioContext) in C:\Users\Jaco2701\Documents\Visual Studio Projects\Nat\Nat.Api\Static\ListHelper.cs:line 26
   at Applet.Nat.Api.Controllers.MiscController.Statics() in C:\Users\Jaco2701\Documents\Visual Studio Projects\Nat\Nat.Api\Controllers\MiscController.cs:line 44
25/09/2025 09:27:30==>Valor de Lista CUIT:0 no encontrado
   at Applet.Nat.Api.Static.ListHelper.GetValue(String vivcodType, String vivcodId, NatContext vioContext) in C:\Users\Jaco2701\Documents\Visual Studio Projects\Nat\Nat.Api\Static\ListHelper.cs:line 26
   at Applet.Nat.Api.Controllers.MiscController.Statics() in C:\Users\Jaco2701\Documents\Visual Studio Projects\Nat\Nat.Api\Controllers\MiscController.cs:line 54
25/09/2025 09:27:30==>Valor de Lista CUIT:0 no encontrado
   at Applet.Nat.Api.Static.ListHelper.GetValue(String vivcodType, String vivcodId, NatContext vioContext) in C:\Users\Jaco2701\Documents\Visual Studio Projects\Nat\Nat.Api\Static\ListHelper.cs:line 26
   at Applet.Nat.Api.Controllers.MiscController.Statics() in C:\Users\Jaco2701\Documents\Visual Studio Projects\Nat\Nat.Api\Controllers\MiscController.cs:line 64
25/09/2025 09:27:30==>Valor de Lista CUIT:0 no encontrado
   at Applet.Nat.Api.Static.ListHelper.GetValue(String vivcodType, String vivcodId, NatContext vioContext) in C:\Users\Jaco2701\Documents\Visual Studio Projects\Nat\Nat.Api\Static\ListHelper.cs:line 26
   at Applet.Nat.Api.Controllers.MiscController.Statics() in C:\Users\Jaco2701\Documents\Visual Studio Projects\Nat\Nat.Api\Controllers\MiscController.cs:line 44
25/09/2025 09:27:30==>Valor de Lista CUIT:0 no encontrado
   at Applet.Nat.Api.Static.ListHelper.GetValue(String vivcodType, String vivcodId, NatContext vioContext) in C:\Users\Jaco2701\Documents\Visual Studio Projects\Nat\Nat.Api\Static\ListHelper.cs:line 26
   at Applet.Nat.Api.Controllers.MiscController.Statics() in C:\Users\Jaco2701\Documents\Visual Studio Projects\Nat\Nat.Api\Controllers\MiscController.cs:line 54
25/09/2025 09:27:30==>Valor de Lista CUIT:0 no encontrado
   at Applet.Nat.Api.Static.ListHelper.GetValue(String vivcodType, String vivcodId, NatContext vioContext) in C:\Users\Jaco2701\Documents\Visual Studio Projects\Nat\Nat.Api\Static\ListHelper.cs:line 26
   at Applet.Nat.Api.Controllers.MiscController.Statics() in C:\Users\Jaco2701\Documents\Visual Studio Projects\Nat\Nat.Api\Controllers\MiscController.cs:line 64
25/09/2025 09:27:31==>Valor de Lista CUIT:0 no encontrado
   at Applet.Nat.Api.Static.ListHelper.GetValue(String vivcodType, String vivcodId, NatContext vioContext) in C:\Users\Jaco2701\Documents\Visual Studio Projects\Nat\Nat.Api\Static\ListHelper.cs:line 26
   at Applet.Nat.Api.Controllers.MiscController.Statics() in C:\Users\Jaco2701\Documents\Visual Studio Projects\Nat\Nat.Api\Controllers\MiscController.cs:line 44
25/09/2025 09:27:31==>Valor de Lista CUIT:0 no encontrado
   at Applet.Nat.Api.Static.ListHelper.GetValue(String vivcodType, String vivcodId, NatContext vioContext) in C:\Users\Jaco2701\Documents\Visual Studio Projects\Nat\Nat.Api\Static\ListHelper.cs:line 26
   at Applet.Nat.Api.Controllers.MiscController.Statics() in C:\Users\Jaco2701\Documents\Visual Studio Projects\Nat\Nat.Api\Controllers\MiscController.cs:line 54
25/09/2025 09:27:31==>Valor de Lista CUIT:0 no encontrado
   at Applet.Nat.Api.Static.ListHelper.GetValue(String vivcodType, String vivcodId, NatContext vioContext) in C:\Users\Jaco2701\Documents\Visual Studio Projects\Nat\Nat.Api\Static\ListHelper.cs:line 26
   at Applet.Nat.Api.Controllers.MiscController.Statics() in C:\Users\Jaco2701\Documents\Visual Studio Projects\Nat\Nat.Api\Controllers\MiscController.cs:line 64
25/09/2025 09:30:32==>Nombre de Archivo de Ingreso invalido (N_...
   at Applet.Nat.Api.Br.Models.InDocumentTXT.ToDocumentUser() in C:\Users\Jaco2701\Documents\Visual Studio Projects\Nat\Nat.Api\Models\BR\InDocumentTXT.cs:line 48
25/09/2025 09:30:48==>Linea 81: Id no Encontrado o con forrmato erroneo.

   at Applet.Nat.Api.Br.Models.InDocumentTXT.ToDocumentUser() in C:\Users\Jaco2701\Documents\Visual Studio Projects\Nat\Nat.Api\Models\BR\InDocumentTXT.cs:line 1487
25/09/2025 09:32:11==>Linea 81: Id no Encontrado o con forrmato erroneo.

   at Applet.Nat.Api.Br.Models.InDocumentTXT.ToDocumentUser() in C:\Users\Jaco2701\Documents\Visual Studio Projects\Nat\Nat.Api\Models\BR\InDocumentTXT.cs:line 1487
25/09/2025 09:37:10==>Valor de Lista CUIT:0 no encontrado
   at Applet.Nat.Api.Static.ListHelper.GetValue(String vivcodType, String vivcodId, NatContext vioContext) in C:\Users\Jaco2701\Documents\Visual Studio Projects\Nat\Nat.Api\Static\ListHelper.cs:line 26
   at Applet.Nat.Api.Controllers.MiscController.Statics() in C:\Users\Jaco2701\Documents\Visual Studio Projects\Nat\Nat.Api\Controllers\MiscController.cs:line 44
25/09/2025 09:37:10==>Valor de Lista CUIT:0 no encontrado
   at Applet.Nat.Api.Static.ListHelper.GetValue(String vivcodType, String vivcodId, NatContext vioContext) in C:\Users\Jaco2701\Documents\Visual Studio Projects\Nat\Nat.Api\Static\ListHelper.cs:line 26
   at Applet.Nat.Api.Controllers.MiscController.Statics() in C:\Users\Jaco2701\Documents\Visual Studio Projects\Nat\Nat.Api\Controllers\MiscController.cs:line 54
25/09/2025 09:37:10==>Valor de Lista CUIT:0 no encontrado
   at Applet.Nat.Api.Static.ListHelper.GetValue(String vivcodType, String vivcodId, NatContext vioContext) in C:\Users\Jaco2701\Documents\Visual Studio Projects\Nat\Nat.Api\Static\ListHelper.cs:line 26
   at Applet.Nat.Api.Controllers.MiscController.Statics() in C:\Users\Jaco2701\Documents\Visual Studio Projects\Nat\Nat.Api\Controllers\MiscController.cs:line 64
25/09/2025 09:37:11==>Valor de Lista CUIT:0 no encontrado
   at Applet.Nat.Api.Static.ListHelper.GetValue(String vivcodType, String vivcodId, NatContext vioContext) in C:\Users\Jaco2701\Documents\Visual Studio Projects\Nat\Nat.Api\Static\ListHelper.cs:line 26
   at Applet.Nat.Api.Controllers.MiscController.Statics() in C:\Users\Jaco2701\Documents\Visual Studio Projects\Nat\Nat.Api\Controllers\MiscController.cs:line 44
25/09/2025 09:37:11==>Valor de Lista CUIT:0 no encontrado
   at Applet.Nat.Api.Static.ListHelper.GetValue(String vivcodType, String vivcodId, NatContext vioContext) in C:\Users\Jaco2701\Documents\Visual Studio Projects\Nat\Nat.Api\Static\ListHelper.cs:line 26
   at Applet.Nat.Api.Controllers.MiscController.Statics() in C:\Users\Jaco2701\Documents\Visual Studio Projects\Nat\Nat.Api\Controllers\MiscController.cs:line 54
25/09/2025 09:37:11==>Valor de Lista CUIT:0 no encontrado
   at Applet.Nat.Api.Static.ListHelper.GetValue(String vivcodType, String vivcodId, NatContext vioContext) in C:\Users\Jaco2701\Documents\Visual Studio Projects\Nat\Nat.Api\Static\ListHelper.cs:line 26
   at Applet.Nat.Api.Controllers.MiscController.Statics() in C:\Users\Jaco2701\Documents\Visual Studio Projects\Nat\Nat.Api\Controllers\MiscController.cs:line 64
25/09/2025 09:37:11==>Valor de Lista CUIT:0 no encontrado
   at Applet.Nat.Api.Static.ListHelper.GetValue(String vivcodType, String vivcodId, NatContext vioContext) in C:\Users\Jaco2701\Documents\Visual Studio Projects\Nat\Nat.Api\Static\ListHelper.cs:line 26
   at Applet.Nat.Api.Controllers.MiscController.Statics() in C:\Users\Jaco2701\Documents\Visual Studio Projects\Nat\Nat.Api\Controllers\MiscController.cs:line 44
25/09/2025 09:37:11==>Valor de Lista CUIT:0 no encontrado
   at Applet.Nat.Api.Static.ListHelper.GetValue(String vivcodType, String vivcodId, NatContext vioContext) in C:\Users\Jaco2701\Documents\Visual Studio Projects\Nat\Nat.Api\Static\ListHelper.cs:line 26
   at Applet.Nat.Api.Controllers.MiscController.Statics() in C:\Users\Jaco2701\Documents\Visual Studio Projects\Nat\Nat.Api\Controllers\MiscController.cs:line 54
25/09/2025 09:37:11==>Valor de Lista CUIT:0 no encontrado
   at Applet.Nat.Api.Static.ListHelper.GetValue(String vivcodType, String vivcodId, NatContext vioContext) in C:\Users\Jaco2701\Documents\Visual Studio Projects\Nat\Nat.Api\Static\ListHelper.cs:line 26
   at Applet.Nat.Api.Controllers.MiscController.Statics() in C:\Users\Jaco2701\Documents\Visual Studio Projects\Nat\Nat.Api\Controllers\MiscController.cs:line 64
25/09/2025 09:37:31==>Linea 81: Id no Encontrado o con forrmato erroneo.

   at Applet.Nat.Api.Br.Models.InDocumentTXT.ToDocumentUser() in C:\Users\Jaco2701\Documents\Visual Studio Projects\Nat\Nat.Api\Models\BR\InDocumentTXT.cs:line 1487
25/09/2025 09:41:19==>Valor de Lista CUIT:0 no encontrado
   at Applet.Nat.Api.Static.ListHelper.GetValue(String vivcodType, String vivcodId, NatContext vioContext) in C:\Users\Jaco2701\Documents\Visual Studio Projects\Nat\Nat.Api\Static\ListHelper.cs:line 26
   at Applet.Nat.Api.Controllers.MiscController.Statics() in C:\Users\Jaco2701\Documents\Visual Studio Projects\Nat\Nat.Api\Controllers\MiscController.cs:line 44
25/09/2025 09:41:19==>Valor de Lista CUIT:0 no encontrado
   at Applet.Nat.Api.Static.ListHelper.GetValue(String vivcodType, String vivcodId, NatContext vioContext) in C:\Users\Jaco2701\Documents\Visual Studio Projects\Nat\Nat.Api\Static\ListHelper.cs:line 26
   at Applet.Nat.Api.Controllers.MiscController.Statics() in C:\Users\Jaco2701\Documents\Visual Studio Projects\Nat\Nat.Api\Controllers\MiscController.cs:line 54
25/09/2025 09:41:19==>Valor de Lista CUIT:0 no encontrado
   at Applet.Nat.Api.Static.ListHelper.GetValue(String vivcodType, String vivcodId, NatContext vioContext) in C:\Users\Jaco2701\Documents\Visual Studio Projects\Nat\Nat.Api\Static\ListHelper.cs:line 26
   at Applet.Nat.Api.Controllers.MiscController.Statics() in C:\Users\Jaco2701\Documents\Visual Studio Projects\Nat\Nat.Api\Controllers\MiscController.cs:line 64
25/09/2025 09:41:28==>Valor de Lista CUIT:0 no encontrado
   at Applet.Nat.Api.Static.ListHelper.GetValue(String vivcodType, String vivcodId, NatContext vioContext) in C:\Users\Jaco2701\Documents\Visual Studio Projects\Nat\Nat.Api\Static\ListHelper.cs:line 26
   at Applet.Nat.Api.Controllers.MiscController.Statics() in C:\Users\Jaco2701\Documents\Visual Studio Projects\Nat\Nat.Api\Controllers\MiscController.cs:line 44
25/09/2025 09:41:28==>Valor de Lista CUIT:0 no encontrado
   at Applet.Nat.Api.Static.ListHelper.GetValue(String vivcodType, String vivcodId, NatContext vioContext) in C:\Users\Jaco2701\Documents\Visual Studio Projects\Nat\Nat.Api\Static\ListHelper.cs:line 26
   at Applet.Nat.Api.Controllers.MiscController.Statics() in C:\Users\Jaco2701\Documents\Visual Studio Projects\Nat\Nat.Api\Controllers\MiscController.cs:line 54
25/09/2025 09:41:28==>Valor de Lista CUIT:0 no encontrado
   at Applet.Nat.Api.Static.ListHelper.GetValue(String vivcodType, String vivcodId, NatContext vioContext) in C:\Users\Jaco2701\Documents\Visual Studio Projects\Nat\Nat.Api\Static\ListHelper.cs:line 26
   at Applet.Nat.Api.Controllers.MiscController.Statics() in C:\Users\Jaco2701\Documents\Visual Studio Projects\Nat\Nat.Api\Controllers\MiscController.cs:line 64
25/09/2025 09:41:28==>Valor de Lista CUIT:0 no encontrado
   at Applet.Nat.Api.Static.ListHelper.GetValue(String vivcodType, String vivcodId, NatContext vioContext) in C:\Users\Jaco2701\Documents\Visual Studio Projects\Nat\Nat.Api\Static\ListHelper.cs:line 26
   at Applet.Nat.Api.Controllers.MiscController.Statics() in C:\Users\Jaco2701\Documents\Visual Studio Projects\Nat\Nat.Api\Controllers\MiscController.cs:line 44
25/09/2025 09:41:28==>Valor de Lista CUIT:0 no encontrado
   at Applet.Nat.Api.Static.ListHelper.GetValue(String vivcodType, String vivcodId, NatContext vioContext) in C:\Users\Jaco2701\Documents\Visual Studio Projects\Nat\Nat.Api\Static\ListHelper.cs:line 26
   at Applet.Nat.Api.Controllers.MiscController.Statics() in C:\Users\Jaco2701\Documents\Visual Studio Projects\Nat\Nat.Api\Controllers\MiscController.cs:line 54
25/09/2025 09:41:28==>Valor de Lista CUIT:0 no encontrado
   at Applet.Nat.Api.Static.ListHelper.GetValue(String vivcodType, String vivcodId, NatContext vioContext) in C:\Users\Jaco2701\Documents\Visual Studio Projects\Nat\Nat.Api\Static\ListHelper.cs:line 26
   at Applet.Nat.Api.Controllers.MiscController.Statics() in C:\Users\Jaco2701\Documents\Visual Studio Projects\Nat\Nat.Api\Controllers\MiscController.cs:line 64
25/09/2025 09:42:09==>Linea 81: Id OtrosTributosno Encontrado o con forrmato erroneo.

   at Applet.Nat.Api.Br.Models.InDocumentTXT.ToDocumentUser() in C:\Users\Jaco2701\Documents\Visual Studio Projects\Nat\Nat.Api\Models\BR\InDocumentTXT.cs:line 1487
25/09/2025 09:44:12==>Linea 81: Id Otros Tributos no Encontrado o con forrmato erroneo.

   at Applet.Nat.Api.Br.Models.InDocumentTXT.ToDocumentUser() in C:\Users\Jaco2701\Documents\Visual Studio Projects\Nat\Nat.Api\Models\BR\InDocumentTXT.cs:line 1487
25/09/2025 09:46:20==>Linea 81: Id Otros Tributos no Encontrado o con forrmato erroneo.

   at Applet.Nat.Api.Br.Models.InDocumentTXT.ToDocumentUser() in C:\Users\Jaco2701\Documents\Visual Studio Projects\Nat\Nat.Api\Models\BR\InDocumentTXT.cs:line 1487
25/09/2025 09:49:49==>Linea 81: Id Otros Tributos no Encontrado o con forrmato erroneo.

   at Applet.Nat.Api.Br.Models.InDocumentTXT.ToDocumentUser() in C:\Users\Jaco2701\Documents\Visual Studio Projects\Nat\Nat.Api\Models\BR\InDocumentTXT.cs:line 1487
25/09/2025 09:57:16==>Valor de Lista CUIT:0 no encontrado
   at Applet.Nat.Api.Static.ListHelper.GetValue(String vivcodType, String vivcodId, NatContext vioContext) in C:\Users\Jaco2701\Documents\Visual Studio Projects\Nat\Nat.Api\Static\ListHelper.cs:line 26
   at Applet.Nat.Api.Controllers.MiscController.Statics() in C:\Users\Jaco2701\Documents\Visual Studio Projects\Nat\Nat.Api\Controllers\MiscController.cs:line 44
25/09/2025 09:57:16==>Valor de Lista CUIT:0 no encontrado
   at Applet.Nat.Api.Static.ListHelper.GetValue(String vivcodType, String vivcodId, NatContext vioContext) in C:\Users\Jaco2701\Documents\Visual Studio Projects\Nat\Nat.Api\Static\ListHelper.cs:line 26
   at Applet.Nat.Api.Controllers.MiscController.Statics() in C:\Users\Jaco2701\Documents\Visual Studio Projects\Nat\Nat.Api\Controllers\MiscController.cs:line 54
25/09/2025 09:57:16==>Valor de Lista CUIT:0 no encontrado
   at Applet.Nat.Api.Static.ListHelper.GetValue(String vivcodType, String vivcodId, NatContext vioContext) in C:\Users\Jaco2701\Documents\Visual Studio Projects\Nat\Nat.Api\Static\ListHelper.cs:line 26
   at Applet.Nat.Api.Controllers.MiscController.Statics() in C:\Users\Jaco2701\Documents\Visual Studio Projects\Nat\Nat.Api\Controllers\MiscController.cs:line 64
25/09/2025 09:57:16==>Valor de Lista CUIT:0 no encontrado
   at Applet.Nat.Api.Static.ListHelper.GetValue(String vivcodType, String vivcodId, NatContext vioContext) in C:\Users\Jaco2701\Documents\Visual Studio Projects\Nat\Nat.Api\Static\ListHelper.cs:line 26
   at Applet.Nat.Api.Controllers.MiscController.Statics() in C:\Users\Jaco2701\Documents\Visual Studio Projects\Nat\Nat.Api\Controllers\MiscController.cs:line 44
25/09/2025 09:57:16==>Valor de Lista CUIT:0 no encontrado
   at Applet.Nat.Api.Static.ListHelper.GetValue(String vivcodType, String vivcodId, NatContext vioContext) in C:\Users\Jaco2701\Documents\Visual Studio Projects\Nat\Nat.Api\Static\ListHelper.cs:line 26
   at Applet.Nat.Api.Controllers.MiscController.Statics() in C:\Users\Jaco2701\Documents\Visual Studio Projects\Nat\Nat.Api\Controllers\MiscController.cs:line 54
25/09/2025 09:57:16==>Valor de Lista CUIT:0 no encontrado
   at Applet.Nat.Api.Static.ListHelper.GetValue(String vivcodType, String vivcodId, NatContext vioContext) in C:\Users\Jaco2701\Documents\Visual Studio Projects\Nat\Nat.Api\Static\ListHelper.cs:line 26
   at Applet.Nat.Api.Controllers.MiscController.Statics() in C:\Users\Jaco2701\Documents\Visual Studio Projects\Nat\Nat.Api\Controllers\MiscController.cs:line 64
25/09/2025 12:56:03==>Valor de Lista CUIT:0 no encontrado
   at Applet.Nat.Api.Static.ListHelper.GetValue(String vivcodType, String vivcodId, NatContext vioContext) in C:\Users\Jaco2701\Documents\Visual Studio Projects\Nat\Nat.Api\Static\ListHelper.cs:line 26
   at Applet.Nat.Api.Controllers.MiscController.Statics() in C:\Users\Jaco2701\Documents\Visual Studio Projects\Nat\Nat.Api\Controllers\MiscController.cs:line 44
25/09/2025 12:56:03==>Valor de Lista CUIT:0 no encontrado
   at Applet.Nat.Api.Static.ListHelper.GetValue(String vivcodType, String vivcodId, NatContext vioContext) in C:\Users\Jaco2701\Documents\Visual Studio Projects\Nat\Nat.Api\Static\ListHelper.cs:line 26
   at Applet.Nat.Api.Controllers.MiscController.Statics() in C:\Users\Jaco2701\Documents\Visual Studio Projects\Nat\Nat.Api\Controllers\MiscController.cs:line 54
25/09/2025 12:56:03==>Valor de Lista CUIT:0 no encontrado
   at Applet.Nat.Api.Static.ListHelper.GetValue(String vivcodType, String vivcodId, NatContext vioContext) in C:\Users\Jaco2701\Documents\Visual Studio Projects\Nat\Nat.Api\Static\ListHelper.cs:line 26
   at Applet.Nat.Api.Controllers.MiscController.Statics() in C:\Users\Jaco2701\Documents\Visual Studio Projects\Nat\Nat.Api\Controllers\MiscController.cs:line 64
25/09/2025 12:56:03==>Valor de Lista CUIT:0 no encontrado
   at Applet.Nat.Api.Static.ListHelper.GetValue(String vivcodType, String vivcodId, NatContext vioContext) in C:\Users\Jaco2701\Documents\Visual Studio Projects\Nat\Nat.Api\Static\ListHelper.cs:line 26
   at Applet.Nat.Api.Controllers.MiscController.Statics() in C:\Users\Jaco2701\Documents\Visual Studio Projects\Nat\Nat.Api\Controllers\MiscController.cs:line 44
25/09/2025 12:56:03==>Valor de Lista CUIT:0 no encontrado
   at Applet.Nat.Api.Static.ListHelper.GetValue(String vivcodType, String vivcodId, NatContext vioContext) in C:\Users\Jaco2701\Documents\Visual Studio Projects\Nat\Nat.Api\Static\ListHelper.cs:line 26
   at Applet.Nat.Api.Controllers.MiscController.Statics() in C:\Users\Jaco2701\Documents\Visual Studio Projects\Nat\Nat.Api\Controllers\MiscController.cs:line 54
25/09/2025 12:56:03==>Valor de Lista CUIT:0 no encontrado
   at Applet.Nat.Api.Static.ListHelper.GetValue(String vivcodType, String vivcodId, NatContext vioContext) in C:\Users\Jaco2701\Documents\Visual Studio Projects\Nat\Nat.Api\Static\ListHelper.cs:line 26
   at Applet.Nat.Api.Controllers.MiscController.Statics() in C:\Users\Jaco2701\Documents\Visual Studio Projects\Nat\Nat.Api\Controllers\MiscController.cs:line 64
25/09/2025 12:56:03==>Valor de Lista CUIT:0 no encontrado
   at Applet.Nat.Api.Static.ListHelper.GetValue(String vivcodType, String vivcodId, NatContext vioContext) in C:\Users\Jaco2701\Documents\Visual Studio Projects\Nat\Nat.Api\Static\ListHelper.cs:line 26
   at Applet.Nat.Api.Controllers.MiscController.Statics() in C:\Users\Jaco2701\Documents\Visual Studio Projects\Nat\Nat.Api\Controllers\MiscController.cs:line 44
25/09/2025 12:56:03==>Valor de Lista CUIT:0 no encontrado
   at Applet.Nat.Api.Static.ListHelper.GetValue(String vivcodType, String vivcodId, NatContext vioContext) in C:\Users\Jaco2701\Documents\Visual Studio Projects\Nat\Nat.Api\Static\ListHelper.cs:line 26
   at Applet.Nat.Api.Controllers.MiscController.Statics() in C:\Users\Jaco2701\Documents\Visual Studio Projects\Nat\Nat.Api\Controllers\MiscController.cs:line 54
25/09/2025 12:56:03==>Valor de Lista CUIT:0 no encontrado
   at Applet.Nat.Api.Static.ListHelper.GetValue(String vivcodType, String vivcodId, NatContext vioContext) in C:\Users\Jaco2701\Documents\Visual Studio Projects\Nat\Nat.Api\Static\ListHelper.cs:line 26
   at Applet.Nat.Api.Controllers.MiscController.Statics() in C:\Users\Jaco2701\Documents\Visual Studio Projects\Nat\Nat.Api\Controllers\MiscController.cs:line 64
25/09/2025 12:59:45==>Linea 81: Alicuota Otros Tributos no Encontrada o con forrmato erroneo.

   at Applet.Nat.Api.Br.Models.InDocumentTXT.ToDocumentUser() in C:\Users\Jaco2701\Documents\Visual Studio Projects\Nat\Nat.Api\Models\BR\InDocumentTXT.cs:line 1487
25/09/2025 01:00:45==>Linea 81: Alicuota Otros Tributos no Encontrada o con forrmato erroneo.

   at Applet.Nat.Api.Br.Models.InDocumentTXT.ToDocumentUser() in C:\Users\Jaco2701\Documents\Visual Studio Projects\Nat\Nat.Api\Models\BR\InDocumentTXT.cs:line 1487
25/09/2025 01:01:33==>The archive entry was compressed using an unsupported compression method.
   at System.IO.Compression.Inflater.Inflate(FlushCode flushCode)
   at System.IO.Compression.Inflater.ReadInflateOutput(Byte* bufPtr, Int32 length, FlushCode flushCode, Int32& bytesRead)
   at System.IO.Compression.Inflater.InflateVerified(Byte* bufPtr, Int32 length)
   at System.IO.Compression.DeflateStream.CopyToStream.Write(Byte[] buffer, Int32 offset, Int32 count)
   at System.IO.Compression.DeflateStream.CopyToStream.CopyFromSourceToDestination()
   at System.IO.Compression.DeflateStream.CopyTo(Stream destination, Int32 bufferSize)
   at Applet.Nat.Api.Static.Format.UnCompress2(String value) in C:\Users\Jaco2701\Documents\Visual Studio Projects\Nat\Nat.Api\Static\Format.cs:line 370
   at Applet.Nat.Api.Static.Format.UnCompress(String vivstr, Encoding vioEncoding) in C:\Users\Jaco2701\Documents\Visual Studio Projects\Nat\Nat.Api\Static\Format.cs:line 360
   at Applet.Nat.Api.Br.Models.InDocumentXML.ToDocumentUser() in C:\Users\Jaco2701\Documents\Visual Studio Projects\Nat\Nat.Api\Models\BR\InDocumentXML.cs:line 34
25/09/2025 01:01:33==>no Encontrado o con forrmato erroneo.
   at Applet.Nat.Api.Br.Models.Document.Save() in C:\Users\Jaco2701\Documents\Visual Studio Projects\Nat\Nat.Api\Models\BR\Document.cs:line 132
   at Applet.Nat.Api.Static.Queue.UploadDocument(DocumentsUploadRequest vioDocumentsUpload, IConfiguration vioConfiguration) in C:\Users\Jaco2701\Documents\Visual Studio Projects\Nat\Nat.Api\Static\Queue.cs:line 346
25/09/2025 01:06:20==>Valor de Lista CUIT:0 no encontrado
   at Applet.Nat.Api.Static.ListHelper.GetValue(String vivcodType, String vivcodId, NatContext vioContext) in C:\Users\Jaco2701\Documents\Visual Studio Projects\Nat\Nat.Api\Static\ListHelper.cs:line 26
   at Applet.Nat.Api.Controllers.MiscController.Statics() in C:\Users\Jaco2701\Documents\Visual Studio Projects\Nat\Nat.Api\Controllers\MiscController.cs:line 44
25/09/2025 01:06:20==>Valor de Lista CUIT:0 no encontrado
   at Applet.Nat.Api.Static.ListHelper.GetValue(String vivcodType, String vivcodId, NatContext vioContext) in C:\Users\Jaco2701\Documents\Visual Studio Projects\Nat\Nat.Api\Static\ListHelper.cs:line 26
   at Applet.Nat.Api.Controllers.MiscController.Statics() in C:\Users\Jaco2701\Documents\Visual Studio Projects\Nat\Nat.Api\Controllers\MiscController.cs:line 54
25/09/2025 01:06:20==>Valor de Lista CUIT:0 no encontrado
   at Applet.Nat.Api.Static.ListHelper.GetValue(String vivcodType, String vivcodId, NatContext vioContext) in C:\Users\Jaco2701\Documents\Visual Studio Projects\Nat\Nat.Api\Static\ListHelper.cs:line 26
   at Applet.Nat.Api.Controllers.MiscController.Statics() in C:\Users\Jaco2701\Documents\Visual Studio Projects\Nat\Nat.Api\Controllers\MiscController.cs:line 64
25/09/2025 01:06:20==>Valor de Lista CUIT:0 no encontrado
   at Applet.Nat.Api.Static.ListHelper.GetValue(String vivcodType, String vivcodId, NatContext vioContext) in C:\Users\Jaco2701\Documents\Visual Studio Projects\Nat\Nat.Api\Static\ListHelper.cs:line 26
   at Applet.Nat.Api.Controllers.MiscController.Statics() in C:\Users\Jaco2701\Documents\Visual Studio Projects\Nat\Nat.Api\Controllers\MiscController.cs:line 44
25/09/2025 01:06:20==>Valor de Lista CUIT:0 no encontrado
   at Applet.Nat.Api.Static.ListHelper.GetValue(String vivcodType, String vivcodId, NatContext vioContext) in C:\Users\Jaco2701\Documents\Visual Studio Projects\Nat\Nat.Api\Static\ListHelper.cs:line 26
   at Applet.Nat.Api.Controllers.MiscController.Statics() in C:\Users\Jaco2701\Documents\Visual Studio Projects\Nat\Nat.Api\Controllers\MiscController.cs:line 54
25/09/2025 01:06:20==>Valor de Lista CUIT:0 no encontrado
   at Applet.Nat.Api.Static.ListHelper.GetValue(String vivcodType, String vivcodId, NatContext vioContext) in C:\Users\Jaco2701\Documents\Visual Studio Projects\Nat\Nat.Api\Static\ListHelper.cs:line 26
   at Applet.Nat.Api.Controllers.MiscController.Statics() in C:\Users\Jaco2701\Documents\Visual Studio Projects\Nat\Nat.Api\Controllers\MiscController.cs:line 64
25/09/2025 01:06:20==>Valor de Lista CUIT:0 no encontrado
   at Applet.Nat.Api.Static.ListHelper.GetValue(String vivcodType, String vivcodId, NatContext vioContext) in C:\Users\Jaco2701\Documents\Visual Studio Projects\Nat\Nat.Api\Static\ListHelper.cs:line 26
   at Applet.Nat.Api.Controllers.MiscController.Statics() in C:\Users\Jaco2701\Documents\Visual Studio Projects\Nat\Nat.Api\Controllers\MiscController.cs:line 44
25/09/2025 01:06:20==>Valor de Lista CUIT:0 no encontrado
   at Applet.Nat.Api.Static.ListHelper.GetValue(String vivcodType, String vivcodId, NatContext vioContext) in C:\Users\Jaco2701\Documents\Visual Studio Projects\Nat\Nat.Api\Static\ListHelper.cs:line 26
   at Applet.Nat.Api.Controllers.MiscController.Statics() in C:\Users\Jaco2701\Documents\Visual Studio Projects\Nat\Nat.Api\Controllers\MiscController.cs:line 54
25/09/2025 01:06:20==>Valor de Lista CUIT:0 no encontrado
   at Applet.Nat.Api.Static.ListHelper.GetValue(String vivcodType, String vivcodId, NatContext vioContext) in C:\Users\Jaco2701\Documents\Visual Studio Projects\Nat\Nat.Api\Static\ListHelper.cs:line 26
   at Applet.Nat.Api.Controllers.MiscController.Statics() in C:\Users\Jaco2701\Documents\Visual Studio Projects\Nat\Nat.Api\Controllers\MiscController.cs:line 64
25/09/2025 01:07:01==>The archive entry was compressed using an unsupported compression method.
   at System.IO.Compression.Inflater.Inflate(FlushCode flushCode)
   at System.IO.Compression.Inflater.ReadInflateOutput(Byte* bufPtr, Int32 length, FlushCode flushCode, Int32& bytesRead)
   at System.IO.Compression.Inflater.ReadOutput(Byte* bufPtr, Int32 length, Int32& bytesRead)
   at System.IO.Compression.Inflater.InflateVerified(Byte* bufPtr, Int32 length)
   at System.IO.Compression.DeflateStream.CopyToStream.Write(Byte[] buffer, Int32 offset, Int32 count)
   at System.IO.Compression.DeflateStream.CopyToStream.CopyFromSourceToDestination()
   at Applet.Nat.Api.Static.Format.UnCompress2(String value) in C:\Users\Jaco2701\Documents\Visual Studio Projects\Nat\Nat.Api\Static\Format.cs:line 370
   at Applet.Nat.Api.Static.Format.UnCompress(String vivstr, Encoding vioEncoding) in C:\Users\Jaco2701\Documents\Visual Studio Projects\Nat\Nat.Api\Static\Format.cs:line 360
   at Applet.Nat.Api.Br.Models.InDocumentXML.ToDocumentUser() in C:\Users\Jaco2701\Documents\Visual Studio Projects\Nat\Nat.Api\Models\BR\InDocumentXML.cs:line 34
25/09/2025 01:07:01==>no Encontrado o con forrmato erroneo.
   at Applet.Nat.Api.Br.Models.Document.Save() in C:\Users\Jaco2701\Documents\Visual Studio Projects\Nat\Nat.Api\Models\BR\Document.cs:line 132
   at Applet.Nat.Api.Static.Queue.UploadDocument(DocumentsUploadRequest vioDocumentsUpload, IConfiguration vioConfiguration) in C:\Users\Jaco2701\Documents\Visual Studio Projects\Nat\Nat.Api\Static\Queue.cs:line 346
25/09/2025 01:07:44==>The archive entry was compressed using an unsupported compression method.
   at System.IO.Compression.Inflater.Inflate(FlushCode flushCode)
   at System.IO.Compression.Inflater.ReadInflateOutput(Byte* bufPtr, Int32 length, FlushCode flushCode, Int32& bytesRead)
   at System.IO.Compression.Inflater.ReadOutput(Byte* bufPtr, Int32 length, Int32& bytesRead)
   at System.IO.Compression.Inflater.InflateVerified(Byte* bufPtr, Int32 length)
   at System.IO.Compression.DeflateStream.CopyToStream.Write(Byte[] buffer, Int32 offset, Int32 count)
   at System.IO.Compression.DeflateStream.CopyToStream.CopyFromSourceToDestination()
   at Applet.Nat.Api.Static.Format.UnCompress2(String value) in C:\Users\Jaco2701\Documents\Visual Studio Projects\Nat\Nat.Api\Static\Format.cs:line 370
   at Applet.Nat.Api.Static.Format.UnCompress(String vivstr, Encoding vioEncoding) in C:\Users\Jaco2701\Documents\Visual Studio Projects\Nat\Nat.Api\Static\Format.cs:line 360
   at Applet.Nat.Api.Br.Models.InDocumentXML.ToDocumentUser() in C:\Users\Jaco2701\Documents\Visual Studio Projects\Nat\Nat.Api\Models\BR\InDocumentXML.cs:line 34
25/09/2025 01:11:08==>The archive entry was compressed using an unsupported compression method.
   at System.IO.Compression.Inflater.Inflate(FlushCode flushCode)
   at System.IO.Compression.Inflater.ReadInflateOutput(Byte* bufPtr, Int32 length, FlushCode flushCode, Int32& bytesRead)
   at System.IO.Compression.Inflater.ReadOutput(Byte* bufPtr, Int32 length, Int32& bytesRead)
   at System.IO.Compression.Inflater.InflateVerified(Byte* bufPtr, Int32 length)
   at System.IO.Compression.DeflateStream.CopyToStream.Write(Byte[] buffer, Int32 offset, Int32 count)
   at System.IO.Compression.DeflateStream.CopyToStream.CopyFromSourceToDestination()
   at Applet.Nat.Api.Static.Format.UnCompress2(String value) in C:\Users\Jaco2701\Documents\Visual Studio Projects\Nat\Nat.Api\Static\Format.cs:line 370
   at Applet.Nat.Api.Static.Format.UnCompress(String vivstr, Encoding vioEncoding) in C:\Users\Jaco2701\Documents\Visual Studio Projects\Nat\Nat.Api\Static\Format.cs:line 360
   at Applet.Nat.Api.Br.Models.InDocumentXML.ToDocumentUser() in C:\Users\Jaco2701\Documents\Visual Studio Projects\Nat\Nat.Api\Models\BR\InDocumentXML.cs:line 34
25/09/2025 01:48:44==>Valor de Lista CUIT:0 no encontrado
   at Applet.Nat.Api.Static.ListHelper.GetValue(String vivcodType, String vivcodId, NatContext vioContext) in C:\Users\Jaco2701\Documents\Visual Studio Projects\Nat\Nat.Api\Static\ListHelper.cs:line 26
   at Applet.Nat.Api.Controllers.MiscController.Statics() in C:\Users\Jaco2701\Documents\Visual Studio Projects\Nat\Nat.Api\Controllers\MiscController.cs:line 44
25/09/2025 01:48:45==>Valor de Lista CUIT:0 no encontrado
   at Applet.Nat.Api.Static.ListHelper.GetValue(String vivcodType, String vivcodId, NatContext vioContext) in C:\Users\Jaco2701\Documents\Visual Studio Projects\Nat\Nat.Api\Static\ListHelper.cs:line 26
   at Applet.Nat.Api.Controllers.MiscController.Statics() in C:\Users\Jaco2701\Documents\Visual Studio Projects\Nat\Nat.Api\Controllers\MiscController.cs:line 54
25/09/2025 01:48:45==>Valor de Lista CUIT:0 no encontrado
   at Applet.Nat.Api.Static.ListHelper.GetValue(String vivcodType, String vivcodId, NatContext vioContext) in C:\Users\Jaco2701\Documents\Visual Studio Projects\Nat\Nat.Api\Static\ListHelper.cs:line 26
   at Applet.Nat.Api.Controllers.MiscController.Statics() in C:\Users\Jaco2701\Documents\Visual Studio Projects\Nat\Nat.Api\Controllers\MiscController.cs:line 64
25/09/2025 01:48:45==>Valor de Lista CUIT:0 no encontrado
   at Applet.Nat.Api.Static.ListHelper.GetValue(String vivcodType, String vivcodId, NatContext vioContext) in C:\Users\Jaco2701\Documents\Visual Studio Projects\Nat\Nat.Api\Static\ListHelper.cs:line 26
   at Applet.Nat.Api.Controllers.MiscController.Statics() in C:\Users\Jaco2701\Documents\Visual Studio Projects\Nat\Nat.Api\Controllers\MiscController.cs:line 44
25/09/2025 01:48:45==>Valor de Lista CUIT:0 no encontrado
   at Applet.Nat.Api.Static.ListHelper.GetValue(String vivcodType, String vivcodId, NatContext vioContext) in C:\Users\Jaco2701\Documents\Visual Studio Projects\Nat\Nat.Api\Static\ListHelper.cs:line 26
   at Applet.Nat.Api.Controllers.MiscController.Statics() in C:\Users\Jaco2701\Documents\Visual Studio Projects\Nat\Nat.Api\Controllers\MiscController.cs:line 54
25/09/2025 01:48:45==>Valor de Lista CUIT:0 no encontrado
   at Applet.Nat.Api.Static.ListHelper.GetValue(String vivcodType, String vivcodId, NatContext vioContext) in C:\Users\Jaco2701\Documents\Visual Studio Projects\Nat\Nat.Api\Static\ListHelper.cs:line 26
   at Applet.Nat.Api.Controllers.MiscController.Statics() in C:\Users\Jaco2701\Documents\Visual Studio Projects\Nat\Nat.Api\Controllers\MiscController.cs:line 64
25/09/2025 01:51:51==>The archive entry was compressed using an unsupported compression method.
   at System.IO.Compression.Inflater.Inflate(FlushCode flushCode)
   at System.IO.Compression.Inflater.ReadInflateOutput(Byte* bufPtr, Int32 length, FlushCode flushCode, Int32& bytesRead)
   at System.IO.Compression.Inflater.ReadOutput(Byte* bufPtr, Int32 length, Int32& bytesRead)
   at System.IO.Compression.Inflater.InflateVerified(Byte* bufPtr, Int32 length)
   at System.IO.Compression.DeflateStream.CopyToStream.Write(Byte[] buffer, Int32 offset, Int32 count)
   at System.IO.Compression.DeflateStream.CopyToStream.CopyFromSourceToDestination()
   at Applet.Nat.Api.Static.Format.UnCompress2(String value) in C:\Users\Jaco2701\Documents\Visual Studio Projects\Nat\Nat.Api\Static\Format.cs:line 376
   at Applet.Nat.Api.Static.Format.UnCompress(String vivstr, Encoding vioEncoding) in C:\Users\Jaco2701\Documents\Visual Studio Projects\Nat\Nat.Api\Static\Format.cs:line 366
   at Applet.Nat.Api.Br.Models.InDocumentXML.ToDocumentUser() in C:\Users\Jaco2701\Documents\Visual Studio Projects\Nat\Nat.Api\Models\BR\InDocumentXML.cs:line 34
25/09/2025 01:52:01==>Data at the root level is invalid. Line 1, position 1.
   at System.Xml.XmlTextReaderImpl.Throw(Exception e)
   at System.Xml.XmlTextReaderImpl.Throw(String res, String arg)
   at System.Xml.XmlTextReaderImpl.ParseRootLevelWhitespace()
   at System.Xml.XmlTextReaderImpl.ParseDocumentContent()
   at System.Xml.XmlLoader.Load(XmlDocument doc, XmlReader reader, Boolean preserveWhitespace)
   at System.Xml.XmlDocument.Load(XmlReader reader)
   at System.Xml.XmlDocument.LoadXml(String xml)
   at Applet.Nat.Api.Br.Models.InDocumentXML.ToDocumentUser() in C:\Users\Jaco2701\Documents\Visual Studio Projects\Nat\Nat.Api\Models\BR\InDocumentXML.cs:line 40
25/09/2025 01:52:20==>Data at the root level is invalid. Line 1, position 1.
   at System.Xml.XmlTextReaderImpl.Throw(Exception e)
   at System.Xml.XmlTextReaderImpl.Throw(String res, String arg)
   at System.Xml.XmlTextReaderImpl.ParseRootLevelWhitespace()
   at System.Xml.XmlTextReaderImpl.ParseDocumentContent()
   at System.Xml.XmlLoader.Load(XmlDocument doc, XmlReader reader, Boolean preserveWhitespace)
   at System.Xml.XmlDocument.Load(XmlReader reader)
   at System.Xml.XmlDocument.LoadXml(String xml)
   at Applet.Nat.Api.Br.Models.InDocumentXML.ToDocumentUser() in C:\Users\Jaco2701\Documents\Visual Studio Projects\Nat\Nat.Api\Models\BR\InDocumentXML.cs:line 40
25/09/2025 02:03:10==>The archive entry was compressed using an unsupported compression method.
   at System.IO.Compression.Inflater.Inflate(FlushCode flushCode)
   at System.IO.Compression.Inflater.ReadInflateOutput(Byte* bufPtr, Int32 length, FlushCode flushCode, Int32& bytesRead)
   at System.IO.Compression.Inflater.ReadOutput(Byte* bufPtr, Int32 length, Int32& bytesRead)
   at System.IO.Compression.Inflater.InflateVerified(Byte* bufPtr, Int32 length)
   at System.IO.Compression.DeflateStream.CopyToStream.Write(Byte[] buffer, Int32 offset, Int32 count)
   at System.IO.Compression.DeflateStream.CopyToStream.CopyFromSourceToDestination()
   at Applet.Nat.Api.Static.Format.UnCompress2(String value) in C:\Users\Jaco2701\Documents\Visual Studio Projects\Nat\Nat.Api\Static\Format.cs:line 383
   at Applet.Nat.Api.Static.Format.UnCompress(String vivstr, Encoding vioEncoding) in C:\Users\Jaco2701\Documents\Visual Studio Projects\Nat\Nat.Api\Static\Format.cs:line 373
   at Applet.Nat.Api.Br.Models.InDocumentXML.ToDocumentUser() in C:\Users\Jaco2701\Documents\Visual Studio Projects\Nat\Nat.Api\Models\BR\InDocumentXML.cs:line 34
25/09/2025 02:03:53==>The archive entry was compressed using an unsupported compression method.
   at System.IO.Compression.Inflater.Inflate(FlushCode flushCode)
   at System.IO.Compression.Inflater.ReadInflateOutput(Byte* bufPtr, Int32 length, FlushCode flushCode, Int32& bytesRead)
   at System.IO.Compression.Inflater.ReadOutput(Byte* bufPtr, Int32 length, Int32& bytesRead)
   at System.IO.Compression.Inflater.InflateVerified(Byte* bufPtr, Int32 length)
   at System.IO.Compression.DeflateStream.CopyToStream.Write(Byte[] buffer, Int32 offset, Int32 count)
   at System.IO.Compression.DeflateStream.CopyToStream.CopyFromSourceToDestination()
   at Applet.Nat.Api.Static.Format.UnCompress2(String value) in C:\Users\Jaco2701\Documents\Visual Studio Projects\Nat\Nat.Api\Static\Format.cs:line 383
   at Applet.Nat.Api.Static.Format.UnCompress(String vivstr, Encoding vioEncoding) in C:\Users\Jaco2701\Documents\Visual Studio Projects\Nat\Nat.Api\Static\Format.cs:line 373
   at Applet.Nat.Api.Br.Models.InDocumentXML.ToDocumentUser() in C:\Users\Jaco2701\Documents\Visual Studio Projects\Nat\Nat.Api\Models\BR\InDocumentXML.cs:line 34
25/09/2025 02:05:19==>The archive entry was compressed using an unsupported compression method.
   at System.IO.Compression.Inflater.Inflate(FlushCode flushCode)
   at System.IO.Compression.Inflater.ReadInflateOutput(Byte* bufPtr, Int32 length, FlushCode flushCode, Int32& bytesRead)
   at System.IO.Compression.Inflater.InflateVerified(Byte* bufPtr, Int32 length)
   at System.IO.Compression.DeflateStream.CopyToStream.Write(Byte[] buffer, Int32 offset, Int32 count)
   at System.IO.Compression.DeflateStream.CopyToStream.CopyFromSourceToDestination()
   at System.IO.Compression.DeflateStream.CopyTo(Stream destination, Int32 bufferSize)
   at Applet.Nat.Api.Static.Format.UnCompress2(String value) in C:\Users\Jaco2701\Documents\Visual Studio Projects\Nat\Nat.Api\Static\Format.cs:line 383
   at Applet.Nat.Api.Static.Format.UnCompress(String vivstr, Encoding vioEncoding) in C:\Users\Jaco2701\Documents\Visual Studio Projects\Nat\Nat.Api\Static\Format.cs:line 373
   at Applet.Nat.Api.Br.Models.InDocumentXML.ToDocumentUser() in C:\Users\Jaco2701\Documents\Visual Studio Projects\Nat\Nat.Api\Models\BR\InDocumentXML.cs:line 34
25/09/2025 02:49:02==>Valor de Lista CUIT:0 no encontrado
   at Applet.Nat.Api.Static.ListHelper.GetValue(String vivcodType, String vivcodId, NatContext vioContext) in C:\Users\Jaco2701\Documents\Visual Studio Projects\Nat\Nat.Api\Static\ListHelper.cs:line 26
   at Applet.Nat.Api.Controllers.MiscController.Statics() in C:\Users\Jaco2701\Documents\Visual Studio Projects\Nat\Nat.Api\Controllers\MiscController.cs:line 44
25/09/2025 02:49:02==>Valor de Lista CUIT:0 no encontrado
   at Applet.Nat.Api.Static.ListHelper.GetValue(String vivcodType, String vivcodId, NatContext vioContext) in C:\Users\Jaco2701\Documents\Visual Studio Projects\Nat\Nat.Api\Static\ListHelper.cs:line 26
   at Applet.Nat.Api.Controllers.MiscController.Statics() in C:\Users\Jaco2701\Documents\Visual Studio Projects\Nat\Nat.Api\Controllers\MiscController.cs:line 54
25/09/2025 02:49:02==>Valor de Lista CUIT:0 no encontrado
   at Applet.Nat.Api.Static.ListHelper.GetValue(String vivcodType, String vivcodId, NatContext vioContext) in C:\Users\Jaco2701\Documents\Visual Studio Projects\Nat\Nat.Api\Static\ListHelper.cs:line 26
   at Applet.Nat.Api.Controllers.MiscController.Statics() in C:\Users\Jaco2701\Documents\Visual Studio Projects\Nat\Nat.Api\Controllers\MiscController.cs:line 64
25/09/2025 02:49:03==>Valor de Lista CUIT:0 no encontrado
   at Applet.Nat.Api.Static.ListHelper.GetValue(String vivcodType, String vivcodId, NatContext vioContext) in C:\Users\Jaco2701\Documents\Visual Studio Projects\Nat\Nat.Api\Static\ListHelper.cs:line 26
   at Applet.Nat.Api.Controllers.MiscController.Statics() in C:\Users\Jaco2701\Documents\Visual Studio Projects\Nat\Nat.Api\Controllers\MiscController.cs:line 44
25/09/2025 02:49:03==>Valor de Lista CUIT:0 no encontrado
   at Applet.Nat.Api.Static.ListHelper.GetValue(String vivcodType, String vivcodId, NatContext vioContext) in C:\Users\Jaco2701\Documents\Visual Studio Projects\Nat\Nat.Api\Static\ListHelper.cs:line 26
   at Applet.Nat.Api.Controllers.MiscController.Statics() in C:\Users\Jaco2701\Documents\Visual Studio Projects\Nat\Nat.Api\Controllers\MiscController.cs:line 54
25/09/2025 02:49:03==>Valor de Lista CUIT:0 no encontrado
   at Applet.Nat.Api.Static.ListHelper.GetValue(String vivcodType, String vivcodId, NatContext vioContext) in C:\Users\Jaco2701\Documents\Visual Studio Projects\Nat\Nat.Api\Static\ListHelper.cs:line 26
   at Applet.Nat.Api.Controllers.MiscController.Statics() in C:\Users\Jaco2701\Documents\Visual Studio Projects\Nat\Nat.Api\Controllers\MiscController.cs:line 64
25/09/2025 02:49:03==>Valor de Lista CUIT:0 no encontrado
   at Applet.Nat.Api.Static.ListHelper.GetValue(String vivcodType, String vivcodId, NatContext vioContext) in C:\Users\Jaco2701\Documents\Visual Studio Projects\Nat\Nat.Api\Static\ListHelper.cs:line 26
   at Applet.Nat.Api.Controllers.MiscController.Statics() in C:\Users\Jaco2701\Documents\Visual Studio Projects\Nat\Nat.Api\Controllers\MiscController.cs:line 44
25/09/2025 02:49:03==>Valor de Lista CUIT:0 no encontrado
   at Applet.Nat.Api.Static.ListHelper.GetValue(String vivcodType, String vivcodId, NatContext vioContext) in C:\Users\Jaco2701\Documents\Visual Studio Projects\Nat\Nat.Api\Static\ListHelper.cs:line 26
   at Applet.Nat.Api.Controllers.MiscController.Statics() in C:\Users\Jaco2701\Documents\Visual Studio Projects\Nat\Nat.Api\Controllers\MiscController.cs:line 54
25/09/2025 02:49:03==>Valor de Lista CUIT:0 no encontrado
   at Applet.Nat.Api.Static.ListHelper.GetValue(String vivcodType, String vivcodId, NatContext vioContext) in C:\Users\Jaco2701\Documents\Visual Studio Projects\Nat\Nat.Api\Static\ListHelper.cs:line 26
   at Applet.Nat.Api.Controllers.MiscController.Statics() in C:\Users\Jaco2701\Documents\Visual Studio Projects\Nat\Nat.Api\Controllers\MiscController.cs:line 64
25/09/2025 02:49:29==>The archive entry was compressed using an unsupported compression method.
   at System.IO.Compression.Inflater.Inflate(FlushCode flushCode)
   at System.IO.Compression.Inflater.ReadInflateOutput(Byte* bufPtr, Int32 length, FlushCode flushCode, Int32& bytesRead)
   at System.IO.Compression.Inflater.ReadOutput(Byte* bufPtr, Int32 length, Int32& bytesRead)
   at System.IO.Compression.Inflater.InflateVerified(Byte* bufPtr, Int32 length)
   at System.IO.Compression.DeflateStream.CopyToStream.Write(Byte[] buffer, Int32 offset, Int32 count)
   at System.IO.Compression.DeflateStream.CopyToStream.CopyFromSourceToDestination()
   at Applet.Nat.Api.Static.Format.UnCompress2(String value) in C:\Users\Jaco2701\Documents\Visual Studio Projects\Nat\Nat.Api\Static\Format.cs:line 383
   at Applet.Nat.Api.Static.Format.UnCompress(String vivstr, Encoding vioEncoding) in C:\Users\Jaco2701\Documents\Visual Studio Projects\Nat\Nat.Api\Static\Format.cs:line 373
   at Applet.Nat.Api.Br.Models.InDocumentXML.ToDocumentUser() in C:\Users\Jaco2701\Documents\Visual Studio Projects\Nat\Nat.Api\Models\BR\InDocumentXML.cs:line 34
25/09/2025 02:49:47==>no Encontrado o con forrmato erroneo.
   at Applet.Nat.Api.Br.Models.Document.SendResponse() in C:\Users\Jaco2701\Documents\Visual Studio Projects\Nat\Nat.Api\Models\BR\Document.cs:line 291
   at Applet.Nat.Api.Br.Models.Document.Auth() in C:\Users\Jaco2701\Documents\Visual Studio Projects\Nat\Nat.Api\Models\BR\Document.cs:line 272
25/09/2025 02:49:47==>Propiedad ivstrFechaPedido xpath //ns:DTE/ns:Extensions/ns:Extension/ns:StringField[@name ='FechaPedido'] no Encontrado o con forrmato erroneo.
Propiedad ivstrFechaSolicitada xpath //ns:DTE/ns:Extensions/ns:Extension/ns:StringField[@name ='FechaSolicitada'] no Encontrado o con forrmato erroneo.
Propiedad ivstrFechaEntrega xpath //ns:DTE/ns:Extensions/ns:Extension/ns:StringField[@name ='FechaEntrega'] no Encontrado o con forrmato erroneo.
Propiedad ivstrContacto xpath //ns:DTE/ns:Extensions/ns:Extension/ns:StringField[@name ='Contacto'] no Encontrado o con forrmato erroneo.
Propiedad ivstrFax xpath //ns:DTE/ns:Extensions/ns:Extension/ns:StringField[@name ='Fax'] no Encontrado o con forrmato erroneo.
Propiedad ivstrCodigoClienteEntrega xpath //ns:DTE/ns:Extensions/ns:Extension/ns:StringField[@name ='CodigoClienteEntrega'] no Encontrado o con forrmato erroneo.
Propiedad ivstrNombreEntrega xpath //ns:DTE/ns:Extensions/ns:Extension/ns:StringField[@name ='NombreEntrega'] no Encontrado o con forrmato erroneo.
Propiedad ivstrDomicilioEntrega xpath //ns:DTE/ns:Extensions/ns:Extension/ns:StringField[@name ='DomicilioEntrega'] no Encontrado o con forrmato erroneo.
Propiedad ivstrCPEntrega xpath //ns:DTE/ns:Extensions/ns:Extension/ns:StringField[@name ='CPEntrega'] no Encontrado o con forrmato erroneo.
Propiedad ivstrCiudadEntrega xpath //ns:DTE/ns:Extensions/ns:Extension/ns:StringField[@name ='CiudadEntrega'] no Encontrado o con forrmato erroneo.
Propiedad ivstrProvinciaEntrega xpath //ns:DTE/ns:Extensions/ns:Extension/ns:StringField[@name ='ProvinciaEntrega'] no Encontrado o con forrmato erroneo.
Propiedad ivstrPaisEntrega xpath //ns:DTE/ns:Extensions/ns:Extension/ns:StringField[@name ='PaisEntrega'] no Encontrado o con forrmato erroneo.
Propiedad ivdblTasaUSD xpath //ns:DTE/ns:Extensions/ns:Extension/ns:NumericField[@name ='TasaUSD'] no Encontrado o con forrmato erroneo.
Propiedad ivdblImporteDolar xpath //ns:DTE/ns:Extensions/ns:Extension/ns:NumericField[@name ='ImporteDolar'] no Encontrado o con forrmato erroneo.

   at Applet.Nat.Api.Br.Models.InDocumentTXT.ToPrint() in C:\Users\Jaco2701\Documents\Visual Studio Projects\Nat\Nat.Api\Models\BR\InDocumentTXT.cs:line 1781
   at Applet.Nat.Api.Br.Models.Document.Print() in C:\Users\Jaco2701\Documents\Visual Studio Projects\Nat\Nat.Api\Models\BR\Document.cs:line 428
25/09/2025 02:49:47==>Error en Impresion de Documento
   at Applet.Nat.Api.Br.Models.Document.Print() in C:\Users\Jaco2701\Documents\Visual Studio Projects\Nat\Nat.Api\Models\BR\Document.cs:line 478
   at Applet.Nat.Api.Static.Queue.BuildTaskDocs(List`1 vcvlngDocsToTask, IConfiguration vioConfiguration) in C:\Users\Jaco2701\Documents\Visual Studio Projects\Nat\Nat.Api\Static\Queue.cs:line 125
25/09/2025 02:50:07==>Insufficient memory to continue the execution of the program.
   at System.Text.StringBuilder.ExpandByABlock(Int32 minBlockCharCount)
   at System.Text.StringBuilder.AppendWithExpansion(Char& value, Int32 valueCount)
   at System.Text.StringBuilder.Append(Char[] value, Int32 startIndex, Int32 charCount)
   at System.IO.StreamReader.ReadToEnd()
   at System.IO.File.ReadAllText(String path, Encoding encoding)
   at Applet.Nat.Api.Static.Queue.BuildTaskUpLoad(IConfiguration vioConfiguration) in C:\Users\Jaco2701\Documents\Visual Studio Projects\Nat\Nat.Api\Static\Queue.cs:line 206
25/09/2025 02:50:11==>Propiedad ivstrFechaPedido xpath //ns:DTE/ns:Extensions/ns:Extension/ns:StringField[@name ='FechaPedido'] no Encontrado o con forrmato erroneo.
Propiedad ivstrFechaSolicitada xpath //ns:DTE/ns:Extensions/ns:Extension/ns:StringField[@name ='FechaSolicitada'] no Encontrado o con forrmato erroneo.
Propiedad ivstrFechaEntrega xpath //ns:DTE/ns:Extensions/ns:Extension/ns:StringField[@name ='FechaEntrega'] no Encontrado o con forrmato erroneo.
Propiedad ivstrContacto xpath //ns:DTE/ns:Extensions/ns:Extension/ns:StringField[@name ='Contacto'] no Encontrado o con forrmato erroneo.
Propiedad ivstrFax xpath //ns:DTE/ns:Extensions/ns:Extension/ns:StringField[@name ='Fax'] no Encontrado o con forrmato erroneo.
Propiedad ivstrCodigoClienteEntrega xpath //ns:DTE/ns:Extensions/ns:Extension/ns:StringField[@name ='CodigoClienteEntrega'] no Encontrado o con forrmato erroneo.
Propiedad ivstrNombreEntrega xpath //ns:DTE/ns:Extensions/ns:Extension/ns:StringField[@name ='NombreEntrega'] no Encontrado o con forrmato erroneo.
Propiedad ivstrDomicilioEntrega xpath //ns:DTE/ns:Extensions/ns:Extension/ns:StringField[@name ='DomicilioEntrega'] no Encontrado o con forrmato erroneo.
Propiedad ivstrCPEntrega xpath //ns:DTE/ns:Extensions/ns:Extension/ns:StringField[@name ='CPEntrega'] no Encontrado o con forrmato erroneo.
Propiedad ivstrCiudadEntrega xpath //ns:DTE/ns:Extensions/ns:Extension/ns:StringField[@name ='CiudadEntrega'] no Encontrado o con forrmato erroneo.
Propiedad ivstrProvinciaEntrega xpath //ns:DTE/ns:Extensions/ns:Extension/ns:StringField[@name ='ProvinciaEntrega'] no Encontrado o con forrmato erroneo.
Propiedad ivstrPaisEntrega xpath //ns:DTE/ns:Extensions/ns:Extension/ns:StringField[@name ='PaisEntrega'] no Encontrado o con forrmato erroneo.
Propiedad ivdblTasaUSD xpath //ns:DTE/ns:Extensions/ns:Extension/ns:NumericField[@name ='TasaUSD'] no Encontrado o con forrmato erroneo.
Propiedad ivdblImporteDolar xpath //ns:DTE/ns:Extensions/ns:Extension/ns:NumericField[@name ='ImporteDolar'] no Encontrado o con forrmato erroneo.

   at Applet.Nat.Api.Br.Models.InDocumentTXT.ToPrint() in C:\Users\Jaco2701\Documents\Visual Studio Projects\Nat\Nat.Api\Models\BR\InDocumentTXT.cs:line 1781
   at Applet.Nat.Api.Br.Models.Document.Print() in C:\Users\Jaco2701\Documents\Visual Studio Projects\Nat\Nat.Api\Models\BR\Document.cs:line 428
25/09/2025 02:50:11==>Error en Impresion de Documento
   at Applet.Nat.Api.Br.Models.Document.Print() in C:\Users\Jaco2701\Documents\Visual Studio Projects\Nat\Nat.Api\Models\BR\Document.cs:line 478
   at Applet.Nat.Api.Controllers.DocumentController.Task(DocumentTask vioDocumentTask) in C:\Users\Jaco2701\Documents\Visual Studio Projects\Nat\Nat.Api\Controllers\DocumentController.cs:line 172
25/09/2025 02:50:38==>Insufficient memory to continue the execution of the program.
   at System.Text.StringBuilder.ExpandByABlock(Int32 minBlockCharCount)
   at System.Text.StringBuilder.AppendWithExpansion(Char& value, Int32 valueCount)
   at System.Text.StringBuilder.Append(Char[] value, Int32 startIndex, Int32 charCount)
   at System.IO.StreamReader.ReadToEnd()
   at System.IO.File.ReadAllText(String path, Encoding encoding)
   at Applet.Nat.Api.Static.Queue.BuildTaskUpLoad(IConfiguration vioConfiguration) in C:\Users\Jaco2701\Documents\Visual Studio Projects\Nat\Nat.Api\Static\Queue.cs:line 206
25/09/2025 02:50:59==>Propiedad ivstrFechaPedido xpath //ns:DTE/ns:Extensions/ns:Extension/ns:StringField[@name ='FechaPedido'] no Encontrado o con forrmato erroneo.
Propiedad ivstrFechaSolicitada xpath //ns:DTE/ns:Extensions/ns:Extension/ns:StringField[@name ='FechaSolicitada'] no Encontrado o con forrmato erroneo.
Propiedad ivstrFechaEntrega xpath //ns:DTE/ns:Extensions/ns:Extension/ns:StringField[@name ='FechaEntrega'] no Encontrado o con forrmato erroneo.
Propiedad ivstrContacto xpath //ns:DTE/ns:Extensions/ns:Extension/ns:StringField[@name ='Contacto'] no Encontrado o con forrmato erroneo.
Propiedad ivstrFax xpath //ns:DTE/ns:Extensions/ns:Extension/ns:StringField[@name ='Fax'] no Encontrado o con forrmato erroneo.
Propiedad ivstrCodigoClienteEntrega xpath //ns:DTE/ns:Extensions/ns:Extension/ns:StringField[@name ='CodigoClienteEntrega'] no Encontrado o con forrmato erroneo.
Propiedad ivstrNombreEntrega xpath //ns:DTE/ns:Extensions/ns:Extension/ns:StringField[@name ='NombreEntrega'] no Encontrado o con forrmato erroneo.
Propiedad ivstrDomicilioEntrega xpath //ns:DTE/ns:Extensions/ns:Extension/ns:StringField[@name ='DomicilioEntrega'] no Encontrado o con forrmato erroneo.
Propiedad ivstrCPEntrega xpath //ns:DTE/ns:Extensions/ns:Extension/ns:StringField[@name ='CPEntrega'] no Encontrado o con forrmato erroneo.
Propiedad ivstrCiudadEntrega xpath //ns:DTE/ns:Extensions/ns:Extension/ns:StringField[@name ='CiudadEntrega'] no Encontrado o con forrmato erroneo.
Propiedad ivstrProvinciaEntrega xpath //ns:DTE/ns:Extensions/ns:Extension/ns:StringField[@name ='ProvinciaEntrega'] no Encontrado o con forrmato erroneo.
Propiedad ivstrPaisEntrega xpath //ns:DTE/ns:Extensions/ns:Extension/ns:StringField[@name ='PaisEntrega'] no Encontrado o con forrmato erroneo.
Propiedad ivdblTasaUSD xpath //ns:DTE/ns:Extensions/ns:Extension/ns:NumericField[@name ='TasaUSD'] no Encontrado o con forrmato erroneo.
Propiedad ivdblImporteDolar xpath //ns:DTE/ns:Extensions/ns:Extension/ns:NumericField[@name ='ImporteDolar'] no Encontrado o con forrmato erroneo.

   at Applet.Nat.Api.Br.Models.InDocumentTXT.ToPrint() in C:\Users\Jaco2701\Documents\Visual Studio Projects\Nat\Nat.Api\Models\BR\InDocumentTXT.cs:line 1781
   at Applet.Nat.Api.Br.Models.Document.Print() in C:\Users\Jaco2701\Documents\Visual Studio Projects\Nat\Nat.Api\Models\BR\Document.cs:line 428
25/09/2025 02:50:59==>Error en Impresion de Documento
   at Applet.Nat.Api.Br.Models.Document.Print() in C:\Users\Jaco2701\Documents\Visual Studio Projects\Nat\Nat.Api\Models\BR\Document.cs:line 478
   at Applet.Nat.Api.Controllers.DocumentController.Task(DocumentTask vioDocumentTask) in C:\Users\Jaco2701\Documents\Visual Studio Projects\Nat\Nat.Api\Controllers\DocumentController.cs:line 172
25/09/2025 02:51:20==>Insufficient memory to continue the execution of the program.
   at System.Text.StringBuilder.ExpandByABlock(Int32 minBlockCharCount)
   at System.Text.StringBuilder.AppendWithExpansion(Char& value, Int32 valueCount)
   at System.Text.StringBuilder.Append(Char[] value, Int32 startIndex, Int32 charCount)
   at System.IO.StreamReader.ReadToEnd()
   at System.IO.File.ReadAllText(String path, Encoding encoding)
   at Applet.Nat.Api.Static.Queue.BuildTaskUpLoad(IConfiguration vioConfiguration) in C:\Users\Jaco2701\Documents\Visual Studio Projects\Nat\Nat.Api\Static\Queue.cs:line 206
25/09/2025 02:51:51==>Insufficient memory to continue the execution of the program.
   at System.Text.StringBuilder.ExpandByABlock(Int32 minBlockCharCount)
   at System.Text.StringBuilder.AppendWithExpansion(Char& value, Int32 valueCount)
   at System.Text.StringBuilder.Append(Char[] value, Int32 startIndex, Int32 charCount)
   at System.IO.StreamReader.ReadToEnd()
   at System.IO.File.ReadAllText(String path, Encoding encoding)
   at Applet.Nat.Api.Static.Queue.BuildTaskUpLoad(IConfiguration vioConfiguration) in C:\Users\Jaco2701\Documents\Visual Studio Projects\Nat\Nat.Api\Static\Queue.cs:line 206
25/09/2025 02:52:22==>Insufficient memory to continue the execution of the program.
   at System.Text.StringBuilder.ExpandByABlock(Int32 minBlockCharCount)
   at System.Text.StringBuilder.AppendWithExpansion(Char& value, Int32 valueCount)
   at System.Text.StringBuilder.Append(Char[] value, Int32 startIndex, Int32 charCount)
   at System.IO.StreamReader.ReadToEnd()
   at System.IO.File.ReadAllText(String path, Encoding encoding)
   at Applet.Nat.Api.Static.Queue.BuildTaskUpLoad(IConfiguration vioConfiguration) in C:\Users\Jaco2701\Documents\Visual Studio Projects\Nat\Nat.Api\Static\Queue.cs:line 206
25/09/2025 02:52:53==>Insufficient memory to continue the execution of the program.
   at System.Text.StringBuilder.ExpandByABlock(Int32 minBlockCharCount)
   at System.Text.StringBuilder.AppendWithExpansion(Char& value, Int32 valueCount)
   at System.Text.StringBuilder.Append(Char[] value, Int32 startIndex, Int32 charCount)
   at System.IO.StreamReader.ReadToEnd()
   at System.IO.File.ReadAllText(String path, Encoding encoding)
   at Applet.Nat.Api.Static.Queue.BuildTaskUpLoad(IConfiguration vioConfiguration) in C:\Users\Jaco2701\Documents\Visual Studio Projects\Nat\Nat.Api\Static\Queue.cs:line 206
25/09/2025 02:53:24==>Insufficient memory to continue the execution of the program.
   at System.Text.StringBuilder.ExpandByABlock(Int32 minBlockCharCount)
   at System.Text.StringBuilder.AppendWithExpansion(Char& value, Int32 valueCount)
   at System.Text.StringBuilder.Append(Char[] value, Int32 startIndex, Int32 charCount)
   at System.IO.StreamReader.ReadToEnd()
   at System.IO.File.ReadAllText(String path, Encoding encoding)
   at Applet.Nat.Api.Static.Queue.BuildTaskUpLoad(IConfiguration vioConfiguration) in C:\Users\Jaco2701\Documents\Visual Studio Projects\Nat\Nat.Api\Static\Queue.cs:line 206
25/09/2025 02:53:38==>The archive entry was compressed using an unsupported compression method.
   at System.IO.Compression.Inflater.Inflate(FlushCode flushCode)
   at System.IO.Compression.Inflater.ReadInflateOutput(Byte* bufPtr, Int32 length, FlushCode flushCode, Int32& bytesRead)
   at System.IO.Compression.Inflater.InflateVerified(Byte* bufPtr, Int32 length)
   at System.IO.Compression.DeflateStream.CopyToStream.CopyFromSourceToDestination()
   at System.IO.Compression.DeflateStream.CopyTo(Stream destination, Int32 bufferSize)
   at Applet.Nat.Api.Static.Format.UnCompress2(String value) in C:\Users\Jaco2701\Documents\Visual Studio Projects\Nat\Nat.Api\Static\Format.cs:line 383
   at Applet.Nat.Api.Static.Format.UnCompress(String vivstr, Encoding vioEncoding) in C:\Users\Jaco2701\Documents\Visual Studio Projects\Nat\Nat.Api\Static\Format.cs:line 373
   at Applet.Nat.Api.Br.Models.InDocumentXML.ToDocumentUser() in C:\Users\Jaco2701\Documents\Visual Studio Projects\Nat\Nat.Api\Models\BR\InDocumentXML.cs:line 34
25/09/2025 02:53:55==>Insufficient memory to continue the execution of the program.
   at System.Text.StringBuilder.ExpandByABlock(Int32 minBlockCharCount)
   at System.Text.StringBuilder.AppendWithExpansion(Char& value, Int32 valueCount)
   at System.Text.StringBuilder.Append(Char[] value, Int32 startIndex, Int32 charCount)
   at System.IO.StreamReader.ReadToEnd()
   at System.IO.File.ReadAllText(String path, Encoding encoding)
   at Applet.Nat.Api.Static.Queue.BuildTaskUpLoad(IConfiguration vioConfiguration) in C:\Users\Jaco2701\Documents\Visual Studio Projects\Nat\Nat.Api\Static\Queue.cs:line 206
25/09/2025 02:54:06==>no Encontrado o con forrmato erroneo.
   at Applet.Nat.Api.Br.Models.Document.SendResponse() in C:\Users\Jaco2701\Documents\Visual Studio Projects\Nat\Nat.Api\Models\BR\Document.cs:line 291
   at Applet.Nat.Api.Br.Models.Document.Auth() in C:\Users\Jaco2701\Documents\Visual Studio Projects\Nat\Nat.Api\Models\BR\Document.cs:line 272
25/09/2025 02:54:06==>Propiedad ivstrFechaPedido xpath //ns:DTE/ns:Extensions/ns:Extension/ns:StringField[@name ='FechaPedido'] no Encontrado o con forrmato erroneo.
Propiedad ivstrFechaSolicitada xpath //ns:DTE/ns:Extensions/ns:Extension/ns:StringField[@name ='FechaSolicitada'] no Encontrado o con forrmato erroneo.
Propiedad ivstrFechaEntrega xpath //ns:DTE/ns:Extensions/ns:Extension/ns:StringField[@name ='FechaEntrega'] no Encontrado o con forrmato erroneo.
Propiedad ivstrNroRI xpath //ns:DTE/ns:Extensions/ns:Extension/ns:StringField[@name ='NroRI'] no Encontrado o con forrmato erroneo.
Propiedad ivstrContactoNynas xpath //ns:DTE/ns:Extensions/ns:Extension/ns:StringField[@name ='ContactoNynas'] no Encontrado o con forrmato erroneo.
Propiedad ivstrTerminosVenta1 xpath //ns:DTE/ns:Extensions/ns:Extension/ns:StringField[@name ='TerminosVenta1'] no Encontrado o con forrmato erroneo.
Propiedad ivstrTerminosVenta2 xpath //ns:DTE/ns:Extensions/ns:Extension/ns:StringField[@name ='TerminosVenta2'] no Encontrado o con forrmato erroneo.
Propiedad ivstrContacto xpath //ns:DTE/ns:Extensions/ns:Extension/ns:StringField[@name ='Contacto'] no Encontrado o con forrmato erroneo.
Propiedad ivstrFax xpath //ns:DTE/ns:Extensions/ns:Extension/ns:StringField[@name ='Fax'] no Encontrado o con forrmato erroneo.
Propiedad ivstrCodigoClienteEntrega xpath //ns:DTE/ns:Extensions/ns:Extension/ns:StringField[@name ='CodigoClienteEntrega'] no Encontrado o con forrmato erroneo.
Propiedad ivstrNombreEntrega xpath //ns:DTE/ns:Extensions/ns:Extension/ns:StringField[@name ='NombreEntrega'] no Encontrado o con forrmato erroneo.
Propiedad ivstrDomicilioEntrega xpath //ns:DTE/ns:Extensions/ns:Extension/ns:StringField[@name ='DomicilioEntrega'] no Encontrado o con forrmato erroneo.
Propiedad ivstrCPEntrega xpath //ns:DTE/ns:Extensions/ns:Extension/ns:StringField[@name ='CPEntrega'] no Encontrado o con forrmato erroneo.
Propiedad ivstrCiudadEntrega xpath //ns:DTE/ns:Extensions/ns:Extension/ns:StringField[@name ='CiudadEntrega'] no Encontrado o con forrmato erroneo.
Propiedad ivstrProvinciaEntrega xpath //ns:DTE/ns:Extensions/ns:Extension/ns:StringField[@name ='ProvinciaEntrega'] no Encontrado o con forrmato erroneo.
Propiedad ivstrPaisEntrega xpath //ns:DTE/ns:Extensions/ns:Extension/ns:StringField[@name ='PaisEntrega'] no Encontrado o con forrmato erroneo.
Propiedad ivdblTasaUSD xpath //ns:DTE/ns:Extensions/ns:Extension/ns:NumericField[@name ='TasaUSD'] no Encontrado o con forrmato erroneo.
Propiedad ivdblImporteDolar xpath //ns:DTE/ns:Extensions/ns:Extension/ns:NumericField[@name ='ImporteDolar'] no Encontrado o con forrmato erroneo.

   at Applet.Nat.Api.Br.Models.InDocumentTXT.ToPrint() in C:\Users\Jaco2701\Documents\Visual Studio Projects\Nat\Nat.Api\Models\BR\InDocumentTXT.cs:line 1781
   at Applet.Nat.Api.Br.Models.Document.Print() in C:\Users\Jaco2701\Documents\Visual Studio Projects\Nat\Nat.Api\Models\BR\Document.cs:line 428
25/09/2025 02:54:06==>Error en Impresion de Documento
   at Applet.Nat.Api.Br.Models.Document.Print() in C:\Users\Jaco2701\Documents\Visual Studio Projects\Nat\Nat.Api\Models\BR\Document.cs:line 478
   at Applet.Nat.Api.Static.Queue.BuildTaskDocs(List`1 vcvlngDocsToTask, IConfiguration vioConfiguration) in C:\Users\Jaco2701\Documents\Visual Studio Projects\Nat\Nat.Api\Static\Queue.cs:line 125
25/09/2025 02:54:55==>Propiedad ivstrFechaPedido xpath //ns:DTE/ns:Extensions/ns:Extension/ns:StringField[@name ='FechaPedido'] no Encontrado o con forrmato erroneo.
Propiedad ivstrFechaSolicitada xpath //ns:DTE/ns:Extensions/ns:Extension/ns:StringField[@name ='FechaSolicitada'] no Encontrado o con forrmato erroneo.
Propiedad ivstrFechaEntrega xpath //ns:DTE/ns:Extensions/ns:Extension/ns:StringField[@name ='FechaEntrega'] no Encontrado o con forrmato erroneo.
Propiedad ivstrNroRI xpath //ns:DTE/ns:Extensions/ns:Extension/ns:StringField[@name ='NroRI'] no Encontrado o con forrmato erroneo.
Propiedad ivstrContactoNynas xpath //ns:DTE/ns:Extensions/ns:Extension/ns:StringField[@name ='ContactoNynas'] no Encontrado o con forrmato erroneo.
Propiedad ivstrTerminosVenta1 xpath //ns:DTE/ns:Extensions/ns:Extension/ns:StringField[@name ='TerminosVenta1'] no Encontrado o con forrmato erroneo.
Propiedad ivstrTerminosVenta2 xpath //ns:DTE/ns:Extensions/ns:Extension/ns:StringField[@name ='TerminosVenta2'] no Encontrado o con forrmato erroneo.
Propiedad ivstrContacto xpath //ns:DTE/ns:Extensions/ns:Extension/ns:StringField[@name ='Contacto'] no Encontrado o con forrmato erroneo.
Propiedad ivstrFax xpath //ns:DTE/ns:Extensions/ns:Extension/ns:StringField[@name ='Fax'] no Encontrado o con forrmato erroneo.
Propiedad ivstrCodigoClienteEntrega xpath //ns:DTE/ns:Extensions/ns:Extension/ns:StringField[@name ='CodigoClienteEntrega'] no Encontrado o con forrmato erroneo.
Propiedad ivstrNombreEntrega xpath //ns:DTE/ns:Extensions/ns:Extension/ns:StringField[@name ='NombreEntrega'] no Encontrado o con forrmato erroneo.
Propiedad ivstrDomicilioEntrega xpath //ns:DTE/ns:Extensions/ns:Extension/ns:StringField[@name ='DomicilioEntrega'] no Encontrado o con forrmato erroneo.
Propiedad ivstrCPEntrega xpath //ns:DTE/ns:Extensions/ns:Extension/ns:StringField[@name ='CPEntrega'] no Encontrado o con forrmato erroneo.
Propiedad ivstrCiudadEntrega xpath //ns:DTE/ns:Extensions/ns:Extension/ns:StringField[@name ='CiudadEntrega'] no Encontrado o con forrmato erroneo.
Propiedad ivstrProvinciaEntrega xpath //ns:DTE/ns:Extensions/ns:Extension/ns:StringField[@name ='ProvinciaEntrega'] no Encontrado o con forrmato erroneo.
Propiedad ivstrPaisEntrega xpath //ns:DTE/ns:Extensions/ns:Extension/ns:StringField[@name ='PaisEntrega'] no Encontrado o con forrmato erroneo.
Propiedad ivdblTasaUSD xpath //ns:DTE/ns:Extensions/ns:Extension/ns:NumericField[@name ='TasaUSD'] no Encontrado o con forrmato erroneo.
Propiedad ivdblImporteDolar xpath //ns:DTE/ns:Extensions/ns:Extension/ns:NumericField[@name ='ImporteDolar'] no Encontrado o con forrmato erroneo.

   at Applet.Nat.Api.Br.Models.InDocumentTXT.ToPrint() in C:\Users\Jaco2701\Documents\Visual Studio Projects\Nat\Nat.Api\Models\BR\InDocumentTXT.cs:line 1781
   at Applet.Nat.Api.Br.Models.Document.Print() in C:\Users\Jaco2701\Documents\Visual Studio Projects\Nat\Nat.Api\Models\BR\Document.cs:line 428
25/09/2025 02:54:55==>Error en Impresion de Documento
   at Applet.Nat.Api.Br.Models.Document.Print() in C:\Users\Jaco2701\Documents\Visual Studio Projects\Nat\Nat.Api\Models\BR\Document.cs:line 478
   at Applet.Nat.Api.Controllers.DocumentController.Task(DocumentTask vioDocumentTask) in C:\Users\Jaco2701\Documents\Visual Studio Projects\Nat\Nat.Api\Controllers\DocumentController.cs:line 172
25/09/2025 02:54:55==>Propiedad ivstrFechaPedido xpath //ns:DTE/ns:Extensions/ns:Extension/ns:StringField[@name ='FechaPedido'] no Encontrado o con forrmato erroneo.
Propiedad ivstrFechaSolicitada xpath //ns:DTE/ns:Extensions/ns:Extension/ns:StringField[@name ='FechaSolicitada'] no Encontrado o con forrmato erroneo.
Propiedad ivstrFechaEntrega xpath //ns:DTE/ns:Extensions/ns:Extension/ns:StringField[@name ='FechaEntrega'] no Encontrado o con forrmato erroneo.
Propiedad ivstrNroRI xpath //ns:DTE/ns:Extensions/ns:Extension/ns:StringField[@name ='NroRI'] no Encontrado o con forrmato erroneo.
Propiedad ivstrContactoNynas xpath //ns:DTE/ns:Extensions/ns:Extension/ns:StringField[@name ='ContactoNynas'] no Encontrado o con forrmato erroneo.
Propiedad ivstrTerminosVenta1 xpath //ns:DTE/ns:Extensions/ns:Extension/ns:StringField[@name ='TerminosVenta1'] no Encontrado o con forrmato erroneo.
Propiedad ivstrTerminosVenta2 xpath //ns:DTE/ns:Extensions/ns:Extension/ns:StringField[@name ='TerminosVenta2'] no Encontrado o con forrmato erroneo.
Propiedad ivstrContacto xpath //ns:DTE/ns:Extensions/ns:Extension/ns:StringField[@name ='Contacto'] no Encontrado o con forrmato erroneo.
Propiedad ivstrFax xpath //ns:DTE/ns:Extensions/ns:Extension/ns:StringField[@name ='Fax'] no Encontrado o con forrmato erroneo.
Propiedad ivstrCodigoClienteEntrega xpath //ns:DTE/ns:Extensions/ns:Extension/ns:StringField[@name ='CodigoClienteEntrega'] no Encontrado o con forrmato erroneo.
Propiedad ivstrNombreEntrega xpath //ns:DTE/ns:Extensions/ns:Extension/ns:StringField[@name ='NombreEntrega'] no Encontrado o con forrmato erroneo.
Propiedad ivstrDomicilioEntrega xpath //ns:DTE/ns:Extensions/ns:Extension/ns:StringField[@name ='DomicilioEntrega'] no Encontrado o con forrmato erroneo.
Propiedad ivstrCPEntrega xpath //ns:DTE/ns:Extensions/ns:Extension/ns:StringField[@name ='CPEntrega'] no Encontrado o con forrmato erroneo.
Propiedad ivstrCiudadEntrega xpath //ns:DTE/ns:Extensions/ns:Extension/ns:StringField[@name ='CiudadEntrega'] no Encontrado o con forrmato erroneo.
Propiedad ivstrProvinciaEntrega xpath //ns:DTE/ns:Extensions/ns:Extension/ns:StringField[@name ='ProvinciaEntrega'] no Encontrado o con forrmato erroneo.
Propiedad ivstrPaisEntrega xpath //ns:DTE/ns:Extensions/ns:Extension/ns:StringField[@name ='PaisEntrega'] no Encontrado o con forrmato erroneo.
Propiedad ivdblTasaUSD xpath //ns:DTE/ns:Extensions/ns:Extension/ns:NumericField[@name ='TasaUSD'] no Encontrado o con forrmato erroneo.
Propiedad ivdblImporteDolar xpath //ns:DTE/ns:Extensions/ns:Extension/ns:NumericField[@name ='ImporteDolar'] no Encontrado o con forrmato erroneo.

   at Applet.Nat.Api.Br.Models.InDocumentTXT.ToPrint() in C:\Users\Jaco2701\Documents\Visual Studio Projects\Nat\Nat.Api\Models\BR\InDocumentTXT.cs:line 1781
   at Applet.Nat.Api.Br.Models.Document.Print() in C:\Users\Jaco2701\Documents\Visual Studio Projects\Nat\Nat.Api\Models\BR\Document.cs:line 428
25/09/2025 02:54:55==>Error en Impresion de Documento
   at Applet.Nat.Api.Br.Models.Document.Print() in C:\Users\Jaco2701\Documents\Visual Studio Projects\Nat\Nat.Api\Models\BR\Document.cs:line 478
   at Applet.Nat.Api.Controllers.DocumentController.Task(DocumentTask vioDocumentTask) in C:\Users\Jaco2701\Documents\Visual Studio Projects\Nat\Nat.Api\Controllers\DocumentController.cs:line 172
25/09/2025 02:55:03==>Insufficient memory to continue the execution of the program.
   at System.Text.StringBuilder.ExpandByABlock(Int32 minBlockCharCount)
   at System.Text.StringBuilder.AppendWithExpansion(Char& value, Int32 valueCount)
   at System.Text.StringBuilder.Append(Char[] value, Int32 startIndex, Int32 charCount)
   at System.IO.StreamReader.ReadToEnd()
   at System.IO.File.ReadAllText(String path, Encoding encoding)
   at Applet.Nat.Api.Static.Queue.BuildTaskUpLoad(IConfiguration vioConfiguration) in C:\Users\Jaco2701\Documents\Visual Studio Projects\Nat\Nat.Api\Static\Queue.cs:line 206
25/09/2025 02:55:33==>Insufficient memory to continue the execution of the program.
   at System.Text.StringBuilder.ExpandByABlock(Int32 minBlockCharCount)
   at System.Text.StringBuilder.AppendWithExpansion(Char& value, Int32 valueCount)
   at System.Text.StringBuilder.Append(Char[] value, Int32 startIndex, Int32 charCount)
   at System.IO.StreamReader.ReadToEnd()
   at System.IO.File.ReadAllText(String path, Encoding encoding)
   at Applet.Nat.Api.Static.Queue.BuildTaskUpLoad(IConfiguration vioConfiguration) in C:\Users\Jaco2701\Documents\Visual Studio Projects\Nat\Nat.Api\Static\Queue.cs:line 206
25/09/2025 02:56:03==>Insufficient memory to continue the execution of the program.
   at System.Text.StringBuilder.ExpandByABlock(Int32 minBlockCharCount)
   at System.Text.StringBuilder.AppendWithExpansion(Char& value, Int32 valueCount)
   at System.Text.StringBuilder.Append(Char[] value, Int32 startIndex, Int32 charCount)
   at System.IO.StreamReader.ReadToEnd()
   at System.IO.File.ReadAllText(String path, Encoding encoding)
   at Applet.Nat.Api.Static.Queue.BuildTaskUpLoad(IConfiguration vioConfiguration) in C:\Users\Jaco2701\Documents\Visual Studio Projects\Nat\Nat.Api\Static\Queue.cs:line 206
25/09/2025 02:56:34==>Insufficient memory to continue the execution of the program.
   at System.Text.StringBuilder.ExpandByABlock(Int32 minBlockCharCount)
   at System.Text.StringBuilder.AppendWithExpansion(Char& value, Int32 valueCount)
   at System.Text.StringBuilder.Append(Char[] value, Int32 startIndex, Int32 charCount)
   at System.IO.StreamReader.ReadToEnd()
   at System.IO.File.ReadAllText(String path, Encoding encoding)
   at Applet.Nat.Api.Static.Queue.BuildTaskUpLoad(IConfiguration vioConfiguration) in C:\Users\Jaco2701\Documents\Visual Studio Projects\Nat\Nat.Api\Static\Queue.cs:line 206
25/09/2025 02:57:06==>Insufficient memory to continue the execution of the program.
   at System.Text.StringBuilder.ExpandByABlock(Int32 minBlockCharCount)
   at System.Text.StringBuilder.AppendWithExpansion(Char& value, Int32 valueCount)
   at System.Text.StringBuilder.Append(Char[] value, Int32 startIndex, Int32 charCount)
   at System.IO.StreamReader.ReadToEnd()
   at System.IO.File.ReadAllText(String path, Encoding encoding)
   at Applet.Nat.Api.Static.Queue.BuildTaskUpLoad(IConfiguration vioConfiguration) in C:\Users\Jaco2701\Documents\Visual Studio Projects\Nat\Nat.Api\Static\Queue.cs:line 206
25/09/2025 02:57:45==>The archive entry was compressed using an unsupported compression method.
   at System.IO.Compression.Inflater.Inflate(FlushCode flushCode)
   at System.IO.Compression.Inflater.ReadInflateOutput(Byte* bufPtr, Int32 length, FlushCode flushCode, Int32& bytesRead)
   at System.IO.Compression.Inflater.InflateVerified(Byte* bufPtr, Int32 length)
   at System.IO.Compression.DeflateStream.CopyToStream.CopyFromSourceToDestination()
   at System.IO.Compression.DeflateStream.CopyTo(Stream destination, Int32 bufferSize)
   at Applet.Nat.Api.Static.Format.UnCompress2(String value) in C:\Users\Jaco2701\Documents\Visual Studio Projects\Nat\Nat.Api\Static\Format.cs:line 383
   at Applet.Nat.Api.Br.Models.Document.Share() in C:\Users\Jaco2701\Documents\Visual Studio Projects\Nat\Nat.Api\Models\BR\Document.cs:line 207
25/09/2025 02:58:04==>Insufficient memory to continue the execution of the program.
   at System.Text.StringBuilder.ExpandByABlock(Int32 minBlockCharCount)
   at System.Text.StringBuilder.AppendWithExpansion(Char& value, Int32 valueCount)
   at System.Text.StringBuilder.Append(Char[] value, Int32 startIndex, Int32 charCount)
   at System.IO.StreamReader.ReadToEnd()
   at System.IO.File.ReadAllText(String path, Encoding encoding)
   at Applet.Nat.Api.Static.Queue.BuildTaskUpLoad(IConfiguration vioConfiguration) in C:\Users\Jaco2701\Documents\Visual Studio Projects\Nat\Nat.Api\Static\Queue.cs:line 206
25/09/2025 03:00:04==>Ejecucion Previa aun no finalizada
   at Applet.Nat.Api.Controllers.MiscController.Queue() in C:\Users\Jaco2701\Documents\Visual Studio Projects\Nat\Nat.Api\Controllers\MiscController.cs:line 147
25/09/2025 03:00:11==>Insufficient memory to continue the execution of the program.
   at System.Text.StringBuilder.ExpandByABlock(Int32 minBlockCharCount)
   at System.Text.StringBuilder.AppendWithExpansion(Char& value, Int32 valueCount)
   at System.Text.StringBuilder.Append(Char[] value, Int32 startIndex, Int32 charCount)
   at System.IO.StreamReader.ReadToEnd()
   at System.IO.File.ReadAllText(String path, Encoding encoding)
   at Applet.Nat.Api.Static.Queue.BuildTaskUpLoad(IConfiguration vioConfiguration) in C:\Users\Jaco2701\Documents\Visual Studio Projects\Nat\Nat.Api\Static\Queue.cs:line 206
25/09/2025 03:02:26==>Ejecucion Previa aun no finalizada
   at Applet.Nat.Api.Controllers.MiscController.Queue() in C:\Users\Jaco2701\Documents\Visual Studio Projects\Nat\Nat.Api\Controllers\MiscController.cs:line 147
25/09/2025 03:04:58==>Ejecucion Previa aun no finalizada
   at Applet.Nat.Api.Controllers.MiscController.Queue() in C:\Users\Jaco2701\Documents\Visual Studio Projects\Nat\Nat.Api\Controllers\MiscController.cs:line 147
25/09/2025 03:06:52==>Valor de Lista CUIT:0 no encontrado
   at Applet.Nat.Api.Static.ListHelper.GetValue(String vivcodType, String vivcodId, NatContext vioContext) in C:\Users\Jaco2701\Documents\Visual Studio Projects\Nat\Nat.Api\Static\ListHelper.cs:line 26
   at Applet.Nat.Api.Controllers.MiscController.Statics() in C:\Users\Jaco2701\Documents\Visual Studio Projects\Nat\Nat.Api\Controllers\MiscController.cs:line 44
25/09/2025 03:06:53==>Valor de Lista CUIT:0 no encontrado
   at Applet.Nat.Api.Static.ListHelper.GetValue(String vivcodType, String vivcodId, NatContext vioContext) in C:\Users\Jaco2701\Documents\Visual Studio Projects\Nat\Nat.Api\Static\ListHelper.cs:line 26
   at Applet.Nat.Api.Controllers.MiscController.Statics() in C:\Users\Jaco2701\Documents\Visual Studio Projects\Nat\Nat.Api\Controllers\MiscController.cs:line 54
25/09/2025 03:06:53==>Valor de Lista CUIT:0 no encontrado
   at Applet.Nat.Api.Static.ListHelper.GetValue(String vivcodType, String vivcodId, NatContext vioContext) in C:\Users\Jaco2701\Documents\Visual Studio Projects\Nat\Nat.Api\Static\ListHelper.cs:line 26
   at Applet.Nat.Api.Controllers.MiscController.Statics() in C:\Users\Jaco2701\Documents\Visual Studio Projects\Nat\Nat.Api\Controllers\MiscController.cs:line 64
25/09/2025 03:06:53==>Valor de Lista CUIT:0 no encontrado
   at Applet.Nat.Api.Static.ListHelper.GetValue(String vivcodType, String vivcodId, NatContext vioContext) in C:\Users\Jaco2701\Documents\Visual Studio Projects\Nat\Nat.Api\Static\ListHelper.cs:line 26
   at Applet.Nat.Api.Controllers.MiscController.Statics() in C:\Users\Jaco2701\Documents\Visual Studio Projects\Nat\Nat.Api\Controllers\MiscController.cs:line 44
25/09/2025 03:06:53==>Valor de Lista CUIT:0 no encontrado
   at Applet.Nat.Api.Static.ListHelper.GetValue(String vivcodType, String vivcodId, NatContext vioContext) in C:\Users\Jaco2701\Documents\Visual Studio Projects\Nat\Nat.Api\Static\ListHelper.cs:line 26
   at Applet.Nat.Api.Controllers.MiscController.Statics() in C:\Users\Jaco2701\Documents\Visual Studio Projects\Nat\Nat.Api\Controllers\MiscController.cs:line 54
25/09/2025 03:06:53==>Valor de Lista CUIT:0 no encontrado
   at Applet.Nat.Api.Static.ListHelper.GetValue(String vivcodType, String vivcodId, NatContext vioContext) in C:\Users\Jaco2701\Documents\Visual Studio Projects\Nat\Nat.Api\Static\ListHelper.cs:line 26
   at Applet.Nat.Api.Controllers.MiscController.Statics() in C:\Users\Jaco2701\Documents\Visual Studio Projects\Nat\Nat.Api\Controllers\MiscController.cs:line 64
25/09/2025 03:06:53==>Valor de Lista CUIT:0 no encontrado
   at Applet.Nat.Api.Static.ListHelper.GetValue(String vivcodType, String vivcodId, NatContext vioContext) in C:\Users\Jaco2701\Documents\Visual Studio Projects\Nat\Nat.Api\Static\ListHelper.cs:line 26
   at Applet.Nat.Api.Controllers.MiscController.Statics() in C:\Users\Jaco2701\Documents\Visual Studio Projects\Nat\Nat.Api\Controllers\MiscController.cs:line 44
25/09/2025 03:06:53==>Valor de Lista CUIT:0 no encontrado
   at Applet.Nat.Api.Static.ListHelper.GetValue(String vivcodType, String vivcodId, NatContext vioContext) in C:\Users\Jaco2701\Documents\Visual Studio Projects\Nat\Nat.Api\Static\ListHelper.cs:line 26
   at Applet.Nat.Api.Controllers.MiscController.Statics() in C:\Users\Jaco2701\Documents\Visual Studio Projects\Nat\Nat.Api\Controllers\MiscController.cs:line 54
25/09/2025 03:06:53==>Valor de Lista CUIT:0 no encontrado
   at Applet.Nat.Api.Static.ListHelper.GetValue(String vivcodType, String vivcodId, NatContext vioContext) in C:\Users\Jaco2701\Documents\Visual Studio Projects\Nat\Nat.Api\Static\ListHelper.cs:line 26
   at Applet.Nat.Api.Controllers.MiscController.Statics() in C:\Users\Jaco2701\Documents\Visual Studio Projects\Nat\Nat.Api\Controllers\MiscController.cs:line 64
25/09/2025 03:07:09==>Insufficient memory to continue the execution of the program.
   at System.Text.StringBuilder.ExpandByABlock(Int32 minBlockCharCount)
   at System.Text.StringBuilder.AppendWithExpansion(Char& value, Int32 valueCount)
   at System.Text.StringBuilder.Append(Char[] value, Int32 startIndex, Int32 charCount)
   at System.IO.StreamReader.ReadToEnd()
   at System.IO.File.ReadAllText(String path, Encoding encoding)
   at Applet.Nat.Api.Static.Queue.BuildTaskUpLoad(IConfiguration vioConfiguration) in C:\Users\Jaco2701\Documents\Visual Studio Projects\Nat\Nat.Api\Static\Queue.cs:line 206
25/09/2025 03:08:42==>Valor de Lista CUIT:0 no encontrado
   at Applet.Nat.Api.Static.ListHelper.GetValue(String vivcodType, String vivcodId, NatContext vioContext) in C:\Users\Jaco2701\Documents\Visual Studio Projects\Nat\Nat.Api\Static\ListHelper.cs:line 26
   at Applet.Nat.Api.Controllers.MiscController.Statics() in C:\Users\Jaco2701\Documents\Visual Studio Projects\Nat\Nat.Api\Controllers\MiscController.cs:line 44
25/09/2025 03:08:42==>Valor de Lista CUIT:0 no encontrado
   at Applet.Nat.Api.Static.ListHelper.GetValue(String vivcodType, String vivcodId, NatContext vioContext) in C:\Users\Jaco2701\Documents\Visual Studio Projects\Nat\Nat.Api\Static\ListHelper.cs:line 26
   at Applet.Nat.Api.Controllers.MiscController.Statics() in C:\Users\Jaco2701\Documents\Visual Studio Projects\Nat\Nat.Api\Controllers\MiscController.cs:line 54
25/09/2025 03:08:42==>Valor de Lista CUIT:0 no encontrado
   at Applet.Nat.Api.Static.ListHelper.GetValue(String vivcodType, String vivcodId, NatContext vioContext) in C:\Users\Jaco2701\Documents\Visual Studio Projects\Nat\Nat.Api\Static\ListHelper.cs:line 26
   at Applet.Nat.Api.Controllers.MiscController.Statics() in C:\Users\Jaco2701\Documents\Visual Studio Projects\Nat\Nat.Api\Controllers\MiscController.cs:line 64
25/09/2025 03:08:42==>Valor de Lista CUIT:0 no encontrado
   at Applet.Nat.Api.Static.ListHelper.GetValue(String vivcodType, String vivcodId, NatContext vioContext) in C:\Users\Jaco2701\Documents\Visual Studio Projects\Nat\Nat.Api\Static\ListHelper.cs:line 26
   at Applet.Nat.Api.Controllers.MiscController.Statics() in C:\Users\Jaco2701\Documents\Visual Studio Projects\Nat\Nat.Api\Controllers\MiscController.cs:line 44
25/09/2025 03:08:42==>Valor de Lista CUIT:0 no encontrado
   at Applet.Nat.Api.Static.ListHelper.GetValue(String vivcodType, String vivcodId, NatContext vioContext) in C:\Users\Jaco2701\Documents\Visual Studio Projects\Nat\Nat.Api\Static\ListHelper.cs:line 26
   at Applet.Nat.Api.Controllers.MiscController.Statics() in C:\Users\Jaco2701\Documents\Visual Studio Projects\Nat\Nat.Api\Controllers\MiscController.cs:line 54
25/09/2025 03:08:42==>Valor de Lista CUIT:0 no encontrado
   at Applet.Nat.Api.Static.ListHelper.GetValue(String vivcodType, String vivcodId, NatContext vioContext) in C:\Users\Jaco2701\Documents\Visual Studio Projects\Nat\Nat.Api\Static\ListHelper.cs:line 26
   at Applet.Nat.Api.Controllers.MiscController.Statics() in C:\Users\Jaco2701\Documents\Visual Studio Projects\Nat\Nat.Api\Controllers\MiscController.cs:line 64
25/09/2025 03:08:42==>Valor de Lista CUIT:0 no encontrado
   at Applet.Nat.Api.Static.ListHelper.GetValue(String vivcodType, String vivcodId, NatContext vioContext) in C:\Users\Jaco2701\Documents\Visual Studio Projects\Nat\Nat.Api\Static\ListHelper.cs:line 26
   at Applet.Nat.Api.Controllers.MiscController.Statics() in C:\Users\Jaco2701\Documents\Visual Studio Projects\Nat\Nat.Api\Controllers\MiscController.cs:line 44
25/09/2025 03:08:42==>Valor de Lista CUIT:0 no encontrado
   at Applet.Nat.Api.Static.ListHelper.GetValue(String vivcodType, String vivcodId, NatContext vioContext) in C:\Users\Jaco2701\Documents\Visual Studio Projects\Nat\Nat.Api\Static\ListHelper.cs:line 26
   at Applet.Nat.Api.Controllers.MiscController.Statics() in C:\Users\Jaco2701\Documents\Visual Studio Projects\Nat\Nat.Api\Controllers\MiscController.cs:line 54
25/09/2025 03:08:42==>Valor de Lista CUIT:0 no encontrado
   at Applet.Nat.Api.Static.ListHelper.GetValue(String vivcodType, String vivcodId, NatContext vioContext) in C:\Users\Jaco2701\Documents\Visual Studio Projects\Nat\Nat.Api\Static\ListHelper.cs:line 26
   at Applet.Nat.Api.Controllers.MiscController.Statics() in C:\Users\Jaco2701\Documents\Visual Studio Projects\Nat\Nat.Api\Controllers\MiscController.cs:line 64
25/09/2025 03:08:55==>Insufficient memory to continue the execution of the program.
   at System.Text.StringBuilder.ExpandByABlock(Int32 minBlockCharCount)
   at System.Text.StringBuilder.AppendWithExpansion(Char& value, Int32 valueCount)
   at System.Text.StringBuilder.Append(Char[] value, Int32 startIndex, Int32 charCount)
   at System.IO.StreamReader.ReadToEnd()
   at System.IO.File.ReadAllText(String path, Encoding encoding)
   at Applet.Nat.Api.Static.Queue.BuildTaskUpLoad(IConfiguration vioConfiguration) in C:\Users\Jaco2701\Documents\Visual Studio Projects\Nat\Nat.Api\Static\Queue.cs:line 206
25/09/2025 03:09:42==>Insufficient memory to continue the execution of the program.
   at System.Text.StringBuilder.ExpandByABlock(Int32 minBlockCharCount)
   at System.Text.StringBuilder.AppendWithExpansion(Char& value, Int32 valueCount)
   at System.Text.StringBuilder.Append(Char[] value, Int32 startIndex, Int32 charCount)
   at System.IO.StreamReader.ReadToEnd()
   at System.IO.File.ReadAllText(String path, Encoding encoding)
   at Applet.Nat.Api.Static.Queue.BuildTaskUpLoad(IConfiguration vioConfiguration) in C:\Users\Jaco2701\Documents\Visual Studio Projects\Nat\Nat.Api\Static\Queue.cs:line 206
25/09/2025 03:10:12==>Insufficient memory to continue the execution of the program.
   at System.Text.StringBuilder.ExpandByABlock(Int32 minBlockCharCount)
   at System.Text.StringBuilder.AppendWithExpansion(Char& value, Int32 valueCount)
   at System.Text.StringBuilder.Append(Char[] value, Int32 startIndex, Int32 charCount)
   at System.IO.StreamReader.ReadToEnd()
   at System.IO.File.ReadAllText(String path, Encoding encoding)
   at Applet.Nat.Api.Static.Queue.BuildTaskUpLoad(IConfiguration vioConfiguration) in C:\Users\Jaco2701\Documents\Visual Studio Projects\Nat\Nat.Api\Static\Queue.cs:line 206
25/09/2025 03:10:44==>Insufficient memory to continue the execution of the program.
   at System.Text.StringBuilder.ExpandByABlock(Int32 minBlockCharCount)
   at System.Text.StringBuilder.AppendWithExpansion(Char& value, Int32 valueCount)
   at System.Text.StringBuilder.Append(Char[] value, Int32 startIndex, Int32 charCount)
   at System.IO.StreamReader.ReadToEnd()
   at System.IO.File.ReadAllText(String path, Encoding encoding)
   at Applet.Nat.Api.Static.Queue.BuildTaskUpLoad(IConfiguration vioConfiguration) in C:\Users\Jaco2701\Documents\Visual Studio Projects\Nat\Nat.Api\Static\Queue.cs:line 206
25/09/2025 03:11:14==>Insufficient memory to continue the execution of the program.
   at System.Text.StringBuilder.ExpandByABlock(Int32 minBlockCharCount)
   at System.Text.StringBuilder.AppendWithExpansion(Char& value, Int32 valueCount)
   at System.Text.StringBuilder.Append(Char[] value, Int32 startIndex, Int32 charCount)
   at System.IO.StreamReader.ReadToEnd()
   at System.IO.File.ReadAllText(String path, Encoding encoding)
   at Applet.Nat.Api.Static.Queue.BuildTaskUpLoad(IConfiguration vioConfiguration) in C:\Users\Jaco2701\Documents\Visual Studio Projects\Nat\Nat.Api\Static\Queue.cs:line 206
25/09/2025 03:11:43==>Insufficient memory to continue the execution of the program.
   at System.Text.StringBuilder.ExpandByABlock(Int32 minBlockCharCount)
   at System.Text.StringBuilder.AppendWithExpansion(Char& value, Int32 valueCount)
   at System.Text.StringBuilder.Append(Char[] value, Int32 startIndex, Int32 charCount)
   at System.IO.StreamReader.ReadToEnd()
   at System.IO.File.ReadAllText(String path, Encoding encoding)
   at Applet.Nat.Api.Static.Queue.BuildTaskUpLoad(IConfiguration vioConfiguration) in C:\Users\Jaco2701\Documents\Visual Studio Projects\Nat\Nat.Api\Static\Queue.cs:line 206
25/09/2025 03:12:13==>Insufficient memory to continue the execution of the program.
   at System.Text.StringBuilder.ExpandByABlock(Int32 minBlockCharCount)
   at System.Text.StringBuilder.AppendWithExpansion(Char& value, Int32 valueCount)
   at System.Text.StringBuilder.Append(Char[] value, Int32 startIndex, Int32 charCount)
   at System.IO.StreamReader.ReadToEnd()
   at System.IO.File.ReadAllText(String path, Encoding encoding)
   at Applet.Nat.Api.Static.Queue.BuildTaskUpLoad(IConfiguration vioConfiguration) in C:\Users\Jaco2701\Documents\Visual Studio Projects\Nat\Nat.Api\Static\Queue.cs:line 206
25/09/2025 03:12:43==>Insufficient memory to continue the execution of the program.
   at System.Text.StringBuilder.ExpandByABlock(Int32 minBlockCharCount)
   at System.Text.StringBuilder.AppendWithExpansion(Char& value, Int32 valueCount)
   at System.Text.StringBuilder.Append(Char[] value, Int32 startIndex, Int32 charCount)
   at System.IO.StreamReader.ReadToEnd()
   at System.IO.File.ReadAllText(String path, Encoding encoding)
   at Applet.Nat.Api.Static.Queue.BuildTaskUpLoad(IConfiguration vioConfiguration) in C:\Users\Jaco2701\Documents\Visual Studio Projects\Nat\Nat.Api\Static\Queue.cs:line 206
25/09/2025 03:15:11==>Ejecucion Previa aun no finalizada
   at Applet.Nat.Api.Controllers.MiscController.Queue() in C:\Users\Jaco2701\Documents\Visual Studio Projects\Nat\Nat.Api\Controllers\MiscController.cs:line 147
25/09/2025 03:15:31==>Insufficient memory to continue the execution of the program.
   at System.Text.StringBuilder.ExpandByABlock(Int32 minBlockCharCount)
   at System.Text.StringBuilder.AppendWithExpansion(Char& value, Int32 valueCount)
   at System.Text.StringBuilder.Append(Char[] value, Int32 startIndex, Int32 charCount)
   at System.IO.StreamReader.ReadToEnd()
   at System.IO.File.ReadAllText(String path, Encoding encoding)
   at Applet.Nat.Api.Static.Queue.BuildTaskUpLoad(IConfiguration vioConfiguration) in C:\Users\Jaco2701\Documents\Visual Studio Projects\Nat\Nat.Api\Static\Queue.cs:line 206
25/09/2025 03:15:43==>Insufficient memory to continue the execution of the program.
   at System.Text.StringBuilder.ExpandByABlock(Int32 minBlockCharCount)
   at System.Text.StringBuilder.AppendWithExpansion(Char& value, Int32 valueCount)
   at System.Text.StringBuilder.Append(Char[] value, Int32 startIndex, Int32 charCount)
   at System.IO.StreamReader.ReadToEnd()
   at System.IO.File.ReadAllText(String path, Encoding encoding)
   at Applet.Nat.Api.Static.Queue.BuildTaskUpLoad(IConfiguration vioConfiguration) in C:\Users\Jaco2701\Documents\Visual Studio Projects\Nat\Nat.Api\Static\Queue.cs:line 206
25/09/2025 03:18:50==>Ejecucion Previa aun no finalizada
   at Applet.Nat.Api.Controllers.MiscController.Queue() in C:\Users\Jaco2701\Documents\Visual Studio Projects\Nat\Nat.Api\Controllers\MiscController.cs:line 147
25/09/2025 03:19:57==>Insufficient memory to continue the execution of the program.
   at System.Text.StringBuilder.ExpandByABlock(Int32 minBlockCharCount)
   at System.Text.StringBuilder.AppendWithExpansion(Char& value, Int32 valueCount)
   at System.Text.StringBuilder.Append(Char[] value, Int32 startIndex, Int32 charCount)
   at System.IO.StreamReader.ReadToEnd()
   at System.IO.File.ReadAllText(String path, Encoding encoding)
   at Applet.Nat.Api.Static.Queue.BuildTaskUpLoad(IConfiguration vioConfiguration) in C:\Users\Jaco2701\Documents\Visual Studio Projects\Nat\Nat.Api\Static\Queue.cs:line 206
25/09/2025 03:23:32==>Ejecucion Previa aun no finalizada
   at Applet.Nat.Api.Controllers.MiscController.Queue() in C:\Users\Jaco2701\Documents\Visual Studio Projects\Nat\Nat.Api\Controllers\MiscController.cs:line 147
25/09/2025 03:27:54==>Ejecucion Previa aun no finalizada
   at Applet.Nat.Api.Controllers.MiscController.Queue() in C:\Users\Jaco2701\Documents\Visual Studio Projects\Nat\Nat.Api\Controllers\MiscController.cs:line 147
25/09/2025 03:27:54==>Valor de Lista CUIT:0 no encontrado
   at Applet.Nat.Api.Static.ListHelper.GetValue(String vivcodType, String vivcodId, NatContext vioContext) in C:\Users\Jaco2701\Documents\Visual Studio Projects\Nat\Nat.Api\Static\ListHelper.cs:line 26
   at Applet.Nat.Api.Controllers.MiscController.Statics() in C:\Users\Jaco2701\Documents\Visual Studio Projects\Nat\Nat.Api\Controllers\MiscController.cs:line 44
25/09/2025 03:27:54==>Valor de Lista CUIT:0 no encontrado
   at Applet.Nat.Api.Static.ListHelper.GetValue(String vivcodType, String vivcodId, NatContext vioContext) in C:\Users\Jaco2701\Documents\Visual Studio Projects\Nat\Nat.Api\Static\ListHelper.cs:line 26
   at Applet.Nat.Api.Controllers.MiscController.Statics() in C:\Users\Jaco2701\Documents\Visual Studio Projects\Nat\Nat.Api\Controllers\MiscController.cs:line 54
25/09/2025 03:27:54==>Valor de Lista CUIT:0 no encontrado
   at Applet.Nat.Api.Static.ListHelper.GetValue(String vivcodType, String vivcodId, NatContext vioContext) in C:\Users\Jaco2701\Documents\Visual Studio Projects\Nat\Nat.Api\Static\ListHelper.cs:line 26
   at Applet.Nat.Api.Controllers.MiscController.Statics() in C:\Users\Jaco2701\Documents\Visual Studio Projects\Nat\Nat.Api\Controllers\MiscController.cs:line 64
25/09/2025 03:27:54==>Valor de Lista CUIT:0 no encontrado
   at Applet.Nat.Api.Static.ListHelper.GetValue(String vivcodType, String vivcodId, NatContext vioContext) in C:\Users\Jaco2701\Documents\Visual Studio Projects\Nat\Nat.Api\Static\ListHelper.cs:line 26
   at Applet.Nat.Api.Controllers.MiscController.Statics() in C:\Users\Jaco2701\Documents\Visual Studio Projects\Nat\Nat.Api\Controllers\MiscController.cs:line 44
25/09/2025 03:27:54==>Valor de Lista CUIT:0 no encontrado
   at Applet.Nat.Api.Static.ListHelper.GetValue(String vivcodType, String vivcodId, NatContext vioContext) in C:\Users\Jaco2701\Documents\Visual Studio Projects\Nat\Nat.Api\Static\ListHelper.cs:line 26
   at Applet.Nat.Api.Controllers.MiscController.Statics() in C:\Users\Jaco2701\Documents\Visual Studio Projects\Nat\Nat.Api\Controllers\MiscController.cs:line 54
25/09/2025 03:27:54==>Valor de Lista CUIT:0 no encontrado
   at Applet.Nat.Api.Static.ListHelper.GetValue(String vivcodType, String vivcodId, NatContext vioContext) in C:\Users\Jaco2701\Documents\Visual Studio Projects\Nat\Nat.Api\Static\ListHelper.cs:line 26
   at Applet.Nat.Api.Controllers.MiscController.Statics() in C:\Users\Jaco2701\Documents\Visual Studio Projects\Nat\Nat.Api\Controllers\MiscController.cs:line 64
25/09/2025 03:27:54==>Valor de Lista CUIT:0 no encontrado
   at Applet.Nat.Api.Static.ListHelper.GetValue(String vivcodType, String vivcodId, NatContext vioContext) in C:\Users\Jaco2701\Documents\Visual Studio Projects\Nat\Nat.Api\Static\ListHelper.cs:line 26
   at Applet.Nat.Api.Controllers.MiscController.Statics() in C:\Users\Jaco2701\Documents\Visual Studio Projects\Nat\Nat.Api\Controllers\MiscController.cs:line 44
25/09/2025 03:27:54==>Valor de Lista CUIT:0 no encontrado
   at Applet.Nat.Api.Static.ListHelper.GetValue(String vivcodType, String vivcodId, NatContext vioContext) in C:\Users\Jaco2701\Documents\Visual Studio Projects\Nat\Nat.Api\Static\ListHelper.cs:line 26
   at Applet.Nat.Api.Controllers.MiscController.Statics() in C:\Users\Jaco2701\Documents\Visual Studio Projects\Nat\Nat.Api\Controllers\MiscController.cs:line 54
25/09/2025 03:27:54==>Valor de Lista CUIT:0 no encontrado
   at Applet.Nat.Api.Static.ListHelper.GetValue(String vivcodType, String vivcodId, NatContext vioContext) in C:\Users\Jaco2701\Documents\Visual Studio Projects\Nat\Nat.Api\Static\ListHelper.cs:line 26
   at Applet.Nat.Api.Controllers.MiscController.Statics() in C:\Users\Jaco2701\Documents\Visual Studio Projects\Nat\Nat.Api\Controllers\MiscController.cs:line 64
25/09/2025 03:28:02==>Insufficient memory to continue the execution of the program.
   at System.Text.StringBuilder.ExpandByABlock(Int32 minBlockCharCount)
   at System.Text.StringBuilder.AppendWithExpansion(Char& value, Int32 valueCount)
   at System.Text.StringBuilder.Append(Char[] value, Int32 startIndex, Int32 charCount)
   at System.IO.StreamReader.ReadToEnd()
   at System.IO.File.ReadAllText(String path, Encoding encoding)
   at Applet.Nat.Api.Static.Queue.BuildTaskUpLoad(IConfiguration vioConfiguration) in C:\Users\Jaco2701\Documents\Visual Studio Projects\Nat\Nat.Api\Static\Queue.cs:line 206
25/09/2025 03:28:36==>Ejecucion Previa aun no finalizada
   at Applet.Nat.Api.Controllers.MiscController.Queue() in C:\Users\Jaco2701\Documents\Visual Studio Projects\Nat\Nat.Api\Controllers\MiscController.cs:line 147
25/09/2025 03:29:08==>Insufficient memory to continue the execution of the program.
   at System.Text.StringBuilder.ExpandByABlock(Int32 minBlockCharCount)
   at System.Text.StringBuilder.AppendWithExpansion(Char& value, Int32 valueCount)
   at System.Text.StringBuilder.Append(Char[] value, Int32 startIndex, Int32 charCount)
   at System.IO.StreamReader.ReadToEnd()
   at System.IO.File.ReadAllText(String path, Encoding encoding)
   at Applet.Nat.Api.Static.Queue.BuildTaskUpLoad(IConfiguration vioConfiguration) in C:\Users\Jaco2701\Documents\Visual Studio Projects\Nat\Nat.Api\Static\Queue.cs:line 206
25/09/2025 03:29:40==>Insufficient memory to continue the execution of the program.
   at System.Text.StringBuilder.ExpandByABlock(Int32 minBlockCharCount)
   at System.Text.StringBuilder.AppendWithExpansion(Char& value, Int32 valueCount)
   at System.Text.StringBuilder.Append(Char[] value, Int32 startIndex, Int32 charCount)
   at System.IO.StreamReader.ReadToEnd()
   at System.IO.File.ReadAllText(String path, Encoding encoding)
   at Applet.Nat.Api.Static.Queue.BuildTaskUpLoad(IConfiguration vioConfiguration) in C:\Users\Jaco2701\Documents\Visual Studio Projects\Nat\Nat.Api\Static\Queue.cs:line 206
25/09/2025 03:30:10==>Insufficient memory to continue the execution of the program.
   at System.Text.StringBuilder.ExpandByABlock(Int32 minBlockCharCount)
   at System.Text.StringBuilder.AppendWithExpansion(Char& value, Int32 valueCount)
   at System.Text.StringBuilder.Append(Char[] value, Int32 startIndex, Int32 charCount)
   at System.IO.StreamReader.ReadToEnd()
   at System.IO.File.ReadAllText(String path, Encoding encoding)
   at Applet.Nat.Api.Static.Queue.BuildTaskUpLoad(IConfiguration vioConfiguration) in C:\Users\Jaco2701\Documents\Visual Studio Projects\Nat\Nat.Api\Static\Queue.cs:line 206
25/09/2025 03:30:40==>Valor de Lista CUIT:0 no encontrado
   at Applet.Nat.Api.Static.ListHelper.GetValue(String vivcodType, String vivcodId, NatContext vioContext) in C:\Users\Jaco2701\Documents\Visual Studio Projects\Nat\Nat.Api\Static\ListHelper.cs:line 26
   at Applet.Nat.Api.Controllers.MiscController.Statics() in C:\Users\Jaco2701\Documents\Visual Studio Projects\Nat\Nat.Api\Controllers\MiscController.cs:line 44
25/09/2025 03:30:40==>Valor de Lista CUIT:0 no encontrado
   at Applet.Nat.Api.Static.ListHelper.GetValue(String vivcodType, String vivcodId, NatContext vioContext) in C:\Users\Jaco2701\Documents\Visual Studio Projects\Nat\Nat.Api\Static\ListHelper.cs:line 26
   at Applet.Nat.Api.Controllers.MiscController.Statics() in C:\Users\Jaco2701\Documents\Visual Studio Projects\Nat\Nat.Api\Controllers\MiscController.cs:line 54
25/09/2025 03:30:40==>Valor de Lista CUIT:0 no encontrado
   at Applet.Nat.Api.Static.ListHelper.GetValue(String vivcodType, String vivcodId, NatContext vioContext) in C:\Users\Jaco2701\Documents\Visual Studio Projects\Nat\Nat.Api\Static\ListHelper.cs:line 26
   at Applet.Nat.Api.Controllers.MiscController.Statics() in C:\Users\Jaco2701\Documents\Visual Studio Projects\Nat\Nat.Api\Controllers\MiscController.cs:line 64
25/09/2025 03:30:40==>Valor de Lista CUIT:0 no encontrado
   at Applet.Nat.Api.Static.ListHelper.GetValue(String vivcodType, String vivcodId, NatContext vioContext) in C:\Users\Jaco2701\Documents\Visual Studio Projects\Nat\Nat.Api\Static\ListHelper.cs:line 26
   at Applet.Nat.Api.Controllers.MiscController.Statics() in C:\Users\Jaco2701\Documents\Visual Studio Projects\Nat\Nat.Api\Controllers\MiscController.cs:line 44
25/09/2025 03:30:40==>Valor de Lista CUIT:0 no encontrado
   at Applet.Nat.Api.Static.ListHelper.GetValue(String vivcodType, String vivcodId, NatContext vioContext) in C:\Users\Jaco2701\Documents\Visual Studio Projects\Nat\Nat.Api\Static\ListHelper.cs:line 26
   at Applet.Nat.Api.Controllers.MiscController.Statics() in C:\Users\Jaco2701\Documents\Visual Studio Projects\Nat\Nat.Api\Controllers\MiscController.cs:line 54
25/09/2025 03:30:40==>Valor de Lista CUIT:0 no encontrado
   at Applet.Nat.Api.Static.ListHelper.GetValue(String vivcodType, String vivcodId, NatContext vioContext) in C:\Users\Jaco2701\Documents\Visual Studio Projects\Nat\Nat.Api\Static\ListHelper.cs:line 26
   at Applet.Nat.Api.Controllers.MiscController.Statics() in C:\Users\Jaco2701\Documents\Visual Studio Projects\Nat\Nat.Api\Controllers\MiscController.cs:line 64
25/09/2025 03:30:40==>Valor de Lista CUIT:0 no encontrado
   at Applet.Nat.Api.Static.ListHelper.GetValue(String vivcodType, String vivcodId, NatContext vioContext) in C:\Users\Jaco2701\Documents\Visual Studio Projects\Nat\Nat.Api\Static\ListHelper.cs:line 26
   at Applet.Nat.Api.Controllers.MiscController.Statics() in C:\Users\Jaco2701\Documents\Visual Studio Projects\Nat\Nat.Api\Controllers\MiscController.cs:line 44
25/09/2025 03:30:40==>Valor de Lista CUIT:0 no encontrado
   at Applet.Nat.Api.Static.ListHelper.GetValue(String vivcodType, String vivcodId, NatContext vioContext) in C:\Users\Jaco2701\Documents\Visual Studio Projects\Nat\Nat.Api\Static\ListHelper.cs:line 26
   at Applet.Nat.Api.Controllers.MiscController.Statics() in C:\Users\Jaco2701\Documents\Visual Studio Projects\Nat\Nat.Api\Controllers\MiscController.cs:line 54
25/09/2025 03:30:40==>Valor de Lista CUIT:0 no encontrado
   at Applet.Nat.Api.Static.ListHelper.GetValue(String vivcodType, String vivcodId, NatContext vioContext) in C:\Users\Jaco2701\Documents\Visual Studio Projects\Nat\Nat.Api\Static\ListHelper.cs:line 26
   at Applet.Nat.Api.Controllers.MiscController.Statics() in C:\Users\Jaco2701\Documents\Visual Studio Projects\Nat\Nat.Api\Controllers\MiscController.cs:line 64
25/09/2025 03:30:42==>Insufficient memory to continue the execution of the program.
   at System.Text.StringBuilder.ExpandByABlock(Int32 minBlockCharCount)
   at System.Text.StringBuilder.AppendWithExpansion(Char& value, Int32 valueCount)
   at System.Text.StringBuilder.Append(Char[] value, Int32 startIndex, Int32 charCount)
   at System.IO.StreamReader.ReadToEnd()
   at System.IO.File.ReadAllText(String path, Encoding encoding)
   at Applet.Nat.Api.Static.Queue.BuildTaskUpLoad(IConfiguration vioConfiguration) in C:\Users\Jaco2701\Documents\Visual Studio Projects\Nat\Nat.Api\Static\Queue.cs:line 206
25/09/2025 03:30:57==>Fecha de Comprobante INVALIDA (yyyy-MM-dd)

   at Applet.Nat.Api.Br.Models.InDocumentTXT.ToDocumentUser() in C:\Users\Jaco2701\Documents\Visual Studio Projects\Nat\Nat.Api\Models\BR\InDocumentTXT.cs:line 937
25/09/2025 03:31:17==>Insufficient memory to continue the execution of the program.
   at System.Text.StringBuilder.ExpandByABlock(Int32 minBlockCharCount)
   at System.Text.StringBuilder.AppendWithExpansion(Char& value, Int32 valueCount)
   at System.Text.StringBuilder.Append(Char[] value, Int32 startIndex, Int32 charCount)
   at System.IO.StreamReader.ReadToEnd()
   at System.IO.File.ReadAllText(String path, Encoding encoding)
   at Applet.Nat.Api.Static.Queue.BuildTaskUpLoad(IConfiguration vioConfiguration) in C:\Users\Jaco2701\Documents\Visual Studio Projects\Nat\Nat.Api\Static\Queue.cs:line 206
25/09/2025 03:31:47==>Insufficient memory to continue the execution of the program.
   at System.Text.StringBuilder.ExpandByABlock(Int32 minBlockCharCount)
   at System.Text.StringBuilder.AppendWithExpansion(Char& value, Int32 valueCount)
   at System.Text.StringBuilder.Append(Char[] value, Int32 startIndex, Int32 charCount)
   at System.IO.StreamReader.ReadToEnd()
   at System.IO.File.ReadAllText(String path, Encoding encoding)
   at Applet.Nat.Api.Static.Queue.BuildTaskUpLoad(IConfiguration vioConfiguration) in C:\Users\Jaco2701\Documents\Visual Studio Projects\Nat\Nat.Api\Static\Queue.cs:line 206
25/09/2025 03:33:39==>Insufficient memory to continue the execution of the program.
   at System.Text.StringBuilder.ExpandByABlock(Int32 minBlockCharCount)
   at System.Text.StringBuilder.AppendWithExpansion(Char& value, Int32 valueCount)
   at System.Text.StringBuilder.Append(Char[] value, Int32 startIndex, Int32 charCount)
   at System.IO.StreamReader.ReadToEnd()
   at System.IO.File.ReadAllText(String path, Encoding encoding)
   at Applet.Nat.Api.Static.Queue.BuildTaskUpLoad(IConfiguration vioConfiguration) in C:\Users\Jaco2701\Documents\Visual Studio Projects\Nat\Nat.Api\Static\Queue.cs:line 206
25/09/2025 03:34:07==>Insufficient memory to continue the execution of the program.
   at System.Text.StringBuilder.ExpandByABlock(Int32 minBlockCharCount)
   at System.Text.StringBuilder.AppendWithExpansion(Char& value, Int32 valueCount)
   at System.Text.StringBuilder.Append(Char[] value, Int32 startIndex, Int32 charCount)
   at System.IO.StreamReader.ReadToEnd()
   at System.IO.File.ReadAllText(String path, Encoding encoding)
   at Applet.Nat.Api.Static.Queue.BuildTaskUpLoad(IConfiguration vioConfiguration) in C:\Users\Jaco2701\Documents\Visual Studio Projects\Nat\Nat.Api\Static\Queue.cs:line 206
25/09/2025 03:34:37==>Insufficient memory to continue the execution of the program.
   at System.Text.StringBuilder.ExpandByABlock(Int32 minBlockCharCount)
   at System.Text.StringBuilder.AppendWithExpansion(Char& value, Int32 valueCount)
   at System.Text.StringBuilder.Append(Char[] value, Int32 startIndex, Int32 charCount)
   at System.IO.StreamReader.ReadToEnd()
   at System.IO.File.ReadAllText(String path, Encoding encoding)
   at Applet.Nat.Api.Static.Queue.BuildTaskUpLoad(IConfiguration vioConfiguration) in C:\Users\Jaco2701\Documents\Visual Studio Projects\Nat\Nat.Api\Static\Queue.cs:line 206
25/09/2025 03:35:08==>Insufficient memory to continue the execution of the program.
   at System.Text.StringBuilder.ExpandByABlock(Int32 minBlockCharCount)
   at System.Text.StringBuilder.AppendWithExpansion(Char& value, Int32 valueCount)
   at System.Text.StringBuilder.Append(Char[] value, Int32 startIndex, Int32 charCount)
   at System.IO.StreamReader.ReadToEnd()
   at System.IO.File.ReadAllText(String path, Encoding encoding)
   at Applet.Nat.Api.Static.Queue.BuildTaskUpLoad(IConfiguration vioConfiguration) in C:\Users\Jaco2701\Documents\Visual Studio Projects\Nat\Nat.Api\Static\Queue.cs:line 206
25/09/2025 03:35:38==>Insufficient memory to continue the execution of the program.
   at System.Text.StringBuilder.ExpandByABlock(Int32 minBlockCharCount)
   at System.Text.StringBuilder.AppendWithExpansion(Char& value, Int32 valueCount)
   at System.Text.StringBuilder.Append(Char[] value, Int32 startIndex, Int32 charCount)
   at System.IO.StreamReader.ReadToEnd()
   at System.IO.File.ReadAllText(String path, Encoding encoding)
   at Applet.Nat.Api.Static.Queue.BuildTaskUpLoad(IConfiguration vioConfiguration) in C:\Users\Jaco2701\Documents\Visual Studio Projects\Nat\Nat.Api\Static\Queue.cs:line 206
25/09/2025 03:36:08==>Insufficient memory to continue the execution of the program.
   at System.Text.StringBuilder.ExpandByABlock(Int32 minBlockCharCount)
   at System.Text.StringBuilder.AppendWithExpansion(Char& value, Int32 valueCount)
   at System.Text.StringBuilder.Append(Char[] value, Int32 startIndex, Int32 charCount)
   at System.IO.StreamReader.ReadToEnd()
   at System.IO.File.ReadAllText(String path, Encoding encoding)
   at Applet.Nat.Api.Static.Queue.BuildTaskUpLoad(IConfiguration vioConfiguration) in C:\Users\Jaco2701\Documents\Visual Studio Projects\Nat\Nat.Api\Static\Queue.cs:line 206
25/09/2025 03:36:38==>Insufficient memory to continue the execution of the program.
   at System.Text.StringBuilder.ExpandByABlock(Int32 minBlockCharCount)
   at System.Text.StringBuilder.AppendWithExpansion(Char& value, Int32 valueCount)
   at System.Text.StringBuilder.Append(Char[] value, Int32 startIndex, Int32 charCount)
   at System.IO.StreamReader.ReadToEnd()
   at System.IO.File.ReadAllText(String path, Encoding encoding)
   at Applet.Nat.Api.Static.Queue.BuildTaskUpLoad(IConfiguration vioConfiguration) in C:\Users\Jaco2701\Documents\Visual Studio Projects\Nat\Nat.Api\Static\Queue.cs:line 206
25/09/2025 03:37:07==>Insufficient memory to continue the execution of the program.
   at System.Text.StringBuilder.ExpandByABlock(Int32 minBlockCharCount)
   at System.Text.StringBuilder.AppendWithExpansion(Char& value, Int32 valueCount)
   at System.Text.StringBuilder.Append(Char[] value, Int32 startIndex, Int32 charCount)
   at System.IO.StreamReader.ReadToEnd()
   at System.IO.File.ReadAllText(String path, Encoding encoding)
   at Applet.Nat.Api.Static.Queue.BuildTaskUpLoad(IConfiguration vioConfiguration) in C:\Users\Jaco2701\Documents\Visual Studio Projects\Nat\Nat.Api\Static\Queue.cs:line 206
25/09/2025 03:37:37==>Insufficient memory to continue the execution of the program.
   at System.Text.StringBuilder.ExpandByABlock(Int32 minBlockCharCount)
   at System.Text.StringBuilder.AppendWithExpansion(Char& value, Int32 valueCount)
   at System.Text.StringBuilder.Append(Char[] value, Int32 startIndex, Int32 charCount)
   at System.IO.StreamReader.ReadToEnd()
   at System.IO.File.ReadAllText(String path, Encoding encoding)
   at Applet.Nat.Api.Static.Queue.BuildTaskUpLoad(IConfiguration vioConfiguration) in C:\Users\Jaco2701\Documents\Visual Studio Projects\Nat\Nat.Api\Static\Queue.cs:line 206
25/09/2025 03:38:07==>Insufficient memory to continue the execution of the program.
   at System.Text.StringBuilder.ExpandByABlock(Int32 minBlockCharCount)
   at System.Text.StringBuilder.AppendWithExpansion(Char& value, Int32 valueCount)
   at System.Text.StringBuilder.Append(Char[] value, Int32 startIndex, Int32 charCount)
   at System.IO.StreamReader.ReadToEnd()
   at System.IO.File.ReadAllText(String path, Encoding encoding)
   at Applet.Nat.Api.Static.Queue.BuildTaskUpLoad(IConfiguration vioConfiguration) in C:\Users\Jaco2701\Documents\Visual Studio Projects\Nat\Nat.Api\Static\Queue.cs:line 206
25/09/2025 03:38:36==>Valor de Lista CUIT:0 no encontrado
   at Applet.Nat.Api.Static.ListHelper.GetValue(String vivcodType, String vivcodId, NatContext vioContext) in C:\Users\Jaco2701\Documents\Visual Studio Projects\Nat\Nat.Api\Static\ListHelper.cs:line 26
   at Applet.Nat.Api.Controllers.MiscController.Statics() in C:\Users\Jaco2701\Documents\Visual Studio Projects\Nat\Nat.Api\Controllers\MiscController.cs:line 44
25/09/2025 03:38:37==>Valor de Lista CUIT:0 no encontrado
   at Applet.Nat.Api.Static.ListHelper.GetValue(String vivcodType, String vivcodId, NatContext vioContext) in C:\Users\Jaco2701\Documents\Visual Studio Projects\Nat\Nat.Api\Static\ListHelper.cs:line 26
   at Applet.Nat.Api.Controllers.MiscController.Statics() in C:\Users\Jaco2701\Documents\Visual Studio Projects\Nat\Nat.Api\Controllers\MiscController.cs:line 54
25/09/2025 03:38:37==>Valor de Lista CUIT:0 no encontrado
   at Applet.Nat.Api.Static.ListHelper.GetValue(String vivcodType, String vivcodId, NatContext vioContext) in C:\Users\Jaco2701\Documents\Visual Studio Projects\Nat\Nat.Api\Static\ListHelper.cs:line 26
   at Applet.Nat.Api.Controllers.MiscController.Statics() in C:\Users\Jaco2701\Documents\Visual Studio Projects\Nat\Nat.Api\Controllers\MiscController.cs:line 64
25/09/2025 03:38:37==>Valor de Lista CUIT:0 no encontrado
   at Applet.Nat.Api.Static.ListHelper.GetValue(String vivcodType, String vivcodId, NatContext vioContext) in C:\Users\Jaco2701\Documents\Visual Studio Projects\Nat\Nat.Api\Static\ListHelper.cs:line 26
   at Applet.Nat.Api.Controllers.MiscController.Statics() in C:\Users\Jaco2701\Documents\Visual Studio Projects\Nat\Nat.Api\Controllers\MiscController.cs:line 44
25/09/2025 03:38:37==>Valor de Lista CUIT:0 no encontrado
   at Applet.Nat.Api.Static.ListHelper.GetValue(String vivcodType, String vivcodId, NatContext vioContext) in C:\Users\Jaco2701\Documents\Visual Studio Projects\Nat\Nat.Api\Static\ListHelper.cs:line 26
   at Applet.Nat.Api.Controllers.MiscController.Statics() in C:\Users\Jaco2701\Documents\Visual Studio Projects\Nat\Nat.Api\Controllers\MiscController.cs:line 54
25/09/2025 03:38:37==>Valor de Lista CUIT:0 no encontrado
   at Applet.Nat.Api.Static.ListHelper.GetValue(String vivcodType, String vivcodId, NatContext vioContext) in C:\Users\Jaco2701\Documents\Visual Studio Projects\Nat\Nat.Api\Static\ListHelper.cs:line 26
   at Applet.Nat.Api.Controllers.MiscController.Statics() in C:\Users\Jaco2701\Documents\Visual Studio Projects\Nat\Nat.Api\Controllers\MiscController.cs:line 64
25/09/2025 03:38:38==>Insufficient memory to continue the execution of the program.
   at System.Text.StringBuilder.ExpandByABlock(Int32 minBlockCharCount)
   at System.Text.StringBuilder.AppendWithExpansion(Char& value, Int32 valueCount)
   at System.Text.StringBuilder.Append(Char[] value, Int32 startIndex, Int32 charCount)
   at System.IO.StreamReader.ReadToEnd()
   at System.IO.File.ReadAllText(String path, Encoding encoding)
   at Applet.Nat.Api.Static.Queue.BuildTaskUpLoad(IConfiguration vioConfiguration) in C:\Users\Jaco2701\Documents\Visual Studio Projects\Nat\Nat.Api\Static\Queue.cs:line 206
25/09/2025 03:39:08==>Insufficient memory to continue the execution of the program.
   at System.Text.StringBuilder.ExpandByABlock(Int32 minBlockCharCount)
   at System.Text.StringBuilder.AppendWithExpansion(Char& value, Int32 valueCount)
   at System.Text.StringBuilder.Append(Char[] value, Int32 startIndex, Int32 charCount)
   at System.IO.StreamReader.ReadToEnd()
   at System.IO.File.ReadAllText(String path, Encoding encoding)
   at Applet.Nat.Api.Static.Queue.BuildTaskUpLoad(IConfiguration vioConfiguration) in C:\Users\Jaco2701\Documents\Visual Studio Projects\Nat\Nat.Api\Static\Queue.cs:line 206
25/09/2025 03:39:38==>Insufficient memory to continue the execution of the program.
   at System.Text.StringBuilder.ExpandByABlock(Int32 minBlockCharCount)
   at System.Text.StringBuilder.AppendWithExpansion(Char& value, Int32 valueCount)
   at System.Text.StringBuilder.Append(Char[] value, Int32 startIndex, Int32 charCount)
   at System.IO.StreamReader.ReadToEnd()
   at System.IO.File.ReadAllText(String path, Encoding encoding)
   at Applet.Nat.Api.Static.Queue.BuildTaskUpLoad(IConfiguration vioConfiguration) in C:\Users\Jaco2701\Documents\Visual Studio Projects\Nat\Nat.Api\Static\Queue.cs:line 206
25/09/2025 03:40:09==>Insufficient memory to continue the execution of the program.
   at System.Text.StringBuilder.ExpandByABlock(Int32 minBlockCharCount)
   at System.Text.StringBuilder.AppendWithExpansion(Char& value, Int32 valueCount)
   at System.Text.StringBuilder.Append(Char[] value, Int32 startIndex, Int32 charCount)
   at System.IO.StreamReader.ReadToEnd()
   at System.IO.File.ReadAllText(String path, Encoding encoding)
   at Applet.Nat.Api.Static.Queue.BuildTaskUpLoad(IConfiguration vioConfiguration) in C:\Users\Jaco2701\Documents\Visual Studio Projects\Nat\Nat.Api\Static\Queue.cs:line 206
25/09/2025 03:40:39==>Insufficient memory to continue the execution of the program.
   at System.Text.StringBuilder.ExpandByABlock(Int32 minBlockCharCount)
   at System.Text.StringBuilder.AppendWithExpansion(Char& value, Int32 valueCount)
   at System.Text.StringBuilder.Append(Char[] value, Int32 startIndex, Int32 charCount)
   at System.IO.StreamReader.ReadToEnd()
   at System.IO.File.ReadAllText(String path, Encoding encoding)
   at Applet.Nat.Api.Static.Queue.BuildTaskUpLoad(IConfiguration vioConfiguration) in C:\Users\Jaco2701\Documents\Visual Studio Projects\Nat\Nat.Api\Static\Queue.cs:line 206
25/09/2025 03:46:27==>Valor de Lista CUIT:0 no encontrado
   at Applet.Nat.Api.Static.ListHelper.GetValue(String vivcodType, String vivcodId, NatContext vioContext) in C:\Users\Jaco2701\Documents\Visual Studio Projects\Nat\Nat.Api\Static\ListHelper.cs:line 26
   at Applet.Nat.Api.Controllers.MiscController.Statics() in C:\Users\Jaco2701\Documents\Visual Studio Projects\Nat\Nat.Api\Controllers\MiscController.cs:line 44
25/09/2025 03:46:27==>Valor de Lista CUIT:0 no encontrado
   at Applet.Nat.Api.Static.ListHelper.GetValue(String vivcodType, String vivcodId, NatContext vioContext) in C:\Users\Jaco2701\Documents\Visual Studio Projects\Nat\Nat.Api\Static\ListHelper.cs:line 26
   at Applet.Nat.Api.Controllers.MiscController.Statics() in C:\Users\Jaco2701\Documents\Visual Studio Projects\Nat\Nat.Api\Controllers\MiscController.cs:line 54
25/09/2025 03:46:27==>Valor de Lista CUIT:0 no encontrado
   at Applet.Nat.Api.Static.ListHelper.GetValue(String vivcodType, String vivcodId, NatContext vioContext) in C:\Users\Jaco2701\Documents\Visual Studio Projects\Nat\Nat.Api\Static\ListHelper.cs:line 26
   at Applet.Nat.Api.Controllers.MiscController.Statics() in C:\Users\Jaco2701\Documents\Visual Studio Projects\Nat\Nat.Api\Controllers\MiscController.cs:line 64
25/09/2025 03:46:27==>Valor de Lista CUIT:0 no encontrado
   at Applet.Nat.Api.Static.ListHelper.GetValue(String vivcodType, String vivcodId, NatContext vioContext) in C:\Users\Jaco2701\Documents\Visual Studio Projects\Nat\Nat.Api\Static\ListHelper.cs:line 26
   at Applet.Nat.Api.Controllers.MiscController.Statics() in C:\Users\Jaco2701\Documents\Visual Studio Projects\Nat\Nat.Api\Controllers\MiscController.cs:line 44
25/09/2025 03:46:27==>Valor de Lista CUIT:0 no encontrado
   at Applet.Nat.Api.Static.ListHelper.GetValue(String vivcodType, String vivcodId, NatContext vioContext) in C:\Users\Jaco2701\Documents\Visual Studio Projects\Nat\Nat.Api\Static\ListHelper.cs:line 26
   at Applet.Nat.Api.Controllers.MiscController.Statics() in C:\Users\Jaco2701\Documents\Visual Studio Projects\Nat\Nat.Api\Controllers\MiscController.cs:line 54
25/09/2025 03:46:27==>Valor de Lista CUIT:0 no encontrado
   at Applet.Nat.Api.Static.ListHelper.GetValue(String vivcodType, String vivcodId, NatContext vioContext) in C:\Users\Jaco2701\Documents\Visual Studio Projects\Nat\Nat.Api\Static\ListHelper.cs:line 26
   at Applet.Nat.Api.Controllers.MiscController.Statics() in C:\Users\Jaco2701\Documents\Visual Studio Projects\Nat\Nat.Api\Controllers\MiscController.cs:line 64
25/09/2025 03:46:27==>Valor de Lista CUIT:0 no encontrado
   at Applet.Nat.Api.Static.ListHelper.GetValue(String vivcodType, String vivcodId, NatContext vioContext) in C:\Users\Jaco2701\Documents\Visual Studio Projects\Nat\Nat.Api\Static\ListHelper.cs:line 26
   at Applet.Nat.Api.Controllers.MiscController.Statics() in C:\Users\Jaco2701\Documents\Visual Studio Projects\Nat\Nat.Api\Controllers\MiscController.cs:line 44
25/09/2025 03:46:27==>Valor de Lista CUIT:0 no encontrado
   at Applet.Nat.Api.Static.ListHelper.GetValue(String vivcodType, String vivcodId, NatContext vioContext) in C:\Users\Jaco2701\Documents\Visual Studio Projects\Nat\Nat.Api\Static\ListHelper.cs:line 26
   at Applet.Nat.Api.Controllers.MiscController.Statics() in C:\Users\Jaco2701\Documents\Visual Studio Projects\Nat\Nat.Api\Controllers\MiscController.cs:line 54
25/09/2025 03:46:27==>Valor de Lista CUIT:0 no encontrado
   at Applet.Nat.Api.Static.ListHelper.GetValue(String vivcodType, String vivcodId, NatContext vioContext) in C:\Users\Jaco2701\Documents\Visual Studio Projects\Nat\Nat.Api\Static\ListHelper.cs:line 26
   at Applet.Nat.Api.Controllers.MiscController.Statics() in C:\Users\Jaco2701\Documents\Visual Studio Projects\Nat\Nat.Api\Controllers\MiscController.cs:line 64
25/09/2025 03:46:40==>Insufficient memory to continue the execution of the program.
   at System.Text.StringBuilder.ExpandByABlock(Int32 minBlockCharCount)
   at System.Text.StringBuilder.AppendWithExpansion(Char& value, Int32 valueCount)
   at System.Text.StringBuilder.Append(Char[] value, Int32 startIndex, Int32 charCount)
   at System.IO.StreamReader.ReadToEnd()
   at System.IO.File.ReadAllText(String path, Encoding encoding)
   at Applet.Nat.Api.Static.Queue.BuildTaskUpLoad(IConfiguration vioConfiguration) in C:\Users\Jaco2701\Documents\Visual Studio Projects\Nat\Nat.Api\Static\Queue.cs:line 206
25/09/2025 03:46:58==>Valor de Lista CUIT:0 no encontrado
   at Applet.Nat.Api.Static.ListHelper.GetValue(String vivcodType, String vivcodId, NatContext vioContext) in C:\Users\Jaco2701\Documents\Visual Studio Projects\Nat\Nat.Api\Static\ListHelper.cs:line 26
   at Applet.Nat.Api.Controllers.MiscController.Statics() in C:\Users\Jaco2701\Documents\Visual Studio Projects\Nat\Nat.Api\Controllers\MiscController.cs:line 44
25/09/2025 03:46:58==>Valor de Lista CUIT:0 no encontrado
   at Applet.Nat.Api.Static.ListHelper.GetValue(String vivcodType, String vivcodId, NatContext vioContext) in C:\Users\Jaco2701\Documents\Visual Studio Projects\Nat\Nat.Api\Static\ListHelper.cs:line 26
   at Applet.Nat.Api.Controllers.MiscController.Statics() in C:\Users\Jaco2701\Documents\Visual Studio Projects\Nat\Nat.Api\Controllers\MiscController.cs:line 54
25/09/2025 03:46:58==>Valor de Lista CUIT:0 no encontrado
   at Applet.Nat.Api.Static.ListHelper.GetValue(String vivcodType, String vivcodId, NatContext vioContext) in C:\Users\Jaco2701\Documents\Visual Studio Projects\Nat\Nat.Api\Static\ListHelper.cs:line 26
   at Applet.Nat.Api.Controllers.MiscController.Statics() in C:\Users\Jaco2701\Documents\Visual Studio Projects\Nat\Nat.Api\Controllers\MiscController.cs:line 64
25/09/2025 03:46:58==>Valor de Lista CUIT:0 no encontrado
   at Applet.Nat.Api.Static.ListHelper.GetValue(String vivcodType, String vivcodId, NatContext vioContext) in C:\Users\Jaco2701\Documents\Visual Studio Projects\Nat\Nat.Api\Static\ListHelper.cs:line 26
   at Applet.Nat.Api.Controllers.MiscController.Statics() in C:\Users\Jaco2701\Documents\Visual Studio Projects\Nat\Nat.Api\Controllers\MiscController.cs:line 44
25/09/2025 03:46:58==>Valor de Lista CUIT:0 no encontrado
   at Applet.Nat.Api.Static.ListHelper.GetValue(String vivcodType, String vivcodId, NatContext vioContext) in C:\Users\Jaco2701\Documents\Visual Studio Projects\Nat\Nat.Api\Static\ListHelper.cs:line 26
   at Applet.Nat.Api.Controllers.MiscController.Statics() in C:\Users\Jaco2701\Documents\Visual Studio Projects\Nat\Nat.Api\Controllers\MiscController.cs:line 54
25/09/2025 03:46:58==>Valor de Lista CUIT:0 no encontrado
   at Applet.Nat.Api.Static.ListHelper.GetValue(String vivcodType, String vivcodId, NatContext vioContext) in C:\Users\Jaco2701\Documents\Visual Studio Projects\Nat\Nat.Api\Static\ListHelper.cs:line 26
   at Applet.Nat.Api.Controllers.MiscController.Statics() in C:\Users\Jaco2701\Documents\Visual Studio Projects\Nat\Nat.Api\Controllers\MiscController.cs:line 64
25/09/2025 03:46:58==>Valor de Lista CUIT:0 no encontrado
   at Applet.Nat.Api.Static.ListHelper.GetValue(String vivcodType, String vivcodId, NatContext vioContext) in C:\Users\Jaco2701\Documents\Visual Studio Projects\Nat\Nat.Api\Static\ListHelper.cs:line 26
   at Applet.Nat.Api.Controllers.MiscController.Statics() in C:\Users\Jaco2701\Documents\Visual Studio Projects\Nat\Nat.Api\Controllers\MiscController.cs:line 44
25/09/2025 03:46:58==>Valor de Lista CUIT:0 no encontrado
   at Applet.Nat.Api.Static.ListHelper.GetValue(String vivcodType, String vivcodId, NatContext vioContext) in C:\Users\Jaco2701\Documents\Visual Studio Projects\Nat\Nat.Api\Static\ListHelper.cs:line 26
   at Applet.Nat.Api.Controllers.MiscController.Statics() in C:\Users\Jaco2701\Documents\Visual Studio Projects\Nat\Nat.Api\Controllers\MiscController.cs:line 54
25/09/2025 03:46:58==>Valor de Lista CUIT:0 no encontrado
   at Applet.Nat.Api.Static.ListHelper.GetValue(String vivcodType, String vivcodId, NatContext vioContext) in C:\Users\Jaco2701\Documents\Visual Studio Projects\Nat\Nat.Api\Static\ListHelper.cs:line 26
   at Applet.Nat.Api.Controllers.MiscController.Statics() in C:\Users\Jaco2701\Documents\Visual Studio Projects\Nat\Nat.Api\Controllers\MiscController.cs:line 64
25/09/2025 03:47:57==>Insufficient memory to continue the execution of the program.
   at System.Text.StringBuilder.ExpandByABlock(Int32 minBlockCharCount)
   at System.Text.StringBuilder.AppendWithExpansion(Char& value, Int32 valueCount)
   at System.Text.StringBuilder.Append(Char[] value, Int32 startIndex, Int32 charCount)
   at System.IO.StreamReader.ReadToEnd()
   at System.IO.File.ReadAllText(String path, Encoding encoding)
   at Applet.Nat.Api.Static.Queue.BuildTaskUpLoad(IConfiguration vioConfiguration) in C:\Users\Jaco2701\Documents\Visual Studio Projects\Nat\Nat.Api\Static\Queue.cs:line 206
25/09/2025 03:50:04==>Ejecucion Previa aun no finalizada
   at Applet.Nat.Api.Controllers.MiscController.Queue() in C:\Users\Jaco2701\Documents\Visual Studio Projects\Nat\Nat.Api\Controllers\MiscController.cs:line 147
25/09/2025 03:52:20==>Valor de Lista CUIT:0 no encontrado
   at Applet.Nat.Api.Static.ListHelper.GetValue(String vivcodType, String vivcodId, NatContext vioContext) in C:\Users\Jaco2701\Documents\Visual Studio Projects\Nat\Nat.Api\Static\ListHelper.cs:line 26
   at Applet.Nat.Api.Controllers.MiscController.Statics() in C:\Users\Jaco2701\Documents\Visual Studio Projects\Nat\Nat.Api\Controllers\MiscController.cs:line 44
25/09/2025 03:52:21==>Valor de Lista CUIT:0 no encontrado
   at Applet.Nat.Api.Static.ListHelper.GetValue(String vivcodType, String vivcodId, NatContext vioContext) in C:\Users\Jaco2701\Documents\Visual Studio Projects\Nat\Nat.Api\Static\ListHelper.cs:line 26
   at Applet.Nat.Api.Controllers.MiscController.Statics() in C:\Users\Jaco2701\Documents\Visual Studio Projects\Nat\Nat.Api\Controllers\MiscController.cs:line 54
25/09/2025 03:52:22==>Valor de Lista CUIT:0 no encontrado
   at Applet.Nat.Api.Static.ListHelper.GetValue(String vivcodType, String vivcodId, NatContext vioContext) in C:\Users\Jaco2701\Documents\Visual Studio Projects\Nat\Nat.Api\Static\ListHelper.cs:line 26
   at Applet.Nat.Api.Controllers.MiscController.Statics() in C:\Users\Jaco2701\Documents\Visual Studio Projects\Nat\Nat.Api\Controllers\MiscController.cs:line 64
25/09/2025 03:52:22==>Valor de Lista CUIT:0 no encontrado
   at Applet.Nat.Api.Static.ListHelper.GetValue(String vivcodType, String vivcodId, NatContext vioContext) in C:\Users\Jaco2701\Documents\Visual Studio Projects\Nat\Nat.Api\Static\ListHelper.cs:line 26
   at Applet.Nat.Api.Controllers.MiscController.Statics() in C:\Users\Jaco2701\Documents\Visual Studio Projects\Nat\Nat.Api\Controllers\MiscController.cs:line 44
25/09/2025 03:52:24==>Valor de Lista CUIT:0 no encontrado
   at Applet.Nat.Api.Static.ListHelper.GetValue(String vivcodType, String vivcodId, NatContext vioContext) in C:\Users\Jaco2701\Documents\Visual Studio Projects\Nat\Nat.Api\Static\ListHelper.cs:line 26
   at Applet.Nat.Api.Controllers.MiscController.Statics() in C:\Users\Jaco2701\Documents\Visual Studio Projects\Nat\Nat.Api\Controllers\MiscController.cs:line 54
25/09/2025 03:52:25==>Valor de Lista CUIT:0 no encontrado
   at Applet.Nat.Api.Static.ListHelper.GetValue(String vivcodType, String vivcodId, NatContext vioContext) in C:\Users\Jaco2701\Documents\Visual Studio Projects\Nat\Nat.Api\Static\ListHelper.cs:line 26
   at Applet.Nat.Api.Controllers.MiscController.Statics() in C:\Users\Jaco2701\Documents\Visual Studio Projects\Nat\Nat.Api\Controllers\MiscController.cs:line 44
25/09/2025 03:52:25==>Ejecucion Previa aun no finalizada
   at Applet.Nat.Api.Controllers.MiscController.Queue() in C:\Users\Jaco2701\Documents\Visual Studio Projects\Nat\Nat.Api\Controllers\MiscController.cs:line 147
25/09/2025 03:52:25==>Valor de Lista CUIT:0 no encontrado
   at Applet.Nat.Api.Static.ListHelper.GetValue(String vivcodType, String vivcodId, NatContext vioContext) in C:\Users\Jaco2701\Documents\Visual Studio Projects\Nat\Nat.Api\Static\ListHelper.cs:line 26
   at Applet.Nat.Api.Controllers.MiscController.Statics() in C:\Users\Jaco2701\Documents\Visual Studio Projects\Nat\Nat.Api\Controllers\MiscController.cs:line 64
25/09/2025 03:52:25==>Valor de Lista CUIT:0 no encontrado
   at Applet.Nat.Api.Static.ListHelper.GetValue(String vivcodType, String vivcodId, NatContext vioContext) in C:\Users\Jaco2701\Documents\Visual Studio Projects\Nat\Nat.Api\Static\ListHelper.cs:line 26
   at Applet.Nat.Api.Controllers.MiscController.Statics() in C:\Users\Jaco2701\Documents\Visual Studio Projects\Nat\Nat.Api\Controllers\MiscController.cs:line 44
25/09/2025 03:52:26==>Valor de Lista CUIT:0 no encontrado
   at Applet.Nat.Api.Static.ListHelper.GetValue(String vivcodType, String vivcodId, NatContext vioContext) in C:\Users\Jaco2701\Documents\Visual Studio Projects\Nat\Nat.Api\Static\ListHelper.cs:line 26
   at Applet.Nat.Api.Controllers.MiscController.Statics() in C:\Users\Jaco2701\Documents\Visual Studio Projects\Nat\Nat.Api\Controllers\MiscController.cs:line 54
25/09/2025 03:52:26==>Valor de Lista CUIT:0 no encontrado
   at Applet.Nat.Api.Static.ListHelper.GetValue(String vivcodType, String vivcodId, NatContext vioContext) in C:\Users\Jaco2701\Documents\Visual Studio Projects\Nat\Nat.Api\Static\ListHelper.cs:line 26
   at Applet.Nat.Api.Controllers.MiscController.Statics() in C:\Users\Jaco2701\Documents\Visual Studio Projects\Nat\Nat.Api\Controllers\MiscController.cs:line 54
25/09/2025 03:52:27==>Valor de Lista CUIT:0 no encontrado
   at Applet.Nat.Api.Static.ListHelper.GetValue(String vivcodType, String vivcodId, NatContext vioContext) in C:\Users\Jaco2701\Documents\Visual Studio Projects\Nat\Nat.Api\Static\ListHelper.cs:line 26
   at Applet.Nat.Api.Controllers.MiscController.Statics() in C:\Users\Jaco2701\Documents\Visual Studio Projects\Nat\Nat.Api\Controllers\MiscController.cs:line 64
25/09/2025 03:52:27==>Valor de Lista CUIT:0 no encontrado
   at Applet.Nat.Api.Static.ListHelper.GetValue(String vivcodType, String vivcodId, NatContext vioContext) in C:\Users\Jaco2701\Documents\Visual Studio Projects\Nat\Nat.Api\Static\ListHelper.cs:line 26
   at Applet.Nat.Api.Controllers.MiscController.Statics() in C:\Users\Jaco2701\Documents\Visual Studio Projects\Nat\Nat.Api\Controllers\MiscController.cs:line 64
25/09/2025 04:00:22==>Valor de Lista CUIT:0 no encontrado
   at Applet.Nat.Api.Static.ListHelper.GetValue(String vivcodType, String vivcodId, NatContext vioContext) in C:\Users\Jaco2701\Documents\Visual Studio Projects\Nat\Nat.Api\Static\ListHelper.cs:line 26
   at Applet.Nat.Api.Controllers.MiscController.Statics() in C:\Users\Jaco2701\Documents\Visual Studio Projects\Nat\Nat.Api\Controllers\MiscController.cs:line 44
25/09/2025 04:00:22==>Valor de Lista CUIT:0 no encontrado
   at Applet.Nat.Api.Static.ListHelper.GetValue(String vivcodType, String vivcodId, NatContext vioContext) in C:\Users\Jaco2701\Documents\Visual Studio Projects\Nat\Nat.Api\Static\ListHelper.cs:line 26
   at Applet.Nat.Api.Controllers.MiscController.Statics() in C:\Users\Jaco2701\Documents\Visual Studio Projects\Nat\Nat.Api\Controllers\MiscController.cs:line 54
25/09/2025 04:00:22==>Valor de Lista CUIT:0 no encontrado
   at Applet.Nat.Api.Static.ListHelper.GetValue(String vivcodType, String vivcodId, NatContext vioContext) in C:\Users\Jaco2701\Documents\Visual Studio Projects\Nat\Nat.Api\Static\ListHelper.cs:line 26
   at Applet.Nat.Api.Controllers.MiscController.Statics() in C:\Users\Jaco2701\Documents\Visual Studio Projects\Nat\Nat.Api\Controllers\MiscController.cs:line 64
25/09/2025 04:00:22==>Valor de Lista CUIT:0 no encontrado
   at Applet.Nat.Api.Static.ListHelper.GetValue(String vivcodType, String vivcodId, NatContext vioContext) in C:\Users\Jaco2701\Documents\Visual Studio Projects\Nat\Nat.Api\Static\ListHelper.cs:line 26
   at Applet.Nat.Api.Controllers.MiscController.Statics() in C:\Users\Jaco2701\Documents\Visual Studio Projects\Nat\Nat.Api\Controllers\MiscController.cs:line 44
25/09/2025 04:00:22==>Valor de Lista CUIT:0 no encontrado
   at Applet.Nat.Api.Static.ListHelper.GetValue(String vivcodType, String vivcodId, NatContext vioContext) in C:\Users\Jaco2701\Documents\Visual Studio Projects\Nat\Nat.Api\Static\ListHelper.cs:line 26
   at Applet.Nat.Api.Controllers.MiscController.Statics() in C:\Users\Jaco2701\Documents\Visual Studio Projects\Nat\Nat.Api\Controllers\MiscController.cs:line 54
25/09/2025 04:00:22==>Valor de Lista CUIT:0 no encontrado
   at Applet.Nat.Api.Static.ListHelper.GetValue(String vivcodType, String vivcodId, NatContext vioContext) in C:\Users\Jaco2701\Documents\Visual Studio Projects\Nat\Nat.Api\Static\ListHelper.cs:line 26
   at Applet.Nat.Api.Controllers.MiscController.Statics() in C:\Users\Jaco2701\Documents\Visual Studio Projects\Nat\Nat.Api\Controllers\MiscController.cs:line 64
25/09/2025 04:00:31==>Insufficient memory to continue the execution of the program.
   at System.Text.StringBuilder.ExpandByABlock(Int32 minBlockCharCount)
   at System.Text.StringBuilder.AppendWithExpansion(Char& value, Int32 valueCount)
   at System.Text.StringBuilder.Append(Char[] value, Int32 startIndex, Int32 charCount)
   at System.IO.StreamReader.ReadToEnd()
   at System.IO.File.ReadAllText(String path, Encoding encoding)
   at Applet.Nat.Api.Static.Queue.BuildTaskUpLoad(IConfiguration vioConfiguration) in C:\Users\Jaco2701\Documents\Visual Studio Projects\Nat\Nat.Api\Static\Queue.cs:line 206
25/09/2025 04:01:03==>Insufficient memory to continue the execution of the program.
   at System.Text.StringBuilder.ExpandByABlock(Int32 minBlockCharCount)
   at System.Text.StringBuilder.AppendWithExpansion(Char& value, Int32 valueCount)
   at System.Text.StringBuilder.Append(Char[] value, Int32 startIndex, Int32 charCount)
   at System.IO.StreamReader.ReadToEnd()
   at System.IO.File.ReadAllText(String path, Encoding encoding)
   at Applet.Nat.Api.Static.Queue.BuildTaskUpLoad(IConfiguration vioConfiguration) in C:\Users\Jaco2701\Documents\Visual Studio Projects\Nat\Nat.Api\Static\Queue.cs:line 206
25/09/2025 04:01:33==>Insufficient memory to continue the execution of the program.
   at System.Text.StringBuilder.ExpandByABlock(Int32 minBlockCharCount)
   at System.Text.StringBuilder.AppendWithExpansion(Char& value, Int32 valueCount)
   at System.Text.StringBuilder.Append(Char[] value, Int32 startIndex, Int32 charCount)
   at System.IO.StreamReader.ReadToEnd()
   at System.IO.File.ReadAllText(String path, Encoding encoding)
   at Applet.Nat.Api.Static.Queue.BuildTaskUpLoad(IConfiguration vioConfiguration) in C:\Users\Jaco2701\Documents\Visual Studio Projects\Nat\Nat.Api\Static\Queue.cs:line 206
25/09/2025 04:01:36==>The archive entry was compressed using an unsupported compression method.
   at System.IO.Compression.Inflater.Inflate(FlushCode flushCode)
   at System.IO.Compression.Inflater.ReadInflateOutput(Byte* bufPtr, Int32 length, FlushCode flushCode, Int32& bytesRead)
   at System.IO.Compression.Inflater.InflateVerified(Byte* bufPtr, Int32 length)
   at System.IO.Compression.DeflateStream.CopyToStream.Write(Byte[] buffer, Int32 offset, Int32 count)
   at System.IO.Compression.DeflateStream.CopyToStream.CopyFromSourceToDestination()
   at System.IO.Compression.DeflateStream.CopyTo(Stream destination, Int32 bufferSize)
   at Applet.Nat.Api.Static.Format.UnCompress2(String value) in C:\Users\Jaco2701\Documents\Visual Studio Projects\Nat\Nat.Api\Static\Format.cs:line 383
   at Applet.Nat.Api.Static.Format.UnCompress(String vivstr, Encoding vioEncoding) in C:\Users\Jaco2701\Documents\Visual Studio Projects\Nat\Nat.Api\Static\Format.cs:line 373
   at Applet.Nat.Api.Br.Models.InDocumentXML.ToDocumentUser() in C:\Users\Jaco2701\Documents\Visual Studio Projects\Nat\Nat.Api\Models\BR\InDocumentXML.cs:line 34
25/09/2025 04:01:46==>no Encontrado o con forrmato erroneo.
   at Applet.Nat.Api.Br.Models.Document.SendResponse() in C:\Users\Jaco2701\Documents\Visual Studio Projects\Nat\Nat.Api\Models\BR\Document.cs:line 291
   at Applet.Nat.Api.Br.Models.Document.Auth() in C:\Users\Jaco2701\Documents\Visual Studio Projects\Nat\Nat.Api\Models\BR\Document.cs:line 272
25/09/2025 04:02:07==>Insufficient memory to continue the execution of the program.
   at System.Text.StringBuilder.ExpandByABlock(Int32 minBlockCharCount)
   at System.Text.StringBuilder.AppendWithExpansion(Char& value, Int32 valueCount)
   at System.Text.StringBuilder.Append(Char[] value, Int32 startIndex, Int32 charCount)
   at System.IO.StreamReader.ReadToEnd()
   at System.IO.File.ReadAllText(String path, Encoding encoding)
   at Applet.Nat.Api.Static.Queue.BuildTaskUpLoad(IConfiguration vioConfiguration) in C:\Users\Jaco2701\Documents\Visual Studio Projects\Nat\Nat.Api\Static\Queue.cs:line 206
25/09/2025 04:02:18==>The archive entry was compressed using an unsupported compression method.
   at System.IO.Compression.Inflater.Inflate(FlushCode flushCode)
   at System.IO.Compression.Inflater.ReadInflateOutput(Byte* bufPtr, Int32 length, FlushCode flushCode, Int32& bytesRead)
   at System.IO.Compression.Inflater.InflateVerified(Byte* bufPtr, Int32 length)
   at System.IO.Compression.DeflateStream.CopyToStream.CopyFromSourceToDestination()
   at System.IO.Compression.DeflateStream.CopyTo(Stream destination, Int32 bufferSize)
   at Applet.Nat.Api.Static.Format.UnCompress2(String value) in C:\Users\Jaco2701\Documents\Visual Studio Projects\Nat\Nat.Api\Static\Format.cs:line 383
   at Applet.Nat.Api.Br.Models.Document.Share() in C:\Users\Jaco2701\Documents\Visual Studio Projects\Nat\Nat.Api\Models\BR\Document.cs:line 207
25/09/2025 04:02:36==>Insufficient memory to continue the execution of the program.
   at System.Text.StringBuilder.ExpandByABlock(Int32 minBlockCharCount)
   at System.Text.StringBuilder.AppendWithExpansion(Char& value, Int32 valueCount)
   at System.Text.StringBuilder.Append(Char[] value, Int32 startIndex, Int32 charCount)
   at System.IO.StreamReader.ReadToEnd()
   at System.IO.File.ReadAllText(String path, Encoding encoding)
   at Applet.Nat.Api.Static.Queue.BuildTaskUpLoad(IConfiguration vioConfiguration) in C:\Users\Jaco2701\Documents\Visual Studio Projects\Nat\Nat.Api\Static\Queue.cs:line 206
25/09/2025 04:03:06==>Insufficient memory to continue the execution of the program.
   at System.Text.StringBuilder.ExpandByABlock(Int32 minBlockCharCount)
   at System.Text.StringBuilder.AppendWithExpansion(Char& value, Int32 valueCount)
   at System.Text.StringBuilder.Append(Char[] value, Int32 startIndex, Int32 charCount)
   at System.IO.StreamReader.ReadToEnd()
   at System.IO.File.ReadAllText(String path, Encoding encoding)
   at Applet.Nat.Api.Static.Queue.BuildTaskUpLoad(IConfiguration vioConfiguration) in C:\Users\Jaco2701\Documents\Visual Studio Projects\Nat\Nat.Api\Static\Queue.cs:line 206
25/09/2025 04:03:36==>Insufficient memory to continue the execution of the program.
   at System.Text.StringBuilder.ExpandByABlock(Int32 minBlockCharCount)
   at System.Text.StringBuilder.AppendWithExpansion(Char& value, Int32 valueCount)
   at System.Text.StringBuilder.Append(Char[] value, Int32 startIndex, Int32 charCount)
   at System.IO.StreamReader.ReadToEnd()
   at System.IO.File.ReadAllText(String path, Encoding encoding)
   at Applet.Nat.Api.Static.Queue.BuildTaskUpLoad(IConfiguration vioConfiguration) in C:\Users\Jaco2701\Documents\Visual Studio Projects\Nat\Nat.Api\Static\Queue.cs:line 206
25/09/2025 04:04:07==>Insufficient memory to continue the execution of the program.
   at System.Text.StringBuilder.ExpandByABlock(Int32 minBlockCharCount)
   at System.Text.StringBuilder.AppendWithExpansion(Char& value, Int32 valueCount)
   at System.Text.StringBuilder.Append(Char[] value, Int32 startIndex, Int32 charCount)
   at System.IO.StreamReader.ReadToEnd()
   at System.IO.File.ReadAllText(String path, Encoding encoding)
   at Applet.Nat.Api.Static.Queue.BuildTaskUpLoad(IConfiguration vioConfiguration) in C:\Users\Jaco2701\Documents\Visual Studio Projects\Nat\Nat.Api\Static\Queue.cs:line 206
25/09/2025 04:04:36==>Insufficient memory to continue the execution of the program.
   at System.Text.StringBuilder.ExpandByABlock(Int32 minBlockCharCount)
   at System.Text.StringBuilder.AppendWithExpansion(Char& value, Int32 valueCount)
   at System.Text.StringBuilder.Append(Char[] value, Int32 startIndex, Int32 charCount)
   at System.IO.StreamReader.ReadToEnd()
   at System.IO.File.ReadAllText(String path, Encoding encoding)
   at Applet.Nat.Api.Static.Queue.BuildTaskUpLoad(IConfiguration vioConfiguration) in C:\Users\Jaco2701\Documents\Visual Studio Projects\Nat\Nat.Api\Static\Queue.cs:line 206
25/09/2025 04:05:05==>Insufficient memory to continue the execution of the program.
   at System.Text.StringBuilder.ExpandByABlock(Int32 minBlockCharCount)
   at System.Text.StringBuilder.AppendWithExpansion(Char& value, Int32 valueCount)
   at System.Text.StringBuilder.Append(Char[] value, Int32 startIndex, Int32 charCount)
   at System.IO.StreamReader.ReadToEnd()
   at System.IO.File.ReadAllText(String path, Encoding encoding)
   at Applet.Nat.Api.Static.Queue.BuildTaskUpLoad(IConfiguration vioConfiguration) in C:\Users\Jaco2701\Documents\Visual Studio Projects\Nat\Nat.Api\Static\Queue.cs:line 206
25/09/2025 04:05:08==>Valor de Lista CUIT:0 no encontrado
   at Applet.Nat.Api.Static.ListHelper.GetValue(String vivcodType, String vivcodId, NatContext vioContext) in C:\Users\Jaco2701\Documents\Visual Studio Projects\Nat\Nat.Api\Static\ListHelper.cs:line 26
   at Applet.Nat.Api.Controllers.MiscController.Statics() in C:\Users\Jaco2701\Documents\Visual Studio Projects\Nat\Nat.Api\Controllers\MiscController.cs:line 44
25/09/2025 04:05:08==>Valor de Lista CUIT:0 no encontrado
   at Applet.Nat.Api.Static.ListHelper.GetValue(String vivcodType, String vivcodId, NatContext vioContext) in C:\Users\Jaco2701\Documents\Visual Studio Projects\Nat\Nat.Api\Static\ListHelper.cs:line 26
   at Applet.Nat.Api.Controllers.MiscController.Statics() in C:\Users\Jaco2701\Documents\Visual Studio Projects\Nat\Nat.Api\Controllers\MiscController.cs:line 54
25/09/2025 04:05:08==>Valor de Lista CUIT:0 no encontrado
   at Applet.Nat.Api.Static.ListHelper.GetValue(String vivcodType, String vivcodId, NatContext vioContext) in C:\Users\Jaco2701\Documents\Visual Studio Projects\Nat\Nat.Api\Static\ListHelper.cs:line 26
   at Applet.Nat.Api.Controllers.MiscController.Statics() in C:\Users\Jaco2701\Documents\Visual Studio Projects\Nat\Nat.Api\Controllers\MiscController.cs:line 64
25/09/2025 04:05:08==>Valor de Lista CUIT:0 no encontrado
   at Applet.Nat.Api.Static.ListHelper.GetValue(String vivcodType, String vivcodId, NatContext vioContext) in C:\Users\Jaco2701\Documents\Visual Studio Projects\Nat\Nat.Api\Static\ListHelper.cs:line 26
   at Applet.Nat.Api.Controllers.MiscController.Statics() in C:\Users\Jaco2701\Documents\Visual Studio Projects\Nat\Nat.Api\Controllers\MiscController.cs:line 44
25/09/2025 04:05:08==>Valor de Lista CUIT:0 no encontrado
   at Applet.Nat.Api.Static.ListHelper.GetValue(String vivcodType, String vivcodId, NatContext vioContext) in C:\Users\Jaco2701\Documents\Visual Studio Projects\Nat\Nat.Api\Static\ListHelper.cs:line 26
   at Applet.Nat.Api.Controllers.MiscController.Statics() in C:\Users\Jaco2701\Documents\Visual Studio Projects\Nat\Nat.Api\Controllers\MiscController.cs:line 54
25/09/2025 04:05:08==>Valor de Lista CUIT:0 no encontrado
   at Applet.Nat.Api.Static.ListHelper.GetValue(String vivcodType, String vivcodId, NatContext vioContext) in C:\Users\Jaco2701\Documents\Visual Studio Projects\Nat\Nat.Api\Static\ListHelper.cs:line 26
   at Applet.Nat.Api.Controllers.MiscController.Statics() in C:\Users\Jaco2701\Documents\Visual Studio Projects\Nat\Nat.Api\Controllers\MiscController.cs:line 64
25/09/2025 04:05:35==>Insufficient memory to continue the execution of the program.
   at System.Text.StringBuilder.ExpandByABlock(Int32 minBlockCharCount)
   at System.Text.StringBuilder.AppendWithExpansion(Char& value, Int32 valueCount)
   at System.Text.StringBuilder.Append(Char[] value, Int32 startIndex, Int32 charCount)
   at System.IO.StreamReader.ReadToEnd()
   at System.IO.File.ReadAllText(String path, Encoding encoding)
   at Applet.Nat.Api.Static.Queue.BuildTaskUpLoad(IConfiguration vioConfiguration) in C:\Users\Jaco2701\Documents\Visual Studio Projects\Nat\Nat.Api\Static\Queue.cs:line 206
25/09/2025 04:06:04==>Insufficient memory to continue the execution of the program.
   at System.Text.StringBuilder.ExpandByABlock(Int32 minBlockCharCount)
   at System.Text.StringBuilder.AppendWithExpansion(Char& value, Int32 valueCount)
   at System.Text.StringBuilder.Append(Char[] value, Int32 startIndex, Int32 charCount)
   at System.IO.StreamReader.ReadToEnd()
   at System.IO.File.ReadAllText(String path, Encoding encoding)
   at Applet.Nat.Api.Static.Queue.BuildTaskUpLoad(IConfiguration vioConfiguration) in C:\Users\Jaco2701\Documents\Visual Studio Projects\Nat\Nat.Api\Static\Queue.cs:line 206
25/09/2025 04:06:33==>Insufficient memory to continue the execution of the program.
   at System.Text.StringBuilder.ExpandByABlock(Int32 minBlockCharCount)
   at System.Text.StringBuilder.AppendWithExpansion(Char& value, Int32 valueCount)
   at System.Text.StringBuilder.Append(Char[] value, Int32 startIndex, Int32 charCount)
   at System.IO.StreamReader.ReadToEnd()
   at System.IO.File.ReadAllText(String path, Encoding encoding)
   at Applet.Nat.Api.Static.Queue.BuildTaskUpLoad(IConfiguration vioConfiguration) in C:\Users\Jaco2701\Documents\Visual Studio Projects\Nat\Nat.Api\Static\Queue.cs:line 206
25/09/2025 04:07:03==>Insufficient memory to continue the execution of the program.
   at System.Text.StringBuilder.ExpandByABlock(Int32 minBlockCharCount)
   at System.Text.StringBuilder.AppendWithExpansion(Char& value, Int32 valueCount)
   at System.Text.StringBuilder.Append(Char[] value, Int32 startIndex, Int32 charCount)
   at System.IO.StreamReader.ReadToEnd()
   at System.IO.File.ReadAllText(String path, Encoding encoding)
   at Applet.Nat.Api.Static.Queue.BuildTaskUpLoad(IConfiguration vioConfiguration) in C:\Users\Jaco2701\Documents\Visual Studio Projects\Nat\Nat.Api\Static\Queue.cs:line 206
25/09/2025 04:07:33==>Insufficient memory to continue the execution of the program.
   at System.Text.StringBuilder.ExpandByABlock(Int32 minBlockCharCount)
   at System.Text.StringBuilder.AppendWithExpansion(Char& value, Int32 valueCount)
   at System.Text.StringBuilder.Append(Char[] value, Int32 startIndex, Int32 charCount)
   at System.IO.StreamReader.ReadToEnd()
   at System.IO.File.ReadAllText(String path, Encoding encoding)
   at Applet.Nat.Api.Static.Queue.BuildTaskUpLoad(IConfiguration vioConfiguration) in C:\Users\Jaco2701\Documents\Visual Studio Projects\Nat\Nat.Api\Static\Queue.cs:line 206
25/09/2025 04:08:03==>Insufficient memory to continue the execution of the program.
   at System.Text.StringBuilder.ExpandByABlock(Int32 minBlockCharCount)
   at System.Text.StringBuilder.AppendWithExpansion(Char& value, Int32 valueCount)
   at System.Text.StringBuilder.Append(Char[] value, Int32 startIndex, Int32 charCount)
   at System.IO.StreamReader.ReadToEnd()
   at System.IO.File.ReadAllText(String path, Encoding encoding)
   at Applet.Nat.Api.Static.Queue.BuildTaskUpLoad(IConfiguration vioConfiguration) in C:\Users\Jaco2701\Documents\Visual Studio Projects\Nat\Nat.Api\Static\Queue.cs:line 206
25/09/2025 04:08:33==>Insufficient memory to continue the execution of the program.
   at System.Text.StringBuilder.ExpandByABlock(Int32 minBlockCharCount)
   at System.Text.StringBuilder.AppendWithExpansion(Char& value, Int32 valueCount)
   at System.Text.StringBuilder.Append(Char[] value, Int32 startIndex, Int32 charCount)
   at System.IO.StreamReader.ReadToEnd()
   at System.IO.File.ReadAllText(String path, Encoding encoding)
   at Applet.Nat.Api.Static.Queue.BuildTaskUpLoad(IConfiguration vioConfiguration) in C:\Users\Jaco2701\Documents\Visual Studio Projects\Nat\Nat.Api\Static\Queue.cs:line 206
25/09/2025 04:09:01==>Valor de Lista CUIT:0 no encontrado
   at Applet.Nat.Api.Static.ListHelper.GetValue(String vivcodType, String vivcodId, NatContext vioContext) in C:\Users\Jaco2701\Documents\Visual Studio Projects\Nat\Nat.Api\Static\ListHelper.cs:line 26
   at Applet.Nat.Api.Controllers.MiscController.Statics() in C:\Users\Jaco2701\Documents\Visual Studio Projects\Nat\Nat.Api\Controllers\MiscController.cs:line 44
25/09/2025 04:09:01==>Valor de Lista CUIT:0 no encontrado
   at Applet.Nat.Api.Static.ListHelper.GetValue(String vivcodType, String vivcodId, NatContext vioContext) in C:\Users\Jaco2701\Documents\Visual Studio Projects\Nat\Nat.Api\Static\ListHelper.cs:line 26
   at Applet.Nat.Api.Controllers.MiscController.Statics() in C:\Users\Jaco2701\Documents\Visual Studio Projects\Nat\Nat.Api\Controllers\MiscController.cs:line 54
25/09/2025 04:09:01==>Valor de Lista CUIT:0 no encontrado
   at Applet.Nat.Api.Static.ListHelper.GetValue(String vivcodType, String vivcodId, NatContext vioContext) in C:\Users\Jaco2701\Documents\Visual Studio Projects\Nat\Nat.Api\Static\ListHelper.cs:line 26
   at Applet.Nat.Api.Controllers.MiscController.Statics() in C:\Users\Jaco2701\Documents\Visual Studio Projects\Nat\Nat.Api\Controllers\MiscController.cs:line 64
25/09/2025 04:09:01==>Valor de Lista CUIT:0 no encontrado
   at Applet.Nat.Api.Static.ListHelper.GetValue(String vivcodType, String vivcodId, NatContext vioContext) in C:\Users\Jaco2701\Documents\Visual Studio Projects\Nat\Nat.Api\Static\ListHelper.cs:line 26
   at Applet.Nat.Api.Controllers.MiscController.Statics() in C:\Users\Jaco2701\Documents\Visual Studio Projects\Nat\Nat.Api\Controllers\MiscController.cs:line 44
25/09/2025 04:09:01==>Valor de Lista CUIT:0 no encontrado
   at Applet.Nat.Api.Static.ListHelper.GetValue(String vivcodType, String vivcodId, NatContext vioContext) in C:\Users\Jaco2701\Documents\Visual Studio Projects\Nat\Nat.Api\Static\ListHelper.cs:line 26
   at Applet.Nat.Api.Controllers.MiscController.Statics() in C:\Users\Jaco2701\Documents\Visual Studio Projects\Nat\Nat.Api\Controllers\MiscController.cs:line 54
25/09/2025 04:09:01==>Valor de Lista CUIT:0 no encontrado
   at Applet.Nat.Api.Static.ListHelper.GetValue(String vivcodType, String vivcodId, NatContext vioContext) in C:\Users\Jaco2701\Documents\Visual Studio Projects\Nat\Nat.Api\Static\ListHelper.cs:line 26
   at Applet.Nat.Api.Controllers.MiscController.Statics() in C:\Users\Jaco2701\Documents\Visual Studio Projects\Nat\Nat.Api\Controllers\MiscController.cs:line 64
25/09/2025 04:09:01==>Valor de Lista CUIT:0 no encontrado
   at Applet.Nat.Api.Static.ListHelper.GetValue(String vivcodType, String vivcodId, NatContext vioContext) in C:\Users\Jaco2701\Documents\Visual Studio Projects\Nat\Nat.Api\Static\ListHelper.cs:line 26
   at Applet.Nat.Api.Controllers.MiscController.Statics() in C:\Users\Jaco2701\Documents\Visual Studio Projects\Nat\Nat.Api\Controllers\MiscController.cs:line 44
25/09/2025 04:09:01==>Valor de Lista CUIT:0 no encontrado
   at Applet.Nat.Api.Static.ListHelper.GetValue(String vivcodType, String vivcodId, NatContext vioContext) in C:\Users\Jaco2701\Documents\Visual Studio Projects\Nat\Nat.Api\Static\ListHelper.cs:line 26
   at Applet.Nat.Api.Controllers.MiscController.Statics() in C:\Users\Jaco2701\Documents\Visual Studio Projects\Nat\Nat.Api\Controllers\MiscController.cs:line 54
25/09/2025 04:09:01==>Valor de Lista CUIT:0 no encontrado
   at Applet.Nat.Api.Static.ListHelper.GetValue(String vivcodType, String vivcodId, NatContext vioContext) in C:\Users\Jaco2701\Documents\Visual Studio Projects\Nat\Nat.Api\Static\ListHelper.cs:line 26
   at Applet.Nat.Api.Controllers.MiscController.Statics() in C:\Users\Jaco2701\Documents\Visual Studio Projects\Nat\Nat.Api\Controllers\MiscController.cs:line 64
25/09/2025 04:09:03==>Insufficient memory to continue the execution of the program.
   at System.Text.StringBuilder.ExpandByABlock(Int32 minBlockCharCount)
   at System.Text.StringBuilder.AppendWithExpansion(Char& value, Int32 valueCount)
   at System.Text.StringBuilder.Append(Char[] value, Int32 startIndex, Int32 charCount)
   at System.IO.StreamReader.ReadToEnd()
   at System.IO.File.ReadAllText(String path, Encoding encoding)
   at Applet.Nat.Api.Static.Queue.BuildTaskUpLoad(IConfiguration vioConfiguration) in C:\Users\Jaco2701\Documents\Visual Studio Projects\Nat\Nat.Api\Static\Queue.cs:line 206
25/09/2025 04:09:33==>Insufficient memory to continue the execution of the program.
   at System.Text.StringBuilder.ExpandByABlock(Int32 minBlockCharCount)
   at System.Text.StringBuilder.AppendWithExpansion(Char& value, Int32 valueCount)
   at System.Text.StringBuilder.Append(Char[] value, Int32 startIndex, Int32 charCount)
   at System.IO.StreamReader.ReadToEnd()
   at System.IO.File.ReadAllText(String path, Encoding encoding)
   at Applet.Nat.Api.Static.Queue.BuildTaskUpLoad(IConfiguration vioConfiguration) in C:\Users\Jaco2701\Documents\Visual Studio Projects\Nat\Nat.Api\Static\Queue.cs:line 206
25/09/2025 04:10:04==>Insufficient memory to continue the execution of the program.
   at System.Text.StringBuilder.ExpandByABlock(Int32 minBlockCharCount)
   at System.Text.StringBuilder.AppendWithExpansion(Char& value, Int32 valueCount)
   at System.Text.StringBuilder.Append(Char[] value, Int32 startIndex, Int32 charCount)
   at System.IO.StreamReader.ReadToEnd()
   at System.IO.File.ReadAllText(String path, Encoding encoding)
   at Applet.Nat.Api.Static.Queue.BuildTaskUpLoad(IConfiguration vioConfiguration) in C:\Users\Jaco2701\Documents\Visual Studio Projects\Nat\Nat.Api\Static\Queue.cs:line 206
25/09/2025 04:10:33==>Insufficient memory to continue the execution of the program.
   at System.Text.StringBuilder.ExpandByABlock(Int32 minBlockCharCount)
   at System.Text.StringBuilder.AppendWithExpansion(Char& value, Int32 valueCount)
   at System.Text.StringBuilder.Append(Char[] value, Int32 startIndex, Int32 charCount)
   at System.IO.StreamReader.ReadToEnd()
   at System.IO.File.ReadAllText(String path, Encoding encoding)
   at Applet.Nat.Api.Static.Queue.BuildTaskUpLoad(IConfiguration vioConfiguration) in C:\Users\Jaco2701\Documents\Visual Studio Projects\Nat\Nat.Api\Static\Queue.cs:line 206
25/09/2025 04:11:03==>Insufficient memory to continue the execution of the program.
   at System.Text.StringBuilder.ExpandByABlock(Int32 minBlockCharCount)
   at System.Text.StringBuilder.AppendWithExpansion(Char& value, Int32 valueCount)
   at System.Text.StringBuilder.Append(Char[] value, Int32 startIndex, Int32 charCount)
   at System.IO.StreamReader.ReadToEnd()
   at System.IO.File.ReadAllText(String path, Encoding encoding)
   at Applet.Nat.Api.Static.Queue.BuildTaskUpLoad(IConfiguration vioConfiguration) in C:\Users\Jaco2701\Documents\Visual Studio Projects\Nat\Nat.Api\Static\Queue.cs:line 206
25/09/2025 04:11:23==>ivdblImporteOtrosTributos identificador de propiedad invalido (****XXXX:N,N)
coIvas.ivnroTipo identificador de propiedad invalido (****XXXX:N,N)

   at Applet.Nat.Api.Br.Models.InDocumentTXT.ToDocumentUser() in C:\Users\Jaco2701\Documents\Visual Studio Projects\Nat\Nat.Api\Models\BR\InDocumentTXT.cs:line 1501
25/09/2025 04:11:33==>Insufficient memory to continue the execution of the program.
   at System.Text.StringBuilder.ExpandByABlock(Int32 minBlockCharCount)
   at System.Text.StringBuilder.AppendWithExpansion(Char& value, Int32 valueCount)
   at System.Text.StringBuilder.Append(Char[] value, Int32 startIndex, Int32 charCount)
   at System.IO.StreamReader.ReadToEnd()
   at System.IO.File.ReadAllText(String path, Encoding encoding)
   at Applet.Nat.Api.Static.Queue.BuildTaskUpLoad(IConfiguration vioConfiguration) in C:\Users\Jaco2701\Documents\Visual Studio Projects\Nat\Nat.Api\Static\Queue.cs:line 206
25/09/2025 04:12:02==>Insufficient memory to continue the execution of the program.
   at System.Text.StringBuilder.ExpandByABlock(Int32 minBlockCharCount)
   at System.Text.StringBuilder.AppendWithExpansion(Char& value, Int32 valueCount)
   at System.Text.StringBuilder.Append(Char[] value, Int32 startIndex, Int32 charCount)
   at System.IO.StreamReader.ReadToEnd()
   at System.IO.File.ReadAllText(String path, Encoding encoding)
   at Applet.Nat.Api.Static.Queue.BuildTaskUpLoad(IConfiguration vioConfiguration) in C:\Users\Jaco2701\Documents\Visual Studio Projects\Nat\Nat.Api\Static\Queue.cs:line 206
25/09/2025 04:12:32==>Insufficient memory to continue the execution of the program.
   at System.Text.StringBuilder.ExpandByABlock(Int32 minBlockCharCount)
   at System.Text.StringBuilder.AppendWithExpansion(Char& value, Int32 valueCount)
   at System.Text.StringBuilder.Append(Char[] value, Int32 startIndex, Int32 charCount)
   at System.IO.StreamReader.ReadToEnd()
   at System.IO.File.ReadAllText(String path, Encoding encoding)
   at Applet.Nat.Api.Static.Queue.BuildTaskUpLoad(IConfiguration vioConfiguration) in C:\Users\Jaco2701\Documents\Visual Studio Projects\Nat\Nat.Api\Static\Queue.cs:line 206
25/09/2025 04:13:01==>Insufficient memory to continue the execution of the program.
   at System.Text.StringBuilder.ExpandByABlock(Int32 minBlockCharCount)
   at System.Text.StringBuilder.AppendWithExpansion(Char& value, Int32 valueCount)
   at System.Text.StringBuilder.Append(Char[] value, Int32 startIndex, Int32 charCount)
   at System.IO.StreamReader.ReadToEnd()
   at System.IO.File.ReadAllText(String path, Encoding encoding)
   at Applet.Nat.Api.Static.Queue.BuildTaskUpLoad(IConfiguration vioConfiguration) in C:\Users\Jaco2701\Documents\Visual Studio Projects\Nat\Nat.Api\Static\Queue.cs:line 206
25/09/2025 04:13:31==>Insufficient memory to continue the execution of the program.
   at System.Text.StringBuilder.ExpandByABlock(Int32 minBlockCharCount)
   at System.Text.StringBuilder.AppendWithExpansion(Char& value, Int32 valueCount)
   at System.Text.StringBuilder.Append(Char[] value, Int32 startIndex, Int32 charCount)
   at System.IO.StreamReader.ReadToEnd()
   at System.IO.File.ReadAllText(String path, Encoding encoding)
   at Applet.Nat.Api.Static.Queue.BuildTaskUpLoad(IConfiguration vioConfiguration) in C:\Users\Jaco2701\Documents\Visual Studio Projects\Nat\Nat.Api\Static\Queue.cs:line 206
25/09/2025 04:14:02==>Insufficient memory to continue the execution of the program.
   at System.Text.StringBuilder.ExpandByABlock(Int32 minBlockCharCount)
   at System.Text.StringBuilder.AppendWithExpansion(Char& value, Int32 valueCount)
   at System.Text.StringBuilder.Append(Char[] value, Int32 startIndex, Int32 charCount)
   at System.IO.StreamReader.ReadToEnd()
   at System.IO.File.ReadAllText(String path, Encoding encoding)
   at Applet.Nat.Api.Static.Queue.BuildTaskUpLoad(IConfiguration vioConfiguration) in C:\Users\Jaco2701\Documents\Visual Studio Projects\Nat\Nat.Api\Static\Queue.cs:line 206
25/09/2025 04:14:04==>ivdblImporteOtrosTributos identificador de propiedad invalido (****XXXX:N,N)
coIvas.ivnroTipo identificador de propiedad invalido (****XXXX:N,N)

   at Applet.Nat.Api.Br.Models.InDocumentTXT.ToDocumentUser() in C:\Users\Jaco2701\Documents\Visual Studio Projects\Nat\Nat.Api\Models\BR\InDocumentTXT.cs:line 1501
25/09/2025 04:14:32==>Insufficient memory to continue the execution of the program.
   at System.Text.StringBuilder.ExpandByABlock(Int32 minBlockCharCount)
   at System.Text.StringBuilder.AppendWithExpansion(Char& value, Int32 valueCount)
   at System.Text.StringBuilder.Append(Char[] value, Int32 startIndex, Int32 charCount)
   at System.IO.StreamReader.ReadToEnd()
   at System.IO.File.ReadAllText(String path, Encoding encoding)
   at Applet.Nat.Api.Static.Queue.BuildTaskUpLoad(IConfiguration vioConfiguration) in C:\Users\Jaco2701\Documents\Visual Studio Projects\Nat\Nat.Api\Static\Queue.cs:line 206
25/09/2025 04:15:02==>Insufficient memory to continue the execution of the program.
   at System.Text.StringBuilder.ExpandByABlock(Int32 minBlockCharCount)
   at System.Text.StringBuilder.AppendWithExpansion(Char& value, Int32 valueCount)
   at System.Text.StringBuilder.Append(Char[] value, Int32 startIndex, Int32 charCount)
   at System.IO.StreamReader.ReadToEnd()
   at System.IO.File.ReadAllText(String path, Encoding encoding)
   at Applet.Nat.Api.Static.Queue.BuildTaskUpLoad(IConfiguration vioConfiguration) in C:\Users\Jaco2701\Documents\Visual Studio Projects\Nat\Nat.Api\Static\Queue.cs:line 206
25/09/2025 04:15:32==>Insufficient memory to continue the execution of the program.
   at System.Text.StringBuilder.ExpandByABlock(Int32 minBlockCharCount)
   at System.Text.StringBuilder.AppendWithExpansion(Char& value, Int32 valueCount)
   at System.Text.StringBuilder.Append(Char[] value, Int32 startIndex, Int32 charCount)
   at System.IO.StreamReader.ReadToEnd()
   at System.IO.File.ReadAllText(String path, Encoding encoding)
   at Applet.Nat.Api.Static.Queue.BuildTaskUpLoad(IConfiguration vioConfiguration) in C:\Users\Jaco2701\Documents\Visual Studio Projects\Nat\Nat.Api\Static\Queue.cs:line 206
25/09/2025 04:16:01==>Insufficient memory to continue the execution of the program.
   at System.Text.StringBuilder.ExpandByABlock(Int32 minBlockCharCount)
   at System.Text.StringBuilder.AppendWithExpansion(Char& value, Int32 valueCount)
   at System.Text.StringBuilder.Append(Char[] value, Int32 startIndex, Int32 charCount)
   at System.IO.StreamReader.ReadToEnd()
   at System.IO.File.ReadAllText(String path, Encoding encoding)
   at Applet.Nat.Api.Static.Queue.BuildTaskUpLoad(IConfiguration vioConfiguration) in C:\Users\Jaco2701\Documents\Visual Studio Projects\Nat\Nat.Api\Static\Queue.cs:line 206
25/09/2025 04:16:32==>Insufficient memory to continue the execution of the program.
   at System.Text.StringBuilder.ExpandByABlock(Int32 minBlockCharCount)
   at System.Text.StringBuilder.AppendWithExpansion(Char& value, Int32 valueCount)
   at System.Text.StringBuilder.Append(Char[] value, Int32 startIndex, Int32 charCount)
   at System.IO.StreamReader.ReadToEnd()
   at System.IO.File.ReadAllText(String path, Encoding encoding)
   at Applet.Nat.Api.Static.Queue.BuildTaskUpLoad(IConfiguration vioConfiguration) in C:\Users\Jaco2701\Documents\Visual Studio Projects\Nat\Nat.Api\Static\Queue.cs:line 206
25/09/2025 04:17:01==>Insufficient memory to continue the execution of the program.
   at System.Text.StringBuilder.ExpandByABlock(Int32 minBlockCharCount)
   at System.Text.StringBuilder.AppendWithExpansion(Char& value, Int32 valueCount)
   at System.Text.StringBuilder.Append(Char[] value, Int32 startIndex, Int32 charCount)
   at System.IO.StreamReader.ReadToEnd()
   at System.IO.File.ReadAllText(String path, Encoding encoding)
   at Applet.Nat.Api.Static.Queue.BuildTaskUpLoad(IConfiguration vioConfiguration) in C:\Users\Jaco2701\Documents\Visual Studio Projects\Nat\Nat.Api\Static\Queue.cs:line 206
25/09/2025 04:17:30==>Insufficient memory to continue the execution of the program.
   at System.Text.StringBuilder.ExpandByABlock(Int32 minBlockCharCount)
   at System.Text.StringBuilder.AppendWithExpansion(Char& value, Int32 valueCount)
   at System.Text.StringBuilder.Append(Char[] value, Int32 startIndex, Int32 charCount)
   at System.IO.StreamReader.ReadToEnd()
   at System.IO.File.ReadAllText(String path, Encoding encoding)
   at Applet.Nat.Api.Static.Queue.BuildTaskUpLoad(IConfiguration vioConfiguration) in C:\Users\Jaco2701\Documents\Visual Studio Projects\Nat\Nat.Api\Static\Queue.cs:line 206
25/09/2025 04:18:00==>Insufficient memory to continue the execution of the program.
   at System.Text.StringBuilder.ExpandByABlock(Int32 minBlockCharCount)
   at System.Text.StringBuilder.AppendWithExpansion(Char& value, Int32 valueCount)
   at System.Text.StringBuilder.Append(Char[] value, Int32 startIndex, Int32 charCount)
   at System.IO.StreamReader.ReadToEnd()
   at System.IO.File.ReadAllText(String path, Encoding encoding)
   at Applet.Nat.Api.Static.Queue.BuildTaskUpLoad(IConfiguration vioConfiguration) in C:\Users\Jaco2701\Documents\Visual Studio Projects\Nat\Nat.Api\Static\Queue.cs:line 206
25/09/2025 04:18:14==>ivdblImporteOtrosTributos identificador de propiedad invalido (****XXXX:N,N)
coIvas.ivnroTipo identificador de propiedad invalido (****XXXX:N,N)

   at Applet.Nat.Api.Br.Models.InDocumentTXT.ToDocumentUser() in C:\Users\Jaco2701\Documents\Visual Studio Projects\Nat\Nat.Api\Models\BR\InDocumentTXT.cs:line 1501
25/09/2025 04:18:30==>Insufficient memory to continue the execution of the program.
   at System.Text.StringBuilder.ExpandByABlock(Int32 minBlockCharCount)
   at System.Text.StringBuilder.AppendWithExpansion(Char& value, Int32 valueCount)
   at System.Text.StringBuilder.Append(Char[] value, Int32 startIndex, Int32 charCount)
   at System.IO.StreamReader.ReadToEnd()
   at System.IO.File.ReadAllText(String path, Encoding encoding)
   at Applet.Nat.Api.Static.Queue.BuildTaskUpLoad(IConfiguration vioConfiguration) in C:\Users\Jaco2701\Documents\Visual Studio Projects\Nat\Nat.Api\Static\Queue.cs:line 206
25/09/2025 04:18:59==>Insufficient memory to continue the execution of the program.
   at System.Text.StringBuilder.ExpandByABlock(Int32 minBlockCharCount)
   at System.Text.StringBuilder.AppendWithExpansion(Char& value, Int32 valueCount)
   at System.Text.StringBuilder.Append(Char[] value, Int32 startIndex, Int32 charCount)
   at System.IO.StreamReader.ReadToEnd()
   at System.IO.File.ReadAllText(String path, Encoding encoding)
   at Applet.Nat.Api.Static.Queue.BuildTaskUpLoad(IConfiguration vioConfiguration) in C:\Users\Jaco2701\Documents\Visual Studio Projects\Nat\Nat.Api\Static\Queue.cs:line 206
25/09/2025 04:19:29==>Insufficient memory to continue the execution of the program.
   at System.Text.StringBuilder.ExpandByABlock(Int32 minBlockCharCount)
   at System.Text.StringBuilder.AppendWithExpansion(Char& value, Int32 valueCount)
   at System.Text.StringBuilder.Append(Char[] value, Int32 startIndex, Int32 charCount)
   at System.IO.StreamReader.ReadToEnd()
   at System.IO.File.ReadAllText(String path, Encoding encoding)
   at Applet.Nat.Api.Static.Queue.BuildTaskUpLoad(IConfiguration vioConfiguration) in C:\Users\Jaco2701\Documents\Visual Studio Projects\Nat\Nat.Api\Static\Queue.cs:line 206
25/09/2025 04:20:00==>Insufficient memory to continue the execution of the program.
   at System.Text.StringBuilder.ExpandByABlock(Int32 minBlockCharCount)
   at System.Text.StringBuilder.AppendWithExpansion(Char& value, Int32 valueCount)
   at System.Text.StringBuilder.Append(Char[] value, Int32 startIndex, Int32 charCount)
   at System.IO.StreamReader.ReadToEnd()
   at System.IO.File.ReadAllText(String path, Encoding encoding)
   at Applet.Nat.Api.Static.Queue.BuildTaskUpLoad(IConfiguration vioConfiguration) in C:\Users\Jaco2701\Documents\Visual Studio Projects\Nat\Nat.Api\Static\Queue.cs:line 206
25/09/2025 04:20:15==>ivdblImporteOtrosTributos identificador de propiedad invalido (****XXXX:N,N)
coIvas.ivnroTipo identificador de propiedad invalido (****XXXX:N,N)

   at Applet.Nat.Api.Br.Models.InDocumentTXT.ToDocumentUser() in C:\Users\Jaco2701\Documents\Visual Studio Projects\Nat\Nat.Api\Models\BR\InDocumentTXT.cs:line 1501
25/09/2025 04:20:30==>Insufficient memory to continue the execution of the program.
   at System.Text.StringBuilder.ExpandByABlock(Int32 minBlockCharCount)
   at System.Text.StringBuilder.AppendWithExpansion(Char& value, Int32 valueCount)
   at System.Text.StringBuilder.Append(Char[] value, Int32 startIndex, Int32 charCount)
   at System.IO.StreamReader.ReadToEnd()
   at System.IO.File.ReadAllText(String path, Encoding encoding)
   at Applet.Nat.Api.Static.Queue.BuildTaskUpLoad(IConfiguration vioConfiguration) in C:\Users\Jaco2701\Documents\Visual Studio Projects\Nat\Nat.Api\Static\Queue.cs:line 206
25/09/2025 04:21:00==>Insufficient memory to continue the execution of the program.
   at System.Text.StringBuilder.ExpandByABlock(Int32 minBlockCharCount)
   at System.Text.StringBuilder.AppendWithExpansion(Char& value, Int32 valueCount)
   at System.Text.StringBuilder.Append(Char[] value, Int32 startIndex, Int32 charCount)
   at System.IO.StreamReader.ReadToEnd()
   at System.IO.File.ReadAllText(String path, Encoding encoding)
   at Applet.Nat.Api.Static.Queue.BuildTaskUpLoad(IConfiguration vioConfiguration) in C:\Users\Jaco2701\Documents\Visual Studio Projects\Nat\Nat.Api\Static\Queue.cs:line 206
25/09/2025 04:21:29==>Insufficient memory to continue the execution of the program.
   at System.Text.StringBuilder.ExpandByABlock(Int32 minBlockCharCount)
   at System.Text.StringBuilder.AppendWithExpansion(Char& value, Int32 valueCount)
   at System.Text.StringBuilder.Append(Char[] value, Int32 startIndex, Int32 charCount)
   at System.IO.StreamReader.ReadToEnd()
   at System.IO.File.ReadAllText(String path, Encoding encoding)
   at Applet.Nat.Api.Static.Queue.BuildTaskUpLoad(IConfiguration vioConfiguration) in C:\Users\Jaco2701\Documents\Visual Studio Projects\Nat\Nat.Api\Static\Queue.cs:line 206
25/09/2025 04:24:51==>ivdblImporteOtrosTributos identificador de propiedad invalido (****XXXX:N,N)
coIvas.ivnroTipo identificador de propiedad invalido (****XXXX:N,N)

   at Applet.Nat.Api.Br.Models.InDocumentTXT.ToDocumentUser() in C:\Users\Jaco2701\Documents\Visual Studio Projects\Nat\Nat.Api\Models\BR\InDocumentTXT.cs:line 1501
25/09/2025 04:25:11==>Insufficient memory to continue the execution of the program.
   at System.Text.StringBuilder.ExpandByABlock(Int32 minBlockCharCount)
   at System.Text.StringBuilder.AppendWithExpansion(Char& value, Int32 valueCount)
   at System.Text.StringBuilder.Append(Char[] value, Int32 startIndex, Int32 charCount)
   at System.IO.StreamReader.ReadToEnd()
   at System.IO.File.ReadAllText(String path, Encoding encoding)
   at Applet.Nat.Api.Static.Queue.BuildTaskUpLoad(IConfiguration vioConfiguration) in C:\Users\Jaco2701\Documents\Visual Studio Projects\Nat\Nat.Api\Static\Queue.cs:line 206
25/09/2025 04:25:41==>Insufficient memory to continue the execution of the program.
   at System.Text.StringBuilder.ExpandByABlock(Int32 minBlockCharCount)
   at System.Text.StringBuilder.AppendWithExpansion(Char& value, Int32 valueCount)
   at System.Text.StringBuilder.Append(Char[] value, Int32 startIndex, Int32 charCount)
   at System.IO.StreamReader.ReadToEnd()
   at System.IO.File.ReadAllText(String path, Encoding encoding)
   at Applet.Nat.Api.Static.Queue.BuildTaskUpLoad(IConfiguration vioConfiguration) in C:\Users\Jaco2701\Documents\Visual Studio Projects\Nat\Nat.Api\Static\Queue.cs:line 206
25/09/2025 04:26:16==>The archive entry was compressed using an unsupported compression method.
   at System.IO.Compression.Inflater.Inflate(FlushCode flushCode)
   at System.IO.Compression.Inflater.ReadInflateOutput(Byte* bufPtr, Int32 length, FlushCode flushCode, Int32& bytesRead)
   at System.IO.Compression.Inflater.InflateVerified(Byte* bufPtr, Int32 length)
   at System.IO.Compression.DeflateStream.CopyToStream.CopyFromSourceToDestination()
   at System.IO.Compression.DeflateStream.CopyTo(Stream destination, Int32 bufferSize)
   at Applet.Nat.Api.Static.Format.UnCompress2(String value) in C:\Users\Jaco2701\Documents\Visual Studio Projects\Nat\Nat.Api\Static\Format.cs:line 383
   at Applet.Nat.Api.Static.Format.UnCompress(String vivstr, Encoding vioEncoding) in C:\Users\Jaco2701\Documents\Visual Studio Projects\Nat\Nat.Api\Static\Format.cs:line 373
   at Applet.Nat.Api.Br.Models.InDocumentXML.ToDocumentUser() in C:\Users\Jaco2701\Documents\Visual Studio Projects\Nat\Nat.Api\Models\BR\InDocumentXML.cs:line 34
25/09/2025 04:26:19==>Insufficient memory to continue the execution of the program.
   at System.Text.StringBuilder.ExpandByABlock(Int32 minBlockCharCount)
   at System.Text.StringBuilder.AppendWithExpansion(Char& value, Int32 valueCount)
   at System.Text.StringBuilder.Append(Char[] value, Int32 startIndex, Int32 charCount)
   at System.IO.StreamReader.ReadToEnd()
   at System.IO.File.ReadAllText(String path, Encoding encoding)
   at Applet.Nat.Api.Static.Queue.BuildTaskUpLoad(IConfiguration vioConfiguration) in C:\Users\Jaco2701\Documents\Visual Studio Projects\Nat\Nat.Api\Static\Queue.cs:line 206
25/09/2025 04:26:32==>no Encontrado o con forrmato erroneo.
   at Applet.Nat.Api.Br.Models.Document.SendResponse() in C:\Users\Jaco2701\Documents\Visual Studio Projects\Nat\Nat.Api\Models\BR\Document.cs:line 291
   at Applet.Nat.Api.Br.Models.Document.Auth() in C:\Users\Jaco2701\Documents\Visual Studio Projects\Nat\Nat.Api\Models\BR\Document.cs:line 272
25/09/2025 04:26:48==>Insufficient memory to continue the execution of the program.
   at System.Text.StringBuilder.ExpandByABlock(Int32 minBlockCharCount)
   at System.Text.StringBuilder.AppendWithExpansion(Char& value, Int32 valueCount)
   at System.Text.StringBuilder.Append(Char[] value, Int32 startIndex, Int32 charCount)
   at System.IO.StreamReader.ReadToEnd()
   at System.IO.File.ReadAllText(String path, Encoding encoding)
   at Applet.Nat.Api.Static.Queue.BuildTaskUpLoad(IConfiguration vioConfiguration) in C:\Users\Jaco2701\Documents\Visual Studio Projects\Nat\Nat.Api\Static\Queue.cs:line 206
25/09/2025 04:27:21==>Insufficient memory to continue the execution of the program.
   at System.Text.StringBuilder.ExpandByABlock(Int32 minBlockCharCount)
   at System.Text.StringBuilder.AppendWithExpansion(Char& value, Int32 valueCount)
   at System.Text.StringBuilder.Append(Char[] value, Int32 startIndex, Int32 charCount)
   at System.IO.StreamReader.ReadToEnd()
   at System.IO.File.ReadAllText(String path, Encoding encoding)
   at Applet.Nat.Api.Static.Queue.BuildTaskUpLoad(IConfiguration vioConfiguration) in C:\Users\Jaco2701\Documents\Visual Studio Projects\Nat\Nat.Api\Static\Queue.cs:line 206
25/09/2025 04:27:51==>Insufficient memory to continue the execution of the program.
   at System.Text.StringBuilder.ExpandByABlock(Int32 minBlockCharCount)
   at System.Text.StringBuilder.AppendWithExpansion(Char& value, Int32 valueCount)
   at System.Text.StringBuilder.Append(Char[] value, Int32 startIndex, Int32 charCount)
   at System.IO.StreamReader.ReadToEnd()
   at System.IO.File.ReadAllText(String path, Encoding encoding)
   at Applet.Nat.Api.Static.Queue.BuildTaskUpLoad(IConfiguration vioConfiguration) in C:\Users\Jaco2701\Documents\Visual Studio Projects\Nat\Nat.Api\Static\Queue.cs:line 206
25/09/2025 04:28:21==>Insufficient memory to continue the execution of the program.
   at System.Text.StringBuilder.ExpandByABlock(Int32 minBlockCharCount)
   at System.Text.StringBuilder.AppendWithExpansion(Char& value, Int32 valueCount)
   at System.Text.StringBuilder.Append(Char[] value, Int32 startIndex, Int32 charCount)
   at System.IO.StreamReader.ReadToEnd()
   at System.IO.File.ReadAllText(String path, Encoding encoding)
   at Applet.Nat.Api.Static.Queue.BuildTaskUpLoad(IConfiguration vioConfiguration) in C:\Users\Jaco2701\Documents\Visual Studio Projects\Nat\Nat.Api\Static\Queue.cs:line 206
25/09/2025 04:28:52==>Insufficient memory to continue the execution of the program.
   at System.Text.StringBuilder.ExpandByABlock(Int32 minBlockCharCount)
   at System.Text.StringBuilder.AppendWithExpansion(Char& value, Int32 valueCount)
   at System.Text.StringBuilder.Append(Char[] value, Int32 startIndex, Int32 charCount)
   at System.IO.StreamReader.ReadToEnd()
   at System.IO.File.ReadAllText(String path, Encoding encoding)
   at Applet.Nat.Api.Static.Queue.BuildTaskUpLoad(IConfiguration vioConfiguration) in C:\Users\Jaco2701\Documents\Visual Studio Projects\Nat\Nat.Api\Static\Queue.cs:line 206
25/09/2025 04:29:22==>Insufficient memory to continue the execution of the program.
   at System.Text.StringBuilder.ExpandByABlock(Int32 minBlockCharCount)
   at System.Text.StringBuilder.AppendWithExpansion(Char& value, Int32 valueCount)
   at System.Text.StringBuilder.Append(Char[] value, Int32 startIndex, Int32 charCount)
   at System.IO.StreamReader.ReadToEnd()
   at System.IO.File.ReadAllText(String path, Encoding encoding)
   at Applet.Nat.Api.Static.Queue.BuildTaskUpLoad(IConfiguration vioConfiguration) in C:\Users\Jaco2701\Documents\Visual Studio Projects\Nat\Nat.Api\Static\Queue.cs:line 206
25/09/2025 04:29:52==>Insufficient memory to continue the execution of the program.
   at System.Text.StringBuilder.ExpandByABlock(Int32 minBlockCharCount)
   at System.Text.StringBuilder.AppendWithExpansion(Char& value, Int32 valueCount)
   at System.Text.StringBuilder.Append(Char[] value, Int32 startIndex, Int32 charCount)
   at System.IO.StreamReader.ReadToEnd()
   at System.IO.File.ReadAllText(String path, Encoding encoding)
   at Applet.Nat.Api.Static.Queue.BuildTaskUpLoad(IConfiguration vioConfiguration) in C:\Users\Jaco2701\Documents\Visual Studio Projects\Nat\Nat.Api\Static\Queue.cs:line 206
25/09/2025 04:30:23==>Insufficient memory to continue the execution of the program.
   at System.Text.StringBuilder.ExpandByABlock(Int32 minBlockCharCount)
   at System.Text.StringBuilder.AppendWithExpansion(Char& value, Int32 valueCount)
   at System.Text.StringBuilder.Append(Char[] value, Int32 startIndex, Int32 charCount)
   at System.IO.StreamReader.ReadToEnd()
   at System.IO.File.ReadAllText(String path, Encoding encoding)
   at Applet.Nat.Api.Static.Queue.BuildTaskUpLoad(IConfiguration vioConfiguration) in C:\Users\Jaco2701\Documents\Visual Studio Projects\Nat\Nat.Api\Static\Queue.cs:line 206
25/09/2025 04:30:53==>Insufficient memory to continue the execution of the program.
   at System.Text.StringBuilder.ExpandByABlock(Int32 minBlockCharCount)
   at System.Text.StringBuilder.AppendWithExpansion(Char& value, Int32 valueCount)
   at System.Text.StringBuilder.Append(Char[] value, Int32 startIndex, Int32 charCount)
   at System.IO.StreamReader.ReadToEnd()
   at System.IO.File.ReadAllText(String path, Encoding encoding)
   at Applet.Nat.Api.Static.Queue.BuildTaskUpLoad(IConfiguration vioConfiguration) in C:\Users\Jaco2701\Documents\Visual Studio Projects\Nat\Nat.Api\Static\Queue.cs:line 206
25/09/2025 04:31:07==>The archive entry was compressed using an unsupported compression method.
   at System.IO.Compression.Inflater.Inflate(FlushCode flushCode)
   at System.IO.Compression.Inflater.ReadInflateOutput(Byte* bufPtr, Int32 length, FlushCode flushCode, Int32& bytesRead)
   at System.IO.Compression.Inflater.InflateVerified(Byte* bufPtr, Int32 length)
   at System.IO.Compression.DeflateStream.CopyToStream.CopyFromSourceToDestination()
   at System.IO.Compression.DeflateStream.CopyTo(Stream destination, Int32 bufferSize)
   at Applet.Nat.Api.Static.Format.UnCompress2(String value) in C:\Users\Jaco2701\Documents\Visual Studio Projects\Nat\Nat.Api\Static\Format.cs:line 383
   at Applet.Nat.Api.Static.Format.UnCompress(String vivstr, Encoding vioEncoding) in C:\Users\Jaco2701\Documents\Visual Studio Projects\Nat\Nat.Api\Static\Format.cs:line 373
   at Applet.Nat.Api.Br.Models.InDocumentXML.ToDocumentUser() in C:\Users\Jaco2701\Documents\Visual Studio Projects\Nat\Nat.Api\Models\BR\InDocumentXML.cs:line 34
25/09/2025 04:31:23==>Insufficient memory to continue the execution of the program.
   at System.Text.StringBuilder.ExpandByABlock(Int32 minBlockCharCount)
   at System.Text.StringBuilder.AppendWithExpansion(Char& value, Int32 valueCount)
   at System.Text.StringBuilder.Append(Char[] value, Int32 startIndex, Int32 charCount)
   at System.IO.StreamReader.ReadToEnd()
   at System.IO.File.ReadAllText(String path, Encoding encoding)
   at Applet.Nat.Api.Static.Queue.BuildTaskUpLoad(IConfiguration vioConfiguration) in C:\Users\Jaco2701\Documents\Visual Studio Projects\Nat\Nat.Api\Static\Queue.cs:line 206
25/09/2025 04:31:35==>no Encontrado o con forrmato erroneo.
   at Applet.Nat.Api.Br.Models.Document.SendResponse() in C:\Users\Jaco2701\Documents\Visual Studio Projects\Nat\Nat.Api\Models\BR\Document.cs:line 291
   at Applet.Nat.Api.Br.Models.Document.Auth() in C:\Users\Jaco2701\Documents\Visual Studio Projects\Nat\Nat.Api\Models\BR\Document.cs:line 272
25/09/2025 04:31:53==>Insufficient memory to continue the execution of the program.
   at System.Text.StringBuilder.ExpandByABlock(Int32 minBlockCharCount)
   at System.Text.StringBuilder.AppendWithExpansion(Char& value, Int32 valueCount)
   at System.Text.StringBuilder.Append(Char[] value, Int32 startIndex, Int32 charCount)
   at System.IO.StreamReader.ReadToEnd()
   at System.IO.File.ReadAllText(String path, Encoding encoding)
   at Applet.Nat.Api.Static.Queue.BuildTaskUpLoad(IConfiguration vioConfiguration) in C:\Users\Jaco2701\Documents\Visual Studio Projects\Nat\Nat.Api\Static\Queue.cs:line 206
25/09/2025 04:32:03==>Correo Electronico Invalido
   at Applet.Nat.Api.Br.Models.Document.Share() in C:\Users\Jaco2701\Documents\Visual Studio Projects\Nat\Nat.Api\Models\BR\Document.cs:line 192
25/09/2025 04:32:24==>Insufficient memory to continue the execution of the program.
   at System.Text.StringBuilder.ExpandByABlock(Int32 minBlockCharCount)
   at System.Text.StringBuilder.AppendWithExpansion(Char& value, Int32 valueCount)
   at System.Text.StringBuilder.Append(Char[] value, Int32 startIndex, Int32 charCount)
   at System.IO.StreamReader.ReadToEnd()
   at System.IO.File.ReadAllText(String path, Encoding encoding)
   at Applet.Nat.Api.Static.Queue.BuildTaskUpLoad(IConfiguration vioConfiguration) in C:\Users\Jaco2701\Documents\Visual Studio Projects\Nat\Nat.Api\Static\Queue.cs:line 206
25/09/2025 04:32:54==>Insufficient memory to continue the execution of the program.
   at System.Text.StringBuilder.ExpandByABlock(Int32 minBlockCharCount)
   at System.Text.StringBuilder.AppendWithExpansion(Char& value, Int32 valueCount)
   at System.Text.StringBuilder.Append(Char[] value, Int32 startIndex, Int32 charCount)
   at System.IO.StreamReader.ReadToEnd()
   at System.IO.File.ReadAllText(String path, Encoding encoding)
   at Applet.Nat.Api.Static.Queue.BuildTaskUpLoad(IConfiguration vioConfiguration) in C:\Users\Jaco2701\Documents\Visual Studio Projects\Nat\Nat.Api\Static\Queue.cs:line 206
